CLASS	METHOD	PARAMETER	INDEX
org.mockito.internal.util.StringUtil	removeFirstLine(java.lang.String)	text	0
org.mockito.internal.util.StringUtil	join(java.lang.String,java.lang.String,java.util.Collection)	lines	2
org.mockito.internal.util.StringUtil	join(java.lang.String,java.lang.String,java.util.Collection)	start	0
org.mockito.internal.util.StringUtil	join(java.lang.String,java.lang.String,java.util.Collection)	linePrefix	1
org.mockito.internal.util.StringUtil	decamelizeMatcher(java.lang.String)	className	0
org.mockito.internal.util.StringUtil	decamelizeClassName(java.lang.String)	className	0
org.mockito.MockitoAnnotations	openMocks(java.lang.Object)	testClass	0
org.mockito.internal.matchers.LocalizedMatcher	LocalizedMatcher(org.mockito.ArgumentMatcher)	matcher	0
org.mockito.internal.invocation.MatcherApplicationStrategy	MatcherApplicationStrategy(org.mockito.invocation.Invocation,java.util.List,org.mockito.internal.invocation.MatcherApplicationStrategy.MatcherApplicationType)	matchingType	2
org.mockito.internal.invocation.MatcherApplicationStrategy	MatcherApplicationStrategy(org.mockito.invocation.Invocation,java.util.List,org.mockito.internal.invocation.MatcherApplicationStrategy.MatcherApplicationType)	invocation	0
org.mockito.internal.invocation.MatcherApplicationStrategy	MatcherApplicationStrategy(org.mockito.invocation.Invocation,java.util.List,org.mockito.internal.invocation.MatcherApplicationStrategy.MatcherApplicationType)	matchers	1
org.mockito.internal.invocation.MatcherApplicationStrategy	getMatcherApplicationStrategyFor(org.mockito.invocation.Invocation,java.util.List)	invocation	0
org.mockito.internal.invocation.MatcherApplicationStrategy	getMatcherApplicationStrategyFor(org.mockito.invocation.Invocation,java.util.List)	matchers	1
org.mockito.internal.invocation.MatcherApplicationStrategy	forEachMatcherAndArgument(org.mockito.internal.invocation.ArgumentMatcherAction)	action	0
org.mockito.internal.invocation.MatcherApplicationStrategy	getMatcherApplicationType(org.mockito.invocation.Invocation,java.util.List)	invocation	0
org.mockito.internal.invocation.MatcherApplicationStrategy	getMatcherApplicationType(org.mockito.invocation.Invocation,java.util.List)	matchers	1
org.mockito.internal.invocation.MatcherApplicationStrategy	appendLastMatcherNTimes(java.util.List,int)	timesToAppendLastMatcher	1
org.mockito.internal.invocation.MatcherApplicationStrategy	appendLastMatcherNTimes(java.util.List,int)	matchers	0
org.mockito.internal.invocation.MatcherApplicationStrategy	varargLength(org.mockito.invocation.Invocation)	invocation	0
org.mockito.internal.invocation.MatcherApplicationStrategy	lastMatcher(java.util.List)	matchers	0
org.mockito.internal.invocation.TypeSafeMatching	apply(org.mockito.ArgumentMatcher,java.lang.Object)	matcher	0
org.mockito.internal.invocation.TypeSafeMatching	isCompatible(org.mockito.ArgumentMatcher,java.lang.Object)	argument	1
org.mockito.internal.invocation.TypeSafeMatching	getArgumentType(org.mockito.ArgumentMatcher)	argumentMatcher	0
org.mockito.internal.invocation.TypeSafeMatching	isMatchesMethod(java.lang.reflect.Method)	method	0
org.mockito.internal.invocation.InvocationMatcher	InvocationMatcher(org.mockito.invocation.Invocation,java.util.List)	invocation	0
org.mockito.internal.invocation.InvocationMatcher	InvocationMatcher(org.mockito.invocation.Invocation,java.util.List)	matchers	1
org.mockito.internal.invocation.InvocationMatcher	createFrom(java.util.List)	invocations	0
org.mockito.internal.invocation.InvocationMatcher	matches(org.mockito.invocation.Invocation)	candidate	0
org.mockito.internal.invocation.InvocationMatcher	hasSimilarMethod(org.mockito.invocation.Invocation)	candidate	0
org.mockito.internal.invocation.InvocationMatcher	hasSameMethod(org.mockito.invocation.Invocation)	candidate	0
org.mockito.internal.invocation.InvocationMatcher$1	apply(org.mockito.ArgumentMatcher,java.lang.Object)	matcher	0
org.mockito.internal.util.Primitives	primitiveTypeOf(java.lang.Class)	clazz	0
org.mockito.internal.util.Primitives	isPrimitiveOrWrapper(java.lang.Class)	type	0
org.mockito.internal.util.Primitives	defaultValue(java.lang.Class)	primitiveOrWrapperType	0
org.mockito.ArgumentCaptor	ArgumentCaptor(java.lang.Class)	clazz	0
org.mockito.ArgumentCaptor	forClass(java.lang.Class)	clazz	0
org.mockito.internal.reporting.Pluralizer	pluralize(int)	number	0
org.mockito.internal.reporting.Pluralizer	were_exactly_x_interactions(int)	x	0
org.mockito.internal.exceptions.Reporter	locationsOf(java.util.Collection)	matchers	0
org.mockito.internal.exceptions.Reporter	argumentsAreDifferent(java.lang.String,java.util.List,java.util.List)	actualLocations	2
org.mockito.internal.exceptions.Reporter	argumentsAreDifferent(java.lang.String,java.util.List,java.util.List)	wanted	0
org.mockito.internal.exceptions.Reporter	argumentsAreDifferent(java.lang.String,java.util.List,java.util.List)	actualCalls	1
org.mockito.internal.exceptions.Reporter	wantedButNotInvoked(org.mockito.invocation.DescribedInvocation,java.util.List)	invocations	1
org.mockito.internal.exceptions.Reporter	createAllLocationsMessage(java.util.List)	locations	0
org.mockito.internal.exceptions.Reporter	noInteractionsWanted(java.lang.Object,java.util.List)	invocations	1
org.mockito.internal.exceptions.Reporter	moreThanOneAnnotationNotAllowed(java.lang.String)	fieldName	0
org.mockito.internal.exceptions.Reporter	unsupportedCombinationOfAnnotations(java.lang.String,java.lang.String)	undesiredAnnotationTwo	1
org.mockito.internal.exceptions.Reporter	unsupportedCombinationOfAnnotations(java.lang.String,java.lang.String)	undesiredAnnotationOne	0
org.mockito.internal.exceptions.Reporter	cannotInitializeForSpyAnnotation(java.lang.String,java.lang.Exception)	details	1
org.mockito.internal.exceptions.Reporter	fieldInitialisationThrewException(java.lang.reflect.Field,java.lang.Throwable)	details	1
org.mockito.internal.exceptions.Reporter	methodDoesNotAcceptParameter(java.lang.String,java.lang.String)	parameter	1
org.mockito.internal.exceptions.Reporter	methodDoesNotAcceptParameter(java.lang.String,java.lang.String)	method	0
org.mockito.internal.exceptions.Reporter	requiresAtLeastOneListener(java.lang.String)	method	0
org.mockito.internal.exceptions.Reporter	invocationListenerThrewException(org.mockito.listeners.InvocationListener,java.lang.Throwable)	listenerThrowable	1
org.mockito.internal.exceptions.Reporter	cannotInjectDependency(java.lang.reflect.Field,java.lang.Object,java.lang.Exception)	details	2
org.mockito.internal.exceptions.Reporter	exceptionCauseMessageIfAvailable(java.lang.Exception)	details	0
org.mockito.internal.exceptions.Reporter	possibleArgumentTypesOf(org.mockito.invocation.InvocationOnMock)	invocation	0
org.mockito.internal.exceptions.Reporter	usingConstructorWithFancySerializable(org.mockito.mock.SerializableMode)	mode	0
org.mockito.internal.exceptions.Reporter	formatUnncessaryStubbingException(java.lang.Class,java.util.Collection)	testClass	0
org.mockito.internal.exceptions.Reporter	formatUnncessaryStubbingException(java.lang.Class,java.util.Collection)	unnecessaryStubbings	1
org.mockito.internal.exceptions.Reporter	potentialStubbingProblem(org.mockito.invocation.Invocation,java.util.Collection)	argMismatchStubbings	1
org.mockito.internal.matchers.CapturingMatcher	captureFrom(java.lang.Object)	argument	0
org.mockito.exceptions.base.MockitoException	MockitoException(java.lang.String,java.lang.Throwable)	message	0
org.mockito.exceptions.base.MockitoException	MockitoException(java.lang.String,java.lang.Throwable)	t	1
org.mockito.exceptions.base.MockitoException	MockitoException(java.lang.String)	message	0
org.mockito.exceptions.base.MockitoAssertionError	MockitoAssertionError(java.lang.String)	message	0
org.mockito.exceptions.base.MockitoAssertionError	MockitoAssertionError(org.mockito.exceptions.base.MockitoAssertionError,java.lang.String)	error	0
org.mockito.exceptions.base.MockitoAssertionError	MockitoAssertionError(org.mockito.exceptions.base.MockitoAssertionError,java.lang.String)	message	1
org.mockito.exceptions.base.MockitoAssertionError	MockitoAssertionError(java.lang.AssertionError,java.lang.String)	error	0
org.mockito.exceptions.base.MockitoAssertionError	MockitoAssertionError(java.lang.AssertionError,java.lang.String)	message	1
org.mockito.internal.reporting.Discrepancy	Discrepancy(int,int)	wantedCount	0
org.mockito.internal.reporting.Discrepancy	Discrepancy(int,int)	actualCount	1
org.mockito.ArgumentMatchers	eq(T)	value	0
org.mockito.ArgumentMatchers	same(T)	value	0
org.mockito.junit.MockitoJUnitRunner	MockitoJUnitRunner(org.mockito.internal.runners.InternalRunner)	runner	0
org.mockito.junit.MockitoJUnitRunner	filter(org.junit.runner.manipulation.Filter)	filter	0
org.mockito.junit.MockitoJUnit	testRule(java.lang.Object)	testInstance	0
org.mockito.BDDMockito$BDDOngoingStubbingImpl	BDDOngoingStubbingImpl(org.mockito.stubbing.OngoingStubbing)	ongoingStubbing	0
org.mockito.BDDMockito	then(T)	mock	0
org.mockito.BDDMockito$ThenImpl	ThenImpl(T)	mock	0
org.mockito.BDDMockito$ThenImpl	should(org.mockito.InOrder)	inOrder	0
org.mockito.BDDMockito$ThenImpl	should(org.mockito.InOrder,org.mockito.verification.VerificationMode)	inOrder	0
org.mockito.BDDMockito$BDDStubberImpl	BDDStubberImpl(org.mockito.stubbing.Stubber)	mockitoStubber	0
org.mockito.Mockito	timeout(long)	millis	0
org.mockito.Mockito	after(long)	millis	0
org.mockito.internal.handler.MockHandlerFactory	createMockHandler(org.mockito.mock.MockCreationSettings)	settings	0
org.mockito.internal.util.MockUtil	createMock(org.mockito.mock.MockCreationSettings)	settings	0
org.mockito.internal.util.MockUtil	getMockHandler(T)	mock	0
org.mockito.internal.util.MockUtil	isMock(java.lang.Object)	mock	0
org.mockito.internal.verification.VerificationModeFactory	atLeast(int)	minNumberOfInvocations	0
org.mockito.internal.verification.VerificationModeFactory	times(int)	wantedNumberOfInvocations	0
org.mockito.internal.verification.VerificationModeFactory	calls(int)	wantedNumberOfInvocations	0
org.mockito.internal.verification.VerificationModeFactory	atMost(int)	maxNumberOfInvocations	0
org.mockito.internal.verification.VerificationModeFactory	description(org.mockito.verification.VerificationMode,java.lang.String)	description	1
org.mockito.internal.verification.VerificationModeFactory	description(org.mockito.verification.VerificationMode,java.lang.String)	mode	0
org.mockito.internal.MockitoCore	mock(java.lang.Class,org.mockito.MockSettings)	settings	1
org.mockito.internal.MockitoCore	mockStatic(java.lang.Class,org.mockito.MockSettings)	settings	1
org.mockito.internal.MockitoCore	mockConstruction(java.lang.Class,java.util.function.Function,org.mockito.MockedConstruction.MockInitializer)	settingsFactory	1
org.mockito.internal.MockitoCore	verify(T,org.mockito.verification.VerificationMode)	mock	0
org.mockito.internal.MockitoCore	reset(T[])	mocks	0
org.mockito.internal.MockitoCore	clearInvocations(T[])	mocks	0
org.mockito.internal.MockitoCore	verifyNoMoreInteractions(java.lang.Object[])	mocks	0
org.mockito.internal.MockitoCore	verifyNoInteractions(java.lang.Object[])	mocks	0
org.mockito.internal.MockitoCore	verifyNoMoreInteractionsInOrder(java.util.List,org.mockito.internal.verification.api.InOrderContext)	inOrderContext	1
org.mockito.internal.MockitoCore	assertMocksNotEmpty(java.lang.Object[])	mocks	0
org.mockito.internal.MockitoCore	inOrder(java.lang.Object[])	mocks	0
org.mockito.internal.MockitoCore	stubber(org.mockito.quality.Strictness)	strictness	0
org.mockito.internal.MockitoCore	ignoreStubs(java.lang.Object[])	mocks	0
org.mockito.internal.MockitoCore	mockingDetails(java.lang.Object)	toInspect	0
org.mockito.internal.stubbing.InvocationContainerImpl	InvocationContainerImpl(org.mockito.mock.MockCreationSettings)	mockSettings	0
org.mockito.internal.stubbing.InvocationContainerImpl	setInvocationForPotentialStubbing(org.mockito.invocation.MatchableInvocation)	invocation	0
org.mockito.internal.stubbing.InvocationContainerImpl	resetInvocationForPotentialStubbing(org.mockito.invocation.MatchableInvocation)	invocationMatcher	0
org.mockito.internal.stubbing.InvocationContainerImpl	addAnswer(org.mockito.stubbing.Answer,boolean,org.mockito.quality.Strictness)	stubbingStrictness	2
org.mockito.internal.stubbing.InvocationContainerImpl	addAnswer(org.mockito.stubbing.Answer,boolean,org.mockito.quality.Strictness)	isConsecutive	1
org.mockito.internal.stubbing.InvocationContainerImpl	addAnswer(org.mockito.stubbing.Answer,boolean,org.mockito.quality.Strictness)	answer	0
org.mockito.internal.stubbing.InvocationContainerImpl	findAnswerFor(org.mockito.invocation.Invocation)	invocation	0
org.mockito.internal.stubbing.InvocationContainerImpl	setMethodForStubbing(org.mockito.invocation.MatchableInvocation)	invocation	0
org.mockito.internal.stubbing.InvocationContainerImpl	createRegisteredInvocations(org.mockito.mock.MockCreationSettings)	mockSettings	0
org.mockito.internal.stubbing.StubbedInvocationMatcher	StubbedInvocationMatcher(org.mockito.stubbing.Answer,org.mockito.invocation.MatchableInvocation,org.mockito.quality.Strictness)	answer	0
org.mockito.internal.stubbing.StubbedInvocationMatcher	StubbedInvocationMatcher(org.mockito.stubbing.Answer,org.mockito.invocation.MatchableInvocation,org.mockito.quality.Strictness)	strictness	2
org.mockito.internal.stubbing.StubbedInvocationMatcher	addAnswer(org.mockito.stubbing.Answer)	answer	0
org.mockito.internal.stubbing.StubbedInvocationMatcher	markStubUsed(org.mockito.invocation.DescribedInvocation)	usedAt	0
org.mockito.internal.stubbing.DoAnswerStyleStubbing	setAnswers(java.util.List,org.mockito.quality.Strictness)	stubbingStrictness	1
org.mockito.internal.stubbing.DoAnswerStyleStubbing	setAnswers(java.util.List,org.mockito.quality.Strictness)	answers	0
org.mockito.internal.util.collections.ListUtil	filter(java.util.Collection,org.mockito.internal.util.collections.ListUtil.Filter)	collection	0
org.mockito.internal.util.collections.ListUtil	filter(java.util.Collection,org.mockito.internal.util.collections.ListUtil.Filter)	filter	1
org.mockito.internal.util.collections.ListUtil	convert(java.util.Collection,org.mockito.internal.util.collections.ListUtil.Converter)	collection	0
org.mockito.internal.util.collections.ListUtil	convert(java.util.Collection,org.mockito.internal.util.collections.ListUtil.Converter)	converter	1
org.mockito.internal.invocation.InvocationsFinder	findMatchingChunk(java.util.List,org.mockito.invocation.MatchableInvocation,int,org.mockito.internal.verification.api.InOrderContext)	wantedCount	2
org.mockito.internal.invocation.InvocationsFinder	getFirstMatchingChunk(org.mockito.invocation.MatchableInvocation,java.util.List)	wanted	0
org.mockito.internal.invocation.InvocationsFinder	getFirstMatchingChunk(org.mockito.invocation.MatchableInvocation,java.util.List)	unverified	1
org.mockito.internal.invocation.InvocationsFinder	findFirstMatchingUnverifiedInvocation(java.util.List,org.mockito.invocation.MatchableInvocation,org.mockito.internal.verification.api.InOrderContext)	wanted	1
org.mockito.internal.invocation.InvocationsFinder	findSimilarInvocation(java.util.List,org.mockito.invocation.MatchableInvocation)	wanted	1
org.mockito.internal.invocation.InvocationsFinder	findSimilarInvocation(java.util.List,org.mockito.invocation.MatchableInvocation)	invocations	0
org.mockito.internal.invocation.InvocationsFinder	findFirstUnverified(java.util.List,java.lang.Object)	invocations	0
org.mockito.internal.invocation.InvocationsFinder	findFirstUnverified(java.util.List,java.lang.Object)	mock	1
org.mockito.internal.invocation.InvocationsFinder	getLastLocation(java.util.List)	invocations	0
org.mockito.internal.invocation.InvocationsFinder	removeVerifiedInOrder(java.util.List,org.mockito.internal.verification.api.InOrderContext)	orderingContext	1
org.mockito.internal.invocation.InvocationsFinder	removeVerifiedInOrder(java.util.List,org.mockito.internal.verification.api.InOrderContext)	invocations	0
org.mockito.internal.invocation.InvocationsFinder	getAllLocations(java.util.List)	invocations	0
org.mockito.internal.invocation.InvocationsFinder$RemoveNotMatching	RemoveNotMatching(org.mockito.invocation.MatchableInvocation)	wanted	0
org.mockito.internal.invocation.InvocationsFinder$RemoveUnverifiedInOrder	RemoveUnverifiedInOrder(org.mockito.internal.verification.api.InOrderContext)	orderingContext	0
org.mockito.internal.invocation.InvocationsFinder	findFirstUnverifiedInOrder(org.mockito.internal.verification.api.InOrderContext,java.util.List)	orderedInvocations	1
org.mockito.internal.invocation.InvocationsFinder	findFirstUnverifiedInOrder(org.mockito.internal.verification.api.InOrderContext,java.util.List)	context	0
org.mockito.internal.verification.argumentmatching.ArgumentMatchingTool	getSuspiciouslyNotMatchingArgsIndexes(java.util.List,java.lang.Object[])	arguments	1
org.mockito.internal.verification.argumentmatching.ArgumentMatchingTool	getSuspiciouslyNotMatchingArgsIndexes(java.util.List,java.lang.Object[])	matchers	0
org.mockito.internal.verification.argumentmatching.ArgumentMatchingTool	safelyMatches(org.mockito.ArgumentMatcher,java.lang.Object)	m	0
org.mockito.internal.verification.argumentmatching.ArgumentMatchingTool	toStringEquals(org.mockito.ArgumentMatcher,java.lang.Object)	arg	1
org.mockito.internal.verification.argumentmatching.ArgumentMatchingTool	toStringEquals(org.mockito.ArgumentMatcher,java.lang.Object)	m	0
org.mockito.internal.verification.checkers.MissingInvocationChecker	checkMissingInvocation(java.util.List,org.mockito.invocation.MatchableInvocation)	wanted	1
org.mockito.internal.verification.checkers.MissingInvocationChecker	checkMissingInvocation(java.util.List,org.mockito.invocation.MatchableInvocation)	invocations	0
org.mockito.internal.verification.checkers.MissingInvocationChecker$1	convert(org.mockito.invocation.Invocation)	invocation	0
org.mockito.internal.invocation.InvocationMarker	markVerified(java.util.List,org.mockito.invocation.MatchableInvocation)	invocations	0
org.mockito.internal.invocation.InvocationMarker	markVerified(org.mockito.invocation.Invocation,org.mockito.invocation.MatchableInvocation)	wanted	1
org.mockito.internal.invocation.InvocationMarker	markVerified(org.mockito.invocation.Invocation,org.mockito.invocation.MatchableInvocation)	invocation	0
org.mockito.internal.invocation.InvocationMarker	markVerifiedInOrder(java.util.List,org.mockito.invocation.MatchableInvocation,org.mockito.internal.verification.api.InOrderContext)	chunk	0
org.mockito.internal.invocation.InvocationMarker	markVerifiedInOrder(java.util.List,org.mockito.invocation.MatchableInvocation,org.mockito.internal.verification.api.InOrderContext)	context	2
org.mockito.internal.verification.checkers.NumberOfInvocationsChecker	checkNumberOfInvocations(java.util.List,org.mockito.invocation.MatchableInvocation,int)	wantedCount	2
org.mockito.internal.verification.checkers.NumberOfInvocationsChecker	checkNumberOfInvocations(java.util.List,org.mockito.invocation.MatchableInvocation,int,org.mockito.internal.verification.api.InOrderContext)	wantedCount	2
org.mockito.internal.verification.checkers.NumberOfInvocationsChecker	checkNumberOfInvocationsNonGreedy(java.util.List,org.mockito.invocation.MatchableInvocation,int,org.mockito.internal.verification.api.InOrderContext)	wantedCount	2
org.mockito.internal.verification.checkers.NumberOfInvocationsChecker	checkNumberOfInvocationsNonGreedy(java.util.List,org.mockito.invocation.MatchableInvocation,int,org.mockito.internal.verification.api.InOrderContext)	context	3
org.mockito.internal.verification.Times	Times(int)	wantedNumberOfInvocations	0
org.mockito.internal.verification.Times	verify(org.mockito.internal.verification.api.VerificationData)	data	0
org.mockito.internal.verification.Times	verifyInOrder(org.mockito.internal.verification.api.VerificationDataInOrder)	data	0
org.mockito.internal.verification.Calls	Calls(int)	wantedNumberOfInvocations	0
org.mockito.internal.verification.Calls	verifyInOrder(org.mockito.internal.verification.api.VerificationDataInOrder)	data	0
org.mockito.internal.verification.NoMoreInteractions	verifyInOrder(org.mockito.internal.verification.api.VerificationDataInOrder)	data	0
org.mockito.internal.verification.NoInteractions	verify(org.mockito.internal.verification.api.VerificationData)	data	0
org.mockito.internal.verification.VerificationWrapper	VerificationWrapper(WrapperType)	wrappedVerification	0
org.mockito.internal.verification.VerificationOverTimeImpl	VerificationOverTimeImpl(long,org.mockito.verification.VerificationMode,boolean,org.mockito.internal.util.Timer)	returnOnSuccess	2
org.mockito.internal.verification.VerificationOverTimeImpl	VerificationOverTimeImpl(long,org.mockito.verification.VerificationMode,boolean,org.mockito.internal.util.Timer)	delegate	1
org.mockito.internal.verification.VerificationOverTimeImpl	VerificationOverTimeImpl(long,org.mockito.verification.VerificationMode,boolean,org.mockito.internal.util.Timer)	timer	3
org.mockito.internal.verification.VerificationOverTimeImpl	VerificationOverTimeImpl(long,org.mockito.verification.VerificationMode,boolean,org.mockito.internal.util.Timer)	pollingPeriodMillis	0
org.mockito.internal.verification.VerificationOverTimeImpl	handleVerifyException(java.lang.AssertionError)	e	0
org.mockito.internal.verification.VerificationOverTimeImpl	canRecoverFromFailure(org.mockito.verification.VerificationMode)	verificationMode	0
org.mockito.internal.verification.VerificationOverTimeImpl	copyWithVerificationMode(org.mockito.verification.VerificationMode)	verificationMode	0
org.mockito.internal.verification.VerificationOverTimeImpl	sleep(long)	sleep	0
org.mockito.internal.util.Timer	Timer(long)	durationMillis	0
org.mockito.internal.util.Timer	validateInput(long)	durationMillis	0
org.mockito.internal.util.reflection.GenericTypeExtractor	genericTypeOf(java.lang.Class,java.lang.Class,java.lang.Class)	targetBaseClass	1
org.mockito.internal.util.reflection.GenericTypeExtractor	genericTypeOf(java.lang.Class,java.lang.Class,java.lang.Class)	rootClass	0
org.mockito.internal.util.reflection.GenericTypeExtractor	findGenericInterface(java.lang.Class,java.lang.Class)	targetBaseInterface	1
org.mockito.internal.util.reflection.GenericTypeExtractor	findGenericInterface(java.lang.Class,java.lang.Class)	sourceClass	0
org.mockito.internal.util.reflection.GenericTypeExtractor	extractGeneric(java.lang.reflect.Type)	type	0
org.mockito.runners.ConsoleSpammingMockitoJUnitRunner	ConsoleSpammingMockitoJUnitRunner(org.mockito.plugins.MockitoLogger,org.mockito.internal.runners.InternalRunner)	logger	0
org.mockito.runners.ConsoleSpammingMockitoJUnitRunner	ConsoleSpammingMockitoJUnitRunner(org.mockito.plugins.MockitoLogger,org.mockito.internal.runners.InternalRunner)	runner	1
org.mockito.runners.ConsoleSpammingMockitoJUnitRunner	run(org.junit.runner.notification.RunNotifier)	notifier	0
org.mockito.runners.ConsoleSpammingMockitoJUnitRunner	filter(org.junit.runner.manipulation.Filter)	filter	0
org.mockito.runners.VerboseMockitoJUnitRunner	VerboseMockitoJUnitRunner(org.mockito.internal.runners.InternalRunner)	runner	0
org.mockito.runners.VerboseMockitoJUnitRunner	run(org.junit.runner.notification.RunNotifier)	notifier	0
org.mockito.runners.VerboseMockitoJUnitRunner	filter(org.junit.runner.manipulation.Filter)	filter	0
org.mockito.exceptions.verification.junit.ArgumentsAreDifferent	ArgumentsAreDifferent(java.lang.String,java.lang.String,java.lang.String)	wanted	1
org.mockito.exceptions.verification.junit.ArgumentsAreDifferent	ArgumentsAreDifferent(java.lang.String,java.lang.String,java.lang.String)	message	0
org.mockito.exceptions.verification.junit.ArgumentsAreDifferent	ArgumentsAreDifferent(java.lang.String,java.lang.String,java.lang.String)	actual	2
org.mockito.exceptions.verification.opentest4j.ArgumentsAreDifferent	ArgumentsAreDifferent(java.lang.String,java.lang.String,java.lang.String)	wanted	1
org.mockito.exceptions.verification.opentest4j.ArgumentsAreDifferent	ArgumentsAreDifferent(java.lang.String,java.lang.String,java.lang.String)	message	0
org.mockito.exceptions.verification.opentest4j.ArgumentsAreDifferent	ArgumentsAreDifferent(java.lang.String,java.lang.String,java.lang.String)	actual	2
org.mockito.exceptions.base.MockitoSerializationIssue	MockitoSerializationIssue(java.lang.String,java.lang.Exception)	message	0
org.mockito.exceptions.base.MockitoSerializationIssue	MockitoSerializationIssue(java.lang.String,java.lang.Exception)	cause	1
org.mockito.exceptions.base.MockitoInitializationException	MockitoInitializationException(java.lang.String)	message	0
org.mockito.exceptions.base.MockitoInitializationException	MockitoInitializationException(java.lang.String,java.lang.Throwable)	message	0
org.mockito.exceptions.base.MockitoInitializationException	MockitoInitializationException(java.lang.String,java.lang.Throwable)	cause	1
org.mockito.internal.listeners.StubbingLookupNotifier	notifyStubbedAnswerLookup(org.mockito.invocation.Invocation,org.mockito.stubbing.Stubbing,java.util.Collection,org.mockito.internal.creation.settings.CreationSettings)	stubbingFound	1
org.mockito.internal.listeners.StubbingLookupNotifier	notifyStubbedAnswerLookup(org.mockito.invocation.Invocation,org.mockito.stubbing.Stubbing,java.util.Collection,org.mockito.internal.creation.settings.CreationSettings)	allStubbings	2
org.mockito.internal.listeners.StubbingLookupNotifier	notifyStubbedAnswerLookup(org.mockito.invocation.Invocation,org.mockito.stubbing.Stubbing,java.util.Collection,org.mockito.internal.creation.settings.CreationSettings)	creationSettings	3
org.mockito.internal.listeners.StubbingLookupNotifier	notifyStubbedAnswerLookup(org.mockito.invocation.Invocation,org.mockito.stubbing.Stubbing,java.util.Collection,org.mockito.internal.creation.settings.CreationSettings)	invocation	0
org.mockito.internal.listeners.StubbingLookupNotifier$Event	Event(org.mockito.invocation.Invocation,org.mockito.stubbing.Stubbing,java.util.Collection,org.mockito.mock.MockCreationSettings)	invocation	0
org.mockito.internal.listeners.StubbingLookupNotifier$Event	Event(org.mockito.invocation.Invocation,org.mockito.stubbing.Stubbing,java.util.Collection,org.mockito.mock.MockCreationSettings)	mockSettings	3
org.mockito.internal.listeners.StubbingLookupNotifier$Event	Event(org.mockito.invocation.Invocation,org.mockito.stubbing.Stubbing,java.util.Collection,org.mockito.mock.MockCreationSettings)	allStubbings	2
org.mockito.internal.listeners.StubbingLookupNotifier$Event	Event(org.mockito.invocation.Invocation,org.mockito.stubbing.Stubbing,java.util.Collection,org.mockito.mock.MockCreationSettings)	stubbing	1
org.mockito.internal.creation.settings.CreationSettings	CreationSettings(org.mockito.internal.creation.settings.CreationSettings)	copy	0
org.mockito.internal.creation.settings.CreationSettings	setTypeToMock(java.lang.Class)	typeToMock	0
org.mockito.internal.creation.settings.CreationSettings	setExtraInterfaces(java.util.Set)	extraInterfaces	0
org.mockito.internal.creation.settings.CreationSettings	setMockName(org.mockito.mock.MockName)	mockName	0
org.mockito.internal.creation.settings.CreationSettings	setSerializableMode(org.mockito.mock.SerializableMode)	serializableMode	0
org.mockito.internal.listeners.VerificationStartedNotifier	notifyVerificationStarted(java.util.List,org.mockito.MockingDetails)	listeners	0
org.mockito.internal.listeners.VerificationStartedNotifier	notifyVerificationStarted(java.util.List,org.mockito.MockingDetails)	originalMockingDetails	1
org.mockito.internal.listeners.VerificationStartedNotifier$Event	Event(org.mockito.MockingDetails)	originalMockingDetails	0
org.mockito.internal.listeners.VerificationStartedNotifier$Event	setMock(java.lang.Object)	mock	0
org.mockito.internal.listeners.VerificationStartedNotifier	assertCompatibleTypes(java.lang.Object,org.mockito.mock.MockCreationSettings)	originalSettings	1
org.mockito.internal.listeners.VerificationStartedNotifier	assertCompatibleTypes(java.lang.Object,org.mockito.mock.MockCreationSettings)	mock	0
org.mockito.internal.stubbing.UnusedStubbingReporting	shouldBeReported(org.mockito.stubbing.Stubbing)	stubbing	0
org.mockito.internal.stubbing.ConsecutiveStubbing	ConsecutiveStubbing(org.mockito.internal.stubbing.InvocationContainerImpl)	invocationContainer	0
org.mockito.internal.stubbing.BaseStubbing	BaseStubbing(java.lang.Object)	mock	0
org.mockito.internal.stubbing.BaseStubbing	thenReturn(T,T[])	values	1
org.mockito.internal.stubbing.BaseStubbing	thenThrow(java.lang.Throwable[])	throwables	0
org.mockito.internal.stubbing.BaseStubbing	thenThrow(java.lang.Class)	throwableType	0
org.mockito.internal.stubbing.BaseStubbing	thenThrow(java.lang.Class,java.lang.Class[])	nextToBeThrown	1
org.mockito.internal.stubbing.defaultanswers.ReturnsDeepStubs	answer(org.mockito.invocation.InvocationOnMock)	invocation	0
org.mockito.internal.stubbing.defaultanswers.ReturnsDeepStubs	withSettingsUsing(org.mockito.internal.util.reflection.GenericMetadataSupport,org.mockito.mock.MockCreationSettings)	returnTypeGenericMetadata	0
org.mockito.internal.stubbing.defaultanswers.ReturnsDeepStubs	propagateSerializationSettings(org.mockito.MockSettings,org.mockito.mock.MockCreationSettings)	mockSettings	0
org.mockito.internal.stubbing.defaultanswers.ReturnsDeepStubs	returnsDeepStubsAnswerUsing(org.mockito.internal.util.reflection.GenericMetadataSupport)	returnTypeGenericMetadata	0
org.mockito.internal.stubbing.defaultanswers.ReturnsDeepStubs	recordDeepStubAnswer(java.lang.Object,org.mockito.internal.stubbing.InvocationContainerImpl)	mock	0
org.mockito.internal.stubbing.defaultanswers.ReturnsDeepStubs	recordDeepStubAnswer(java.lang.Object,org.mockito.internal.stubbing.InvocationContainerImpl)	container	1
org.mockito.internal.stubbing.defaultanswers.ReturnsDeepStubs$ReturnsDeepStubsSerializationFallback	ReturnsDeepStubsSerializationFallback(org.mockito.internal.util.reflection.GenericMetadataSupport)	returnTypeGenericMetadata	0
org.mockito.internal.stubbing.defaultanswers.ReturnsDeepStubs$DeeplyStubbedAnswer	DeeplyStubbedAnswer(java.lang.Object)	mock	0
org.mockito.internal.util.reflection.GenericMetadataSupport	registerAllTypeVariables(java.lang.reflect.Type)	classType	0
org.mockito.internal.util.reflection.GenericMetadataSupport	extractRawTypeOf(java.lang.reflect.Type)	type	0
org.mockito.internal.util.reflection.GenericMetadataSupport	registerTypeVariablesOn(java.lang.reflect.Type)	classType	0
org.mockito.internal.util.reflection.GenericMetadataSupport	registerTypeParametersOn(java.lang.reflect.TypeVariable[])	typeParameters	0
org.mockito.internal.util.reflection.GenericMetadataSupport	registerTypeVariableIfNotPresent(java.lang.reflect.TypeVariable)	typeVariable	0
org.mockito.internal.util.reflection.GenericMetadataSupport	boundsOf(java.lang.reflect.TypeVariable)	typeParameter	0
org.mockito.internal.util.reflection.GenericMetadataSupport	boundsOf(java.lang.reflect.WildcardType)	wildCard	0
org.mockito.internal.util.reflection.GenericMetadataSupport	getActualTypeArgumentFor(java.lang.reflect.TypeVariable)	typeParameter	0
org.mockito.internal.util.reflection.GenericMetadataSupport	resolveGenericReturnType(java.lang.reflect.Method)	method	0
org.mockito.internal.util.reflection.GenericMetadataSupport	resolveGenericType(java.lang.reflect.Type,java.lang.reflect.Method)	type	0
org.mockito.internal.util.reflection.GenericMetadataSupport	resolveGenericType(java.lang.reflect.Type,java.lang.reflect.Method)	method	1
org.mockito.internal.util.reflection.GenericMetadataSupport	inferFrom(java.lang.reflect.Type)	type	0
org.mockito.internal.util.reflection.GenericMetadataSupport$FromClassGenericMetadataSupport	FromClassGenericMetadataSupport(java.lang.Class)	clazz	0
org.mockito.internal.util.reflection.GenericMetadataSupport$FromParameterizedTypeGenericMetadataSupport	FromParameterizedTypeGenericMetadataSupport(java.lang.reflect.ParameterizedType)	parameterizedType	0
org.mockito.internal.util.reflection.GenericMetadataSupport$ParameterizedReturnType	ParameterizedReturnType(org.mockito.internal.util.reflection.GenericMetadataSupport,java.lang.reflect.TypeVariable[],java.lang.reflect.ParameterizedType)	source	0
org.mockito.internal.util.reflection.GenericMetadataSupport$ParameterizedReturnType	ParameterizedReturnType(org.mockito.internal.util.reflection.GenericMetadataSupport,java.lang.reflect.TypeVariable[],java.lang.reflect.ParameterizedType)	typeParameters	1
org.mockito.internal.util.reflection.GenericMetadataSupport$ParameterizedReturnType	ParameterizedReturnType(org.mockito.internal.util.reflection.GenericMetadataSupport,java.lang.reflect.TypeVariable[],java.lang.reflect.ParameterizedType)	parameterizedType	2
org.mockito.internal.util.reflection.GenericMetadataSupport$TypeVariableReturnType	TypeVariableReturnType(org.mockito.internal.util.reflection.GenericMetadataSupport,java.lang.reflect.TypeVariable[],java.lang.reflect.TypeVariable)	typeVariable	2
org.mockito.internal.util.reflection.GenericMetadataSupport$TypeVariableReturnType	TypeVariableReturnType(org.mockito.internal.util.reflection.GenericMetadataSupport,java.lang.reflect.TypeVariable[],java.lang.reflect.TypeVariable)	typeParameters	1
org.mockito.internal.util.reflection.GenericMetadataSupport$TypeVariableReturnType	TypeVariableReturnType(org.mockito.internal.util.reflection.GenericMetadataSupport,java.lang.reflect.TypeVariable[],java.lang.reflect.TypeVariable)	source	0
org.mockito.internal.util.reflection.GenericMetadataSupport$TypeVariableReturnType	extractActualBoundedTypeOf(java.lang.reflect.Type)	type	0
org.mockito.internal.util.reflection.GenericMetadataSupport$GenericArrayReturnType	GenericArrayReturnType(org.mockito.internal.util.reflection.GenericMetadataSupport,int)	arity	1
org.mockito.internal.util.reflection.GenericMetadataSupport$GenericArrayReturnType	GenericArrayReturnType(org.mockito.internal.util.reflection.GenericMetadataSupport,int)	genericArrayType	0
org.mockito.internal.util.reflection.GenericMetadataSupport$NotGenericReturnTypeSupport	NotGenericReturnTypeSupport(org.mockito.internal.util.reflection.GenericMetadataSupport,java.lang.reflect.Type)	source	0
org.mockito.internal.util.reflection.GenericMetadataSupport$NotGenericReturnTypeSupport	NotGenericReturnTypeSupport(org.mockito.internal.util.reflection.GenericMetadataSupport,java.lang.reflect.Type)	genericReturnType	1
org.mockito.internal.util.reflection.GenericMetadataSupport$TypeVarBoundedType	TypeVarBoundedType(java.lang.reflect.TypeVariable)	typeVariable	0
org.mockito.internal.util.reflection.GenericMetadataSupport$TypeVarBoundedType	equals(java.lang.Object)	o	0
org.mockito.internal.util.reflection.GenericMetadataSupport$WildCardBoundedType	WildCardBoundedType(java.lang.reflect.WildcardType)	wildcard	0
org.mockito.internal.util.reflection.GenericMetadataSupport$WildCardBoundedType	equals(java.lang.Object)	o	0
org.mockito.internal.util.ObjectMethodsGuru	isToStringMethod(java.lang.reflect.Method)	method	0
org.mockito.internal.util.ObjectMethodsGuru	isCompareToMethod(java.lang.reflect.Method)	method	0
org.mockito.internal.stubbing.defaultanswers.ReturnsEmptyValues	answer(org.mockito.invocation.InvocationOnMock)	invocation	0
org.mockito.internal.stubbing.defaultanswers.ReturnsEmptyValues	returnValueFor(java.lang.Class)	type	0
org.mockito.internal.stubbing.defaultanswers.ReturnsSmartNulls$1	apply(java.lang.Class)	type	0
org.mockito.internal.stubbing.defaultanswers.ReturnsSmartNulls$ThrowsSmartNullPointer	ThrowsSmartNullPointer(org.mockito.invocation.InvocationOnMock,org.mockito.invocation.Location)	location	1
org.mockito.internal.stubbing.defaultanswers.ReturnsSmartNulls$ThrowsSmartNullPointer	ThrowsSmartNullPointer(org.mockito.invocation.InvocationOnMock,org.mockito.invocation.Location)	unstubbedInvocation	0
org.mockito.internal.stubbing.defaultanswers.TriesToReturnSelf	answer(org.mockito.invocation.InvocationOnMock)	invocation	0
org.mockito.internal.stubbing.defaultanswers.RetrieveGenericsForDefaultAnswers	returnTypeForMockWithCorrectGenerics(org.mockito.invocation.InvocationOnMock,org.mockito.internal.stubbing.defaultanswers.RetrieveGenericsForDefaultAnswers.AnswerCallback)	invocation	0
org.mockito.internal.stubbing.defaultanswers.RetrieveGenericsForDefaultAnswers	returnTypeForMockWithCorrectGenerics(org.mockito.invocation.InvocationOnMock,org.mockito.internal.stubbing.defaultanswers.RetrieveGenericsForDefaultAnswers.AnswerCallback)	answerCallback	1
org.mockito.internal.stubbing.defaultanswers.RetrieveGenericsForDefaultAnswers	delegateChains(java.lang.Class)	type	0
org.mockito.internal.stubbing.defaultanswers.RetrieveGenericsForDefaultAnswers	findTypeFromGenericInArguments(org.mockito.invocation.InvocationOnMock,java.lang.reflect.TypeVariable)	returnType	1
org.mockito.internal.stubbing.defaultanswers.RetrieveGenericsForDefaultAnswers	findTypeFromGenericInArguments(org.mockito.invocation.InvocationOnMock,java.lang.reflect.TypeVariable)	invocation	0
org.mockito.internal.stubbing.defaultanswers.ReturnsMocks$1	apply(java.lang.Class)	type	0
org.mockito.internal.stubbing.defaultanswers.ForwardsInvocations	ForwardsInvocations(java.lang.Object)	delegatedObject	0
org.mockito.internal.stubbing.defaultanswers.ForwardsInvocations	answer(org.mockito.invocation.InvocationOnMock)	invocation	0
org.mockito.internal.stubbing.defaultanswers.ForwardsInvocations	getDelegateMethod(java.lang.reflect.Method)	mockMethod	0
org.mockito.internal.stubbing.defaultanswers.ForwardsInvocations	compatibleReturnTypes(java.lang.Class,java.lang.Class)	subType	1
org.mockito.internal.stubbing.defaultanswers.ForwardsInvocations	compatibleReturnTypes(java.lang.Class,java.lang.Class)	superType	0
org.mockito.internal.stubbing.defaultanswers.ReturnsMoreEmptyValues	answer(org.mockito.invocation.InvocationOnMock)	invocation	0
org.mockito.internal.stubbing.defaultanswers.ReturnsMoreEmptyValues	returnValueFor(java.lang.Class)	type	0
org.mockito.internal.stubbing.StrictnessSelector	determineStrictness(org.mockito.stubbing.Stubbing,org.mockito.mock.MockCreationSettings,org.mockito.quality.Strictness)	mockSettings	1
org.mockito.internal.stubbing.StrictnessSelector	determineStrictness(org.mockito.stubbing.Stubbing,org.mockito.mock.MockCreationSettings,org.mockito.quality.Strictness)	stubbing	0
org.mockito.internal.stubbing.StrictnessSelector	determineStrictness(org.mockito.stubbing.Stubbing,org.mockito.mock.MockCreationSettings,org.mockito.quality.Strictness)	testLevelStrictness	2
org.mockito.internal.stubbing.OngoingStubbingImpl	OngoingStubbingImpl(org.mockito.internal.stubbing.InvocationContainerImpl)	invocationContainer	0
org.mockito.internal.stubbing.OngoingStubbingImpl	setStrictness(org.mockito.quality.Strictness)	strictness	0
org.mockito.internal.invocation.InvocationComparator	compare(org.mockito.invocation.Invocation,org.mockito.invocation.Invocation)	o2	1
org.mockito.internal.invocation.InvocationComparator	compare(org.mockito.invocation.Invocation,org.mockito.invocation.Invocation)	o1	0
org.mockito.internal.stubbing.answers.DoesNothing	validateFor(org.mockito.invocation.InvocationOnMock)	invocation	0
org.mockito.internal.stubbing.StubberImpl	StubberImpl(org.mockito.quality.Strictness)	strictness	0
org.mockito.internal.stubbing.StubberImpl	when(T)	mock	0
org.mockito.internal.stubbing.StubberImpl	doReturnValues(java.lang.Object[])	toBeReturned	0
org.mockito.internal.stubbing.StubberImpl	doThrow(java.lang.Throwable[])	toBeThrown	0
org.mockito.internal.stubbing.StubberImpl	doThrow(java.lang.Class)	toBeThrown	0
org.mockito.internal.stubbing.StubberImpl	doThrow(java.lang.Class,java.lang.Class[])	nextToBeThrown	1
org.mockito.internal.stubbing.StubberImpl	doAnswer(org.mockito.stubbing.Answer)	answer	0
org.mockito.internal.stubbing.answers.DefaultAnswerValidator	validateReturnValueFor(org.mockito.invocation.InvocationOnMock,java.lang.Object)	invocation	0
org.mockito.internal.stubbing.answers.DefaultAnswerValidator	validateReturnValueFor(org.mockito.invocation.InvocationOnMock,java.lang.Object)	returnedValue	1
org.mockito.internal.stubbing.answers.Returns	Returns(java.lang.Object)	value	0
org.mockito.internal.stubbing.answers.Returns	validateFor(org.mockito.invocation.InvocationOnMock)	invocation	0
org.mockito.Answers	Answers(org.mockito.stubbing.Answer)	implementation	0
org.mockito.internal.stubbing.answers.CallsRealMethods	answer(org.mockito.invocation.InvocationOnMock)	invocation	0
org.mockito.internal.stubbing.answers.CallsRealMethods	validateFor(org.mockito.invocation.InvocationOnMock)	invocation	0
org.mockito.internal.stubbing.answers.ReturnsArgumentAt	ReturnsArgumentAt(int)	wantedArgumentPosition	0
org.mockito.internal.stubbing.answers.ReturnsArgumentAt	answer(org.mockito.invocation.InvocationOnMock)	invocation	0
org.mockito.internal.stubbing.answers.ReturnsArgumentAt	inferWantedArgumentPosition(org.mockito.invocation.InvocationOnMock)	invocation	0
org.mockito.internal.stubbing.answers.ReturnsArgumentAt	validateArgumentTypeCompatibility(org.mockito.invocation.Invocation,int)	invocation	0
org.mockito.internal.stubbing.answers.ReturnsArgumentAt	wantedArgIndexIsVarargAndSameTypeAsReturnType(java.lang.reflect.Method,int)	argumentPosition	1
org.mockito.internal.stubbing.answers.ReturnsArgumentAt	wantedArgIndexIsVarargAndSameTypeAsReturnType(java.lang.reflect.Method,int)	method	0
org.mockito.internal.stubbing.answers.ReturnsArgumentAt	wantedArgumentPositionIsValidForInvocation(org.mockito.invocation.InvocationOnMock,int)	invocation	0
org.mockito.internal.stubbing.answers.ReturnsArgumentAt	wantedArgumentPositionIsValidForInvocation(org.mockito.invocation.InvocationOnMock,int)	argumentPosition	1
org.mockito.internal.stubbing.answers.ReturnsArgumentAt	inferArgumentType(org.mockito.invocation.Invocation,int)	argumentIndex	1
org.mockito.internal.stubbing.answers.ReturnsArgumentAt	inferArgumentType(org.mockito.invocation.Invocation,int)	invocation	0
org.mockito.internal.stubbing.answers.AnswersWithDelay	AnswersWithDelay(long,org.mockito.stubbing.Answer)	answer	1
org.mockito.internal.stubbing.answers.AnswersWithDelay	AnswersWithDelay(long,org.mockito.stubbing.Answer)	sleepyTime	0
org.mockito.internal.stubbing.answers.AbstractThrowsException	validateFor(org.mockito.invocation.InvocationOnMock)	invocation	0
org.mockito.internal.exceptions.stacktrace.ConditionalStackTraceFilter	filter(java.lang.Throwable)	throwable	0
org.mockito.internal.exceptions.stacktrace.StackTraceFilter	filter(java.lang.StackTraceElement[],boolean)	target	0
org.mockito.internal.exceptions.stacktrace.StackTraceFilter	filterFirst(java.lang.Throwable,boolean)	target	0
org.mockito.internal.exceptions.stacktrace.StackTraceFilter	filterFirst(java.lang.Throwable,boolean)	isInline	1
org.mockito.internal.exceptions.stacktrace.StackTraceFilter	findSourceFile(java.lang.StackTraceElement[],java.lang.String)	defaultValue	1
org.mockito.internal.exceptions.stacktrace.StackTraceFilter	findSourceFile(java.lang.StackTraceElement[],java.lang.String)	target	0
org.mockito.internal.stubbing.answers.ThrowsExceptionForClassType	ThrowsExceptionForClassType(java.lang.Class)	throwableClass	0
org.mockito.internal.stubbing.answers.ClonesArguments	answer(org.mockito.invocation.InvocationOnMock)	invocation	0
org.mockito.internal.stubbing.answers.AnswerFunctionalInterfaces	toAnswer(org.mockito.stubbing.Answer1)	answer	0
org.mockito.internal.stubbing.answers.AnswerFunctionalInterfaces	toAnswer(org.mockito.stubbing.VoidAnswer1)	answer	0
org.mockito.internal.stubbing.answers.AnswerFunctionalInterfaces	toAnswer(org.mockito.stubbing.Answer2)	answer	0
org.mockito.internal.stubbing.answers.AnswerFunctionalInterfaces	toAnswer(org.mockito.stubbing.VoidAnswer2)	answer	0
org.mockito.internal.stubbing.answers.AnswerFunctionalInterfaces	toAnswer(org.mockito.stubbing.Answer3)	answer	0
org.mockito.internal.stubbing.answers.AnswerFunctionalInterfaces	toAnswer(org.mockito.stubbing.VoidAnswer3)	answer	0
org.mockito.internal.stubbing.answers.AnswerFunctionalInterfaces	toAnswer(org.mockito.stubbing.Answer4)	answer	0
org.mockito.internal.stubbing.answers.AnswerFunctionalInterfaces	toAnswer(org.mockito.stubbing.VoidAnswer4)	answer	0
org.mockito.internal.stubbing.answers.AnswerFunctionalInterfaces	toAnswer(org.mockito.stubbing.Answer5)	answer	0
org.mockito.internal.stubbing.answers.AnswerFunctionalInterfaces	toAnswer(org.mockito.stubbing.VoidAnswer5)	answer	0
org.mockito.internal.stubbing.answers.AnswerFunctionalInterfaces	toAnswer(org.mockito.stubbing.Answer6)	answer	0
org.mockito.internal.stubbing.answers.AnswerFunctionalInterfaces	toAnswer(org.mockito.stubbing.VoidAnswer6)	answer	0
org.mockito.internal.stubbing.answers.ThrowsException	ThrowsException(java.lang.Throwable)	throwable	0
org.mockito.internal.stubbing.answers.InvocationInfo	InvocationInfo(org.mockito.invocation.InvocationOnMock)	theInvocation	0
org.mockito.internal.stubbing.answers.InvocationInfo	isValidException(java.lang.Throwable)	throwable	0
org.mockito.internal.stubbing.answers.InvocationInfo	isValidReturnType(java.lang.Class)	clazz	0
org.mockito.internal.stubbing.answers.ReturnsElementsOf	ReturnsElementsOf(java.util.Collection)	elements	0
org.mockito.internal.util.collections.Sets	newSet(T[])	elements	0
org.mockito.internal.creation.MockSettingsImpl	serializable(org.mockito.mock.SerializableMode)	mode	0
org.mockito.internal.creation.MockSettingsImpl	extraInterfaces(java.lang.Class[])	extraInterfaces	0
org.mockito.internal.creation.MockSettingsImpl	name(java.lang.String)	name	0
org.mockito.internal.creation.MockSettingsImpl	spiedInstance(java.lang.Object)	spiedInstance	0
org.mockito.internal.creation.MockSettingsImpl	defaultAnswer(org.mockito.stubbing.Answer)	defaultAnswer	0
org.mockito.internal.creation.MockSettingsImpl	useConstructor(java.lang.Object[])	constructorArgs	0
org.mockito.internal.creation.MockSettingsImpl	outerInstance(java.lang.Object)	outerClassInstance	0
org.mockito.internal.creation.MockSettingsImpl	addListeners(T[],java.util.List,java.lang.String)	listeners	0
org.mockito.internal.creation.MockSettingsImpl	addListeners(T[],java.util.List,java.lang.String)	container	1
org.mockito.internal.creation.MockSettingsImpl	invocationListenersContainsType(java.lang.Class)	clazz	0
org.mockito.internal.creation.MockSettingsImpl	validatedSettings(java.lang.Class,org.mockito.internal.creation.settings.CreationSettings)	source	1
org.mockito.internal.creation.MockSettingsImpl	validatedStaticSettings(java.lang.Class,org.mockito.internal.creation.settings.CreationSettings)	source	1
org.mockito.internal.creation.MockSettingsImpl	validatedStaticSettings(java.lang.Class,org.mockito.internal.creation.settings.CreationSettings)	classToMock	0
org.mockito.internal.creation.MockSettingsImpl	prepareExtraInterfaces(org.mockito.internal.creation.settings.CreationSettings)	settings	0
org.mockito.internal.creation.SuspendMethod	trimSuspendParameterTypes(java.lang.Class[])	parameterTypes	0
org.mockito.internal.creation.SuspendMethod	isContinuationType(java.lang.Class)	parameterType	0
org.mockito.internal.creation.DelegatingMethod	DelegatingMethod(java.lang.reflect.Method)	method	0
org.mockito.internal.creation.DelegatingMethod	equals(java.lang.Object)	o	0
org.mockito.internal.creation.bytebuddy.TypeCachingBytecodeGenerator	TypeCachingBytecodeGenerator(org.mockito.internal.creation.bytebuddy.BytecodeGenerator,boolean)	weak	1
org.mockito.internal.creation.bytebuddy.TypeCachingBytecodeGenerator	TypeCachingBytecodeGenerator(org.mockito.internal.creation.bytebuddy.BytecodeGenerator,boolean)	bytecodeGenerator	0
org.mockito.internal.creation.bytebuddy.TypeCachingBytecodeGenerator	mockClass(org.mockito.internal.creation.bytebuddy.MockFeatures)	params	0
org.mockito.internal.creation.bytebuddy.TypeCachingBytecodeGenerator$MockitoMockKey	MockitoMockKey(java.lang.Class,java.util.Set,org.mockito.mock.SerializableMode,boolean)	stripAnnotations	3
org.mockito.internal.creation.bytebuddy.TypeCachingBytecodeGenerator$MockitoMockKey	MockitoMockKey(java.lang.Class,java.util.Set,org.mockito.mock.SerializableMode,boolean)	type	0
org.mockito.internal.creation.bytebuddy.TypeCachingBytecodeGenerator$MockitoMockKey	MockitoMockKey(java.lang.Class,java.util.Set,org.mockito.mock.SerializableMode,boolean)	additionalType	1
org.mockito.internal.creation.bytebuddy.TypeCachingBytecodeGenerator$MockitoMockKey	MockitoMockKey(java.lang.Class,java.util.Set,org.mockito.mock.SerializableMode,boolean)	serializableMode	2
org.mockito.internal.creation.bytebuddy.TypeCachingBytecodeGenerator$MockitoMockKey	equals(java.lang.Object)	object	0
org.mockito.internal.creation.bytebuddy.MockFeatures	MockFeatures(java.lang.Class,java.util.Set,org.mockito.mock.SerializableMode,boolean)	mockedType	0
org.mockito.internal.creation.bytebuddy.MockFeatures	MockFeatures(java.lang.Class,java.util.Set,org.mockito.mock.SerializableMode,boolean)	serializableMode	2
org.mockito.internal.creation.bytebuddy.MockFeatures	MockFeatures(java.lang.Class,java.util.Set,org.mockito.mock.SerializableMode,boolean)	interfaces	1
org.mockito.internal.creation.bytebuddy.MockFeatures	MockFeatures(java.lang.Class,java.util.Set,org.mockito.mock.SerializableMode,boolean)	stripAnnotations	3
org.mockito.internal.creation.bytebuddy.MockFeatures	withMockFeatures(java.lang.Class,java.util.Set,org.mockito.mock.SerializableMode,boolean)	stripAnnotations	3
org.mockito.internal.creation.bytebuddy.MockFeatures	withMockFeatures(java.lang.Class,java.util.Set,org.mockito.mock.SerializableMode,boolean)	mockedType	0
org.mockito.internal.creation.bytebuddy.MockFeatures	withMockFeatures(java.lang.Class,java.util.Set,org.mockito.mock.SerializableMode,boolean)	serializableMode	2
org.mockito.internal.creation.bytebuddy.MockFeatures	withMockFeatures(java.lang.Class,java.util.Set,org.mockito.mock.SerializableMode,boolean)	interfaces	1
org.mockito.internal.creation.bytebuddy.ModuleHandler	make(net.bytebuddy.ByteBuddy,org.mockito.internal.creation.bytebuddy.SubclassLoader,java.util.Random)	loader	1
org.mockito.internal.creation.bytebuddy.ModuleHandler	make(net.bytebuddy.ByteBuddy,org.mockito.internal.creation.bytebuddy.SubclassLoader,java.util.Random)	random	2
org.mockito.internal.creation.bytebuddy.ModuleHandler	make(net.bytebuddy.ByteBuddy,org.mockito.internal.creation.bytebuddy.SubclassLoader,java.util.Random)	byteBuddy	0
org.mockito.internal.creation.bytebuddy.ModuleHandler$ModuleSystemFound	ModuleSystemFound(net.bytebuddy.ByteBuddy,org.mockito.internal.creation.bytebuddy.SubclassLoader,java.util.Random)	random	2
org.mockito.internal.creation.bytebuddy.ModuleHandler$ModuleSystemFound	ModuleSystemFound(net.bytebuddy.ByteBuddy,org.mockito.internal.creation.bytebuddy.SubclassLoader,java.util.Random)	loader	1
org.mockito.internal.creation.bytebuddy.ModuleHandler$ModuleSystemFound	ModuleSystemFound(net.bytebuddy.ByteBuddy,org.mockito.internal.creation.bytebuddy.SubclassLoader,java.util.Random)	byteBuddy	0
org.mockito.internal.creation.bytebuddy.ModuleHandler$ModuleSystemFound	isOpened(java.lang.Class,java.lang.Class)	source	0
org.mockito.internal.creation.bytebuddy.ModuleHandler$ModuleSystemFound	isExported(java.lang.Class)	source	0
org.mockito.internal.creation.bytebuddy.ModuleHandler$ModuleSystemFound	isExported(java.lang.Class,java.lang.Class)	source	0
org.mockito.internal.creation.bytebuddy.ModuleHandler$ModuleSystemFound	injectionBase(java.lang.ClassLoader,java.lang.String)	typeName	1
org.mockito.internal.creation.bytebuddy.ModuleHandler$ModuleSystemFound	injectionBase(java.lang.ClassLoader,java.lang.String)	classLoader	0
org.mockito.internal.creation.bytebuddy.ModuleHandler$ModuleSystemFound	adjustModuleGraph(java.lang.Class,java.lang.Class,boolean,boolean)	source	0
org.mockito.internal.creation.bytebuddy.ModuleHandler$ModuleSystemFound	adjustModuleGraph(java.lang.Class,java.lang.Class,boolean,boolean)	read	3
org.mockito.internal.creation.bytebuddy.ModuleHandler$ModuleSystemFound	adjustModuleGraph(java.lang.Class,java.lang.Class,boolean,boolean)	target	1
org.mockito.internal.creation.bytebuddy.ModuleHandler$ModuleSystemFound	adjustModuleGraph(java.lang.Class,java.lang.Class,boolean,boolean)	export	2
org.mockito.internal.creation.bytebuddy.ModuleHandler$ModuleSystemFound	invoke(java.lang.reflect.Method,java.lang.Object,java.lang.Object[])	args	2
org.mockito.internal.creation.bytebuddy.ModuleHandler$ModuleSystemFound	invoke(java.lang.reflect.Method,java.lang.Object,java.lang.Object[])	method	0
org.mockito.internal.creation.bytebuddy.ModuleHandler$ModuleSystemFound	invoke(java.lang.reflect.Method,java.lang.Object,java.lang.Object[])	target	1
org.mockito.internal.creation.bytebuddy.inject.MockMethodDispatcher	get(java.lang.String,java.lang.Object)	mock	1
org.mockito.internal.creation.bytebuddy.inject.MockMethodDispatcher	get(java.lang.String,java.lang.Object)	identifier	0
org.mockito.internal.creation.bytebuddy.inject.MockMethodDispatcher	getStatic(java.lang.String,java.lang.Class)	identifier	0
org.mockito.internal.creation.bytebuddy.inject.MockMethodDispatcher	getStatic(java.lang.String,java.lang.Class)	type	1
org.mockito.internal.creation.bytebuddy.inject.MockMethodDispatcher	set(java.lang.String,org.mockito.internal.creation.bytebuddy.inject.MockMethodDispatcher)	dispatcher	1
org.mockito.internal.creation.bytebuddy.inject.MockMethodDispatcher	set(java.lang.String,org.mockito.internal.creation.bytebuddy.inject.MockMethodDispatcher)	identifier	0
org.mockito.internal.creation.bytebuddy.inject.MockMethodDispatcher	isConstructorMock(java.lang.String,java.lang.Class)	identifier	0
org.mockito.internal.creation.bytebuddy.inject.MockMethodDispatcher	handleConstruction(java.lang.String,java.lang.Class,java.lang.Object,java.lang.Object[],java.lang.String[])	identifier	0
org.mockito.internal.creation.bytebuddy.InlineBytecodeGenerator	InlineBytecodeGenerator(java.lang.instrument.Instrumentation,org.mockito.internal.util.concurrent.WeakConcurrentMap,org.mockito.internal.util.concurrent.DetachedThreadLocal,java.util.function.Predicate,org.mockito.internal.creation.bytebuddy.ConstructionCallback)	instrumentation	0
org.mockito.internal.creation.bytebuddy.InlineBytecodeGenerator	mockClass(org.mockito.internal.creation.bytebuddy.MockFeatures)	features	0
org.mockito.internal.creation.bytebuddy.InlineBytecodeGenerator	triggerRetransformation(java.util.Set,boolean)	types	0
org.mockito.internal.creation.bytebuddy.InlineBytecodeGenerator	triggerRetransformation(java.util.Set,boolean)	flat	1
org.mockito.internal.creation.bytebuddy.InlineBytecodeGenerator	assureCanReadMockito(java.util.Set)	types	0
org.mockito.internal.creation.bytebuddy.InlineBytecodeGenerator	checkSupportedCombination(boolean,org.mockito.internal.creation.bytebuddy.MockFeatures)	subclassingRequired	0
org.mockito.internal.creation.bytebuddy.InlineBytecodeGenerator	checkSupportedCombination(boolean,org.mockito.internal.creation.bytebuddy.MockFeatures)	features	1
org.mockito.internal.creation.bytebuddy.InlineBytecodeGenerator	addInterfaces(java.util.Set,java.lang.Class[])	interfaces	1
org.mockito.internal.creation.bytebuddy.InlineBytecodeGenerator	addInterfaces(java.util.Set,java.lang.Class[])	types	0
org.mockito.internal.creation.bytebuddy.InlineBytecodeGenerator	transform(java.lang.ClassLoader,java.lang.String,java.lang.Class,java.security.ProtectionDomain,byte[])	classBeingRedefined	2
org.mockito.internal.creation.bytebuddy.InlineBytecodeGenerator	transform(java.lang.ClassLoader,java.lang.String,java.lang.Class,java.security.ProtectionDomain,byte[])	classfileBuffer	4
org.mockito.internal.creation.bytebuddy.InlineBytecodeGenerator$ParameterWritingVisitorWrapper	ParameterWritingVisitorWrapper(java.lang.Class)	type	0
org.mockito.internal.creation.bytebuddy.InlineBytecodeGenerator$ParameterWritingVisitorWrapper	wrap(net.bytebuddy.description.type.TypeDescription,net.bytebuddy.jar.asm.ClassVisitor,net.bytebuddy.implementation.Implementation.Context,net.bytebuddy.pool.TypePool,net.bytebuddy.description.field.FieldList,net.bytebuddy.description.method.MethodList,int,int)	implementationContext	2
org.mockito.internal.creation.bytebuddy.InlineBytecodeGenerator$ParameterWritingVisitorWrapper	wrap(net.bytebuddy.description.type.TypeDescription,net.bytebuddy.jar.asm.ClassVisitor,net.bytebuddy.implementation.Implementation.Context,net.bytebuddy.pool.TypePool,net.bytebuddy.description.field.FieldList,net.bytebuddy.description.method.MethodList,int,int)	classVisitor	1
org.mockito.internal.creation.bytebuddy.InlineBytecodeGenerator$ParameterWritingVisitorWrapper$ParameterAddingClassVisitor	ParameterAddingClassVisitor(net.bytebuddy.jar.asm.ClassVisitor,net.bytebuddy.description.type.TypeDescription)	cv	0
org.mockito.internal.creation.bytebuddy.InlineBytecodeGenerator$ParameterWritingVisitorWrapper$ParameterAddingClassVisitor	ParameterAddingClassVisitor(net.bytebuddy.jar.asm.ClassVisitor,net.bytebuddy.description.type.TypeDescription)	typeDescription	1
org.mockito.internal.creation.bytebuddy.InlineBytecodeGenerator$ParameterWritingVisitorWrapper$ParameterAddingClassVisitor	visitMethod(int,java.lang.String,java.lang.String,java.lang.String,java.lang.String[])	access	0
org.mockito.internal.creation.bytebuddy.InlineBytecodeGenerator$ParameterWritingVisitorWrapper$ParameterAddingClassVisitor	visitMethod(int,java.lang.String,java.lang.String,java.lang.String,java.lang.String[])	signature	3
org.mockito.internal.creation.bytebuddy.InlineBytecodeGenerator$ParameterWritingVisitorWrapper$ParameterAddingClassVisitor	visitMethod(int,java.lang.String,java.lang.String,java.lang.String,java.lang.String[])	exceptions	4
org.mockito.internal.creation.bytebuddy.InlineBytecodeGenerator$ParameterWritingVisitorWrapper$ParameterAddingClassVisitor	visitMethod(int,java.lang.String,java.lang.String,java.lang.String,java.lang.String[])	name	1
org.mockito.internal.creation.bytebuddy.InlineBytecodeGenerator$ParameterWritingVisitorWrapper$ParameterAddingClassVisitor	visitMethod(int,java.lang.String,java.lang.String,java.lang.String,java.lang.String[])	desc	2
org.mockito.internal.creation.bytebuddy.InlineBytecodeGenerator$ParameterWritingVisitorWrapper$MethodParameterStrippingMethodVisitor	MethodParameterStrippingMethodVisitor(net.bytebuddy.jar.asm.MethodVisitor)	mv	0
org.mockito.internal.util.concurrent.WeakConcurrentSet	WeakConcurrentSet(org.mockito.internal.util.concurrent.WeakConcurrentSet.Cleaner)	cleaner	0
org.mockito.internal.util.concurrent.WeakConcurrentSet$ReducingIterator	ReducingIterator(java.util.Iterator)	iterator	0
org.mockito.internal.util.concurrent.WeakConcurrentMap	WeakConcurrentMap(boolean)	cleanerThread	0
org.mockito.internal.util.concurrent.WeakConcurrentMap	get(K)	key	0
org.mockito.internal.util.concurrent.WeakConcurrentMap	containsKey(K)	key	0
org.mockito.internal.util.concurrent.WeakConcurrentMap	put(K,V)	key	0
org.mockito.internal.util.concurrent.WeakConcurrentMap	put(K,V)	value	1
org.mockito.internal.util.concurrent.WeakConcurrentMap	remove(K)	key	0
org.mockito.internal.util.concurrent.WeakConcurrentMap$WeakKey	WeakKey(T,java.lang.ref.ReferenceQueue)	key	0
org.mockito.internal.util.concurrent.WeakConcurrentMap$WeakKey	WeakKey(T,java.lang.ref.ReferenceQueue)	queue	1
org.mockito.internal.util.concurrent.WeakConcurrentMap$WeakKey	equals(java.lang.Object)	other	0
org.mockito.internal.util.concurrent.WeakConcurrentMap$LatentKey	LatentKey(T)	key	0
org.mockito.internal.util.concurrent.WeakConcurrentMap$LatentKey	equals(java.lang.Object)	other	0
org.mockito.internal.util.concurrent.WeakConcurrentMap$EntryIterator	EntryIterator(java.util.Iterator)	iterator	0
org.mockito.internal.util.concurrent.WeakConcurrentMap$SimpleEntry	SimpleEntry(K,java.util.Map.Entry)	key	0
org.mockito.internal.util.concurrent.WeakConcurrentMap$SimpleEntry	SimpleEntry(K,java.util.Map.Entry)	entry	1
org.mockito.internal.util.concurrent.WeakConcurrentMap$SimpleEntry	setValue(V)	value	0
org.mockito.internal.invocation.DefaultInvocationFactory	createInvocation(java.lang.Object,org.mockito.mock.MockCreationSettings,java.lang.reflect.Method,java.util.concurrent.Callable,java.lang.Object[])	realMethod	3
org.mockito.internal.invocation.DefaultInvocationFactory	createInvocation(java.lang.Object,org.mockito.mock.MockCreationSettings,java.lang.reflect.Method,org.mockito.invocation.InvocationFactory.RealMethodBehavior,java.lang.Object[])	realMethod	3
org.mockito.internal.invocation.DefaultInvocationFactory	createInvocation(java.lang.Object,java.lang.reflect.Method,java.lang.Object[],org.mockito.internal.invocation.RealMethod,org.mockito.mock.MockCreationSettings,org.mockito.invocation.Location)	location	5
org.mockito.internal.invocation.DefaultInvocationFactory	createInvocation(java.lang.Object,java.lang.reflect.Method,java.lang.Object[],org.mockito.internal.invocation.RealMethod,org.mockito.mock.MockCreationSettings,org.mockito.invocation.Location)	arguments	2
org.mockito.internal.invocation.DefaultInvocationFactory	createInvocation(java.lang.Object,java.lang.reflect.Method,java.lang.Object[],org.mockito.internal.invocation.RealMethod,org.mockito.mock.MockCreationSettings,org.mockito.invocation.Location)	mock	0
org.mockito.internal.invocation.DefaultInvocationFactory	createInvocation(java.lang.Object,java.lang.reflect.Method,java.lang.Object[],org.mockito.internal.invocation.RealMethod,org.mockito.mock.MockCreationSettings,org.mockito.invocation.Location)	realMethod	3
org.mockito.internal.invocation.DefaultInvocationFactory	createMockitoMethod(java.lang.reflect.Method,org.mockito.mock.MockCreationSettings)	settings	1
org.mockito.internal.invocation.DefaultInvocationFactory	createMockitoMethod(java.lang.reflect.Method,org.mockito.mock.MockCreationSettings)	method	0
org.mockito.internal.creation.bytebuddy.MockMethodInterceptor	MockMethodInterceptor(org.mockito.invocation.MockHandler,org.mockito.mock.MockCreationSettings)	handler	0
org.mockito.internal.creation.bytebuddy.MockMethodInterceptor	MockMethodInterceptor(org.mockito.invocation.MockHandler,org.mockito.mock.MockCreationSettings)	mockCreationSettings	1
org.mockito.internal.creation.bytebuddy.MockMethodInterceptor$ForHashCode	doIdentityHashCode(java.lang.Object)	thiz	0
org.mockito.internal.creation.bytebuddy.MockMethodInterceptor$ForEquals	doIdentityEquals(java.lang.Object,java.lang.Object)	thiz	0
org.mockito.internal.creation.bytebuddy.MockMethodInterceptor$ForEquals	doIdentityEquals(java.lang.Object,java.lang.Object)	other	1
org.mockito.internal.creation.bytebuddy.MockMethodInterceptor$ForWriteReplace	doWriteReplace(org.mockito.internal.creation.bytebuddy.MockAccess)	thiz	0
org.mockito.internal.creation.bytebuddy.MockMethodInterceptor$DispatcherDefaultingToRealMethod	interceptSuperCallable(java.lang.Object,org.mockito.internal.creation.bytebuddy.MockMethodInterceptor,java.lang.reflect.Method,java.lang.Object[],java.util.concurrent.Callable)	superCall	4
org.mockito.internal.creation.bytebuddy.MockMethodInterceptor$DispatcherDefaultingToRealMethod	interceptSuperCallable(java.lang.Object,org.mockito.internal.creation.bytebuddy.MockMethodInterceptor,java.lang.reflect.Method,java.lang.Object[],java.util.concurrent.Callable)	interceptor	1
org.mockito.internal.creation.bytebuddy.MockMethodInterceptor$DispatcherDefaultingToRealMethod	interceptAbstract(java.lang.Object,org.mockito.internal.creation.bytebuddy.MockMethodInterceptor,java.lang.Object,java.lang.reflect.Method,java.lang.Object[])	stubValue	2
org.mockito.internal.creation.bytebuddy.MockMethodInterceptor$DispatcherDefaultingToRealMethod	interceptAbstract(java.lang.Object,org.mockito.internal.creation.bytebuddy.MockMethodInterceptor,java.lang.Object,java.lang.reflect.Method,java.lang.Object[])	interceptor	1
org.mockito.internal.util.concurrent.DetachedThreadLocal	DetachedThreadLocal(org.mockito.internal.util.concurrent.DetachedThreadLocal.Cleaner)	cleaner	0
org.mockito.internal.util.concurrent.DetachedThreadLocal	inheritValue(T)	value	0
org.mockito.internal.creation.bytebuddy.ByteBuddyCrossClassLoaderSerializationSupport	writeReplace(java.lang.Object)	mockitoMock	0
org.mockito.internal.creation.bytebuddy.ByteBuddyCrossClassLoaderSerializationSupport$CrossClassLoaderSerializationProxy	CrossClassLoaderSerializationProxy(java.lang.Object)	mockitoMock	0
org.mockito.internal.creation.bytebuddy.ByteBuddyCrossClassLoaderSerializationSupport$MockitoMockObjectInputStream	MockitoMockObjectInputStream(java.io.InputStream,java.lang.Class,java.util.Set)	in	0
org.mockito.internal.creation.bytebuddy.ByteBuddyCrossClassLoaderSerializationSupport$MockitoMockObjectInputStream	MockitoMockObjectInputStream(java.io.InputStream,java.lang.Class,java.util.Set)	extraInterfaces	2
org.mockito.internal.creation.bytebuddy.ByteBuddyCrossClassLoaderSerializationSupport$MockitoMockObjectInputStream	MockitoMockObjectInputStream(java.io.InputStream,java.lang.Class,java.util.Set)	typeToMock	1
org.mockito.internal.creation.bytebuddy.ByteBuddyCrossClassLoaderSerializationSupport$MockitoMockObjectInputStream	resolveClass(java.io.ObjectStreamClass)	desc	0
org.mockito.internal.creation.bytebuddy.ByteBuddyCrossClassLoaderSerializationSupport$MockitoMockObjectInputStream	hackClassNameToMatchNewlyCreatedClass(java.io.ObjectStreamClass,java.lang.Class)	descInstance	0
org.mockito.internal.creation.bytebuddy.ByteBuddyCrossClassLoaderSerializationSupport$MockitoMockObjectInputStream	notMarkedAsAMockitoMock(java.lang.Object)	marker	0
org.mockito.internal.creation.bytebuddy.ByteBuddyCrossClassLoaderSerializationSupport$MockitoMockObjectOutputStream	MockitoMockObjectOutputStream(java.io.ByteArrayOutputStream)	out	0
org.mockito.internal.creation.bytebuddy.ByteBuddyCrossClassLoaderSerializationSupport$MockitoMockObjectOutputStream	mockitoProxyClassMarker(java.lang.Class)	cl	0
org.mockito.internal.invocation.RealMethod$FromBehavior	FromBehavior(org.mockito.invocation.InvocationFactory.RealMethodBehavior)	behavior	0
org.mockito.internal.invocation.ArgumentsProcessor	expandArgs(org.mockito.internal.invocation.MockitoMethod,java.lang.Object[])	args	1
org.mockito.internal.invocation.ArgumentsProcessor	expandArgs(org.mockito.internal.invocation.MockitoMethod,java.lang.Object[])	method	0
org.mockito.internal.invocation.ArgumentsProcessor	expandVarArgs(boolean,java.lang.Object[])	isVarArgs	0
org.mockito.internal.invocation.ArgumentsProcessor	expandVarArgs(boolean,java.lang.Object[])	args	1
org.mockito.internal.invocation.ArgumentsProcessor	isNullOrEmpty(T[])	array	0
org.mockito.internal.invocation.ArgumentsProcessor	argumentsToMatchers(java.lang.Object[])	arguments	0
org.mockito.internal.invocation.InterceptedInvocation	InterceptedInvocation(org.mockito.internal.invocation.mockref.MockReference,org.mockito.internal.invocation.MockitoMethod,java.lang.Object[],org.mockito.internal.invocation.RealMethod,org.mockito.invocation.Location,int)	mockitoMethod	1
org.mockito.internal.invocation.InterceptedInvocation	InterceptedInvocation(org.mockito.internal.invocation.mockref.MockReference,org.mockito.internal.invocation.MockitoMethod,java.lang.Object[],org.mockito.internal.invocation.RealMethod,org.mockito.invocation.Location,int)	location	4
org.mockito.internal.invocation.InterceptedInvocation	InterceptedInvocation(org.mockito.internal.invocation.mockref.MockReference,org.mockito.internal.invocation.MockitoMethod,java.lang.Object[],org.mockito.internal.invocation.RealMethod,org.mockito.invocation.Location,int)	mockRef	0
org.mockito.internal.invocation.InterceptedInvocation	InterceptedInvocation(org.mockito.internal.invocation.mockref.MockReference,org.mockito.internal.invocation.MockitoMethod,java.lang.Object[],org.mockito.internal.invocation.RealMethod,org.mockito.invocation.Location,int)	sequenceNumber	5
org.mockito.internal.invocation.InterceptedInvocation	InterceptedInvocation(org.mockito.internal.invocation.mockref.MockReference,org.mockito.internal.invocation.MockitoMethod,java.lang.Object[],org.mockito.internal.invocation.RealMethod,org.mockito.invocation.Location,int)	arguments	2
org.mockito.internal.invocation.InterceptedInvocation	InterceptedInvocation(org.mockito.internal.invocation.mockref.MockReference,org.mockito.internal.invocation.MockitoMethod,java.lang.Object[],org.mockito.internal.invocation.RealMethod,org.mockito.invocation.Location,int)	realMethod	3
org.mockito.internal.invocation.InterceptedInvocation	markStubbed(org.mockito.invocation.StubInfo)	stubInfo	0
org.mockito.internal.invocation.InterceptedInvocation	getArgument(int)	index	0
org.mockito.internal.invocation.InterceptedInvocation	getArgument(int,java.lang.Class)	index	0
org.mockito.internal.invocation.InterceptedInvocation	getArgument(int,java.lang.Class)	clazz	1
org.mockito.internal.invocation.InterceptedInvocation	equals(java.lang.Object)	o	0
org.mockito.internal.invocation.InterceptedInvocation	equalArguments(java.lang.Object[])	arguments	0
org.mockito.internal.creation.bytebuddy.SubclassInjectionLoader$WithReflection	resolveStrategy(java.lang.Class,java.lang.ClassLoader,boolean)	localMock	2
org.mockito.internal.creation.bytebuddy.SubclassInjectionLoader$WithReflection	resolveStrategy(java.lang.Class,java.lang.ClassLoader,boolean)	mockedType	0
org.mockito.internal.creation.bytebuddy.SubclassInjectionLoader$WithLookup	WithLookup(java.lang.Object,java.lang.Object,java.lang.reflect.Method)	lookup	0
org.mockito.internal.creation.bytebuddy.SubclassInjectionLoader$WithLookup	WithLookup(java.lang.Object,java.lang.Object,java.lang.reflect.Method)	codegenLookup	1
org.mockito.internal.creation.bytebuddy.SubclassInjectionLoader$WithLookup	WithLookup(java.lang.Object,java.lang.Object,java.lang.reflect.Method)	privateLookupIn	2
org.mockito.internal.creation.bytebuddy.SubclassInjectionLoader$WithLookup	resolveStrategy(java.lang.Class,java.lang.ClassLoader,boolean)	mockedType	0
org.mockito.internal.creation.bytebuddy.SubclassInjectionLoader$WithLookup	resolveStrategy(java.lang.Class,java.lang.ClassLoader,boolean)	classLoader	1
org.mockito.internal.creation.bytebuddy.SubclassInjectionLoader$WithLookup	resolveStrategy(java.lang.Class,java.lang.ClassLoader,boolean)	localMock	2
org.mockito.internal.creation.bytebuddy.SubclassBytecodeGenerator	SubclassBytecodeGenerator(org.mockito.internal.creation.bytebuddy.SubclassLoader,net.bytebuddy.implementation.Implementation,net.bytebuddy.matcher.ElementMatcher)	readReplace	1
org.mockito.internal.creation.bytebuddy.SubclassBytecodeGenerator	SubclassBytecodeGenerator(org.mockito.internal.creation.bytebuddy.SubclassLoader,net.bytebuddy.implementation.Implementation,net.bytebuddy.matcher.ElementMatcher)	matcher	2
org.mockito.internal.creation.bytebuddy.SubclassBytecodeGenerator	SubclassBytecodeGenerator(org.mockito.internal.creation.bytebuddy.SubclassLoader,net.bytebuddy.implementation.Implementation,net.bytebuddy.matcher.ElementMatcher)	loader	0
org.mockito.internal.creation.bytebuddy.SubclassBytecodeGenerator	mockClass(org.mockito.internal.creation.bytebuddy.MockFeatures)	features	0
org.mockito.internal.creation.bytebuddy.SubclassBytecodeGenerator	getAllTypes(java.lang.Class)	type	0
org.mockito.internal.creation.bytebuddy.SubclassBytecodeGenerator	isComingFromJDK(java.lang.Class)	type	0
org.mockito.internal.creation.bytebuddy.SubclassBytecodeGenerator	assertVisibility(java.lang.Class)	type	0
org.mockito.internal.creation.bytebuddy.InlineByteBuddyMockMaker	createSpy(org.mockito.mock.MockCreationSettings,org.mockito.invocation.MockHandler,T)	object	2
org.mockito.internal.creation.bytebuddy.InlineByteBuddyMockMaker	doCreateMock(org.mockito.mock.MockCreationSettings,org.mockito.invocation.MockHandler,boolean)	handler	1
org.mockito.internal.creation.bytebuddy.InlineByteBuddyMockMaker	doCreateMock(org.mockito.mock.MockCreationSettings,org.mockito.invocation.MockHandler,boolean)	nullOnNonInlineConstruction	2
org.mockito.internal.creation.bytebuddy.InlineByteBuddyMockMaker	doCreateMock(org.mockito.mock.MockCreationSettings,org.mockito.invocation.MockHandler,boolean)	settings	0
org.mockito.internal.creation.bytebuddy.InlineByteBuddyMockMaker	prettifyFailure(org.mockito.mock.MockCreationSettings,java.lang.Exception)	generationFailed	1
org.mockito.internal.creation.bytebuddy.InlineByteBuddyMockMaker	prettifyFailure(org.mockito.mock.MockCreationSettings,java.lang.Exception)	mockFeatures	0
org.mockito.internal.creation.bytebuddy.InlineByteBuddyMockMaker	getHandler(java.lang.Object)	mock	0
org.mockito.internal.creation.bytebuddy.InlineByteBuddyMockMaker	resetMock(java.lang.Object,org.mockito.invocation.MockHandler,org.mockito.mock.MockCreationSettings)	mock	0
org.mockito.internal.creation.bytebuddy.InlineByteBuddyMockMaker	resetMock(java.lang.Object,org.mockito.invocation.MockHandler,org.mockito.mock.MockCreationSettings)	settings	2
org.mockito.internal.creation.bytebuddy.InlineByteBuddyMockMaker	resetMock(java.lang.Object,org.mockito.invocation.MockHandler,org.mockito.mock.MockCreationSettings)	newHandler	1
org.mockito.internal.creation.bytebuddy.InlineByteBuddyMockMaker	clearMock(java.lang.Object)	mock	0
org.mockito.internal.creation.bytebuddy.InlineByteBuddyMockMaker	isTypeMockable(java.lang.Class)	type	0
org.mockito.internal.creation.bytebuddy.InlineByteBuddyMockMaker	createStaticMock(java.lang.Class,org.mockito.mock.MockCreationSettings,org.mockito.invocation.MockHandler)	type	0
org.mockito.internal.creation.bytebuddy.InlineByteBuddyMockMaker	createStaticMock(java.lang.Class,org.mockito.mock.MockCreationSettings,org.mockito.invocation.MockHandler)	settings	1
org.mockito.internal.creation.bytebuddy.InlineByteBuddyMockMaker	createStaticMock(java.lang.Class,org.mockito.mock.MockCreationSettings,org.mockito.invocation.MockHandler)	handler	2
org.mockito.internal.creation.bytebuddy.InlineByteBuddyMockMaker	createConstructionMock(java.lang.Class,java.util.function.Function,java.util.function.Function,org.mockito.MockedConstruction.MockInitializer)	handlerFactory	2
org.mockito.internal.creation.bytebuddy.InlineByteBuddyMockMaker	createConstructionMock(java.lang.Class,java.util.function.Function,java.util.function.Function,org.mockito.MockedConstruction.MockInitializer)	settingsFactory	1
org.mockito.internal.creation.bytebuddy.InlineByteBuddyMockMaker	createConstructionMock(java.lang.Class,java.util.function.Function,java.util.function.Function,org.mockito.MockedConstruction.MockInitializer)	type	0
org.mockito.internal.creation.bytebuddy.InlineByteBuddyMockMaker	createConstructionMock(java.lang.Class,java.util.function.Function,java.util.function.Function,org.mockito.MockedConstruction.MockInitializer)	mockInitializer	3
org.mockito.internal.creation.bytebuddy.InlineByteBuddyMockMaker	newInstance(java.lang.Class)	cls	0
org.mockito.internal.creation.bytebuddy.InlineByteBuddyMockMaker	makeStandardArgument(java.lang.Class)	type	0
org.mockito.internal.creation.bytebuddy.InlineByteBuddyMockMaker$InlineStaticMockControl	InlineStaticMockControl(java.lang.Class,java.util.Map,org.mockito.mock.MockCreationSettings,org.mockito.invocation.MockHandler)	type	0
org.mockito.internal.creation.bytebuddy.InlineByteBuddyMockMaker$InlineStaticMockControl	InlineStaticMockControl(java.lang.Class,java.util.Map,org.mockito.mock.MockCreationSettings,org.mockito.invocation.MockHandler)	handler	3
org.mockito.internal.creation.bytebuddy.InlineByteBuddyMockMaker$InlineStaticMockControl	InlineStaticMockControl(java.lang.Class,java.util.Map,org.mockito.mock.MockCreationSettings,org.mockito.invocation.MockHandler)	settings	2
org.mockito.internal.creation.bytebuddy.InlineByteBuddyMockMaker$InlineStaticMockControl	InlineStaticMockControl(java.lang.Class,java.util.Map,org.mockito.mock.MockCreationSettings,org.mockito.invocation.MockHandler)	interceptors	1
org.mockito.internal.creation.bytebuddy.InlineByteBuddyMockMaker$InlineConstructionMockControl	InlineConstructionMockControl(java.lang.Class,java.util.function.Function,java.util.function.Function,org.mockito.MockedConstruction.MockInitializer,java.util.Map)	type	0
org.mockito.internal.creation.bytebuddy.InlineByteBuddyMockMaker$InlineConstructionMockControl	InlineConstructionMockControl(java.lang.Class,java.util.function.Function,java.util.function.Function,org.mockito.MockedConstruction.MockInitializer,java.util.Map)	interceptors	4
org.mockito.internal.creation.bytebuddy.InlineByteBuddyMockMaker$InlineConstructionMockControl	InlineConstructionMockControl(java.lang.Class,java.util.function.Function,java.util.function.Function,org.mockito.MockedConstruction.MockInitializer,java.util.Map)	handlerFactory	2
org.mockito.internal.creation.bytebuddy.InlineByteBuddyMockMaker$InlineConstructionMockControl	InlineConstructionMockControl(java.lang.Class,java.util.function.Function,java.util.function.Function,org.mockito.MockedConstruction.MockInitializer,java.util.Map)	mockInitializer	3
org.mockito.internal.creation.bytebuddy.InlineByteBuddyMockMaker$InlineConstructionMockControl	InlineConstructionMockControl(java.lang.Class,java.util.function.Function,java.util.function.Function,org.mockito.MockedConstruction.MockInitializer,java.util.Map)	settingsFactory	1
org.mockito.internal.creation.bytebuddy.InlineByteBuddyMockMaker$InlineConstructionMockContext	InlineConstructionMockContext(java.lang.Object[],java.lang.Class,java.lang.String[])	parameterTypeNames	2
org.mockito.internal.creation.bytebuddy.InlineByteBuddyMockMaker$InlineConstructionMockContext	InlineConstructionMockContext(java.lang.Object[],java.lang.Class,java.lang.String[])	type	1
org.mockito.internal.creation.bytebuddy.InlineByteBuddyMockMaker$InlineConstructionMockContext	InlineConstructionMockContext(java.lang.Object[],java.lang.Class,java.lang.String[])	arguments	0
org.mockito.internal.creation.bytebuddy.MockMethodAdvice	MockMethodAdvice(org.mockito.internal.util.concurrent.WeakConcurrentMap,org.mockito.internal.util.concurrent.DetachedThreadLocal,java.lang.String,java.util.function.Predicate,org.mockito.internal.creation.bytebuddy.ConstructionCallback)	mockedStatics	1
org.mockito.internal.creation.bytebuddy.MockMethodAdvice	MockMethodAdvice(org.mockito.internal.util.concurrent.WeakConcurrentMap,org.mockito.internal.util.concurrent.DetachedThreadLocal,java.lang.String,java.util.function.Predicate,org.mockito.internal.creation.bytebuddy.ConstructionCallback)	onConstruction	4
org.mockito.internal.creation.bytebuddy.MockMethodAdvice	MockMethodAdvice(org.mockito.internal.util.concurrent.WeakConcurrentMap,org.mockito.internal.util.concurrent.DetachedThreadLocal,java.lang.String,java.util.function.Predicate,org.mockito.internal.creation.bytebuddy.ConstructionCallback)	identifier	2
org.mockito.internal.creation.bytebuddy.MockMethodAdvice	MockMethodAdvice(org.mockito.internal.util.concurrent.WeakConcurrentMap,org.mockito.internal.util.concurrent.DetachedThreadLocal,java.lang.String,java.util.function.Predicate,org.mockito.internal.creation.bytebuddy.ConstructionCallback)	isMockConstruction	3
org.mockito.internal.creation.bytebuddy.MockMethodAdvice	MockMethodAdvice(org.mockito.internal.util.concurrent.WeakConcurrentMap,org.mockito.internal.util.concurrent.DetachedThreadLocal,java.lang.String,java.util.function.Predicate,org.mockito.internal.creation.bytebuddy.ConstructionCallback)	interceptors	0
org.mockito.internal.creation.bytebuddy.MockMethodAdvice	exit(java.lang.Object,java.util.concurrent.Callable)	mocked	1
org.mockito.internal.creation.bytebuddy.MockMethodAdvice	exit(java.lang.Object,java.util.concurrent.Callable)	returned	0
org.mockito.internal.creation.bytebuddy.MockMethodAdvice	hideRecursiveCall(java.lang.Throwable,int,java.lang.Class)	targetType	2
org.mockito.internal.creation.bytebuddy.MockMethodAdvice	hideRecursiveCall(java.lang.Throwable,int,java.lang.Class)	current	1
org.mockito.internal.creation.bytebuddy.MockMethodAdvice	hideRecursiveCall(java.lang.Throwable,int,java.lang.Class)	throwable	0
org.mockito.internal.creation.bytebuddy.MockMethodAdvice	handle(java.lang.Object,java.lang.reflect.Method,java.lang.Object[])	arguments	2
org.mockito.internal.creation.bytebuddy.MockMethodAdvice	handle(java.lang.Object,java.lang.reflect.Method,java.lang.Object[])	origin	1
org.mockito.internal.creation.bytebuddy.MockMethodAdvice	handle(java.lang.Object,java.lang.reflect.Method,java.lang.Object[])	instance	0
org.mockito.internal.creation.bytebuddy.MockMethodAdvice	handleStatic(java.lang.Class,java.lang.reflect.Method,java.lang.Object[])	type	0
org.mockito.internal.creation.bytebuddy.MockMethodAdvice	isMock(java.lang.Object)	instance	0
org.mockito.internal.creation.bytebuddy.MockMethodAdvice	isMockedStatic(java.lang.Class)	type	0
org.mockito.internal.creation.bytebuddy.MockMethodAdvice	isOverridden(java.lang.Object,java.lang.reflect.Method)	origin	1
org.mockito.internal.creation.bytebuddy.MockMethodAdvice	isOverridden(java.lang.Object,java.lang.reflect.Method)	instance	0
org.mockito.internal.creation.bytebuddy.MockMethodAdvice	isConstructorMock(java.lang.Class)	type	0
org.mockito.internal.creation.bytebuddy.MockMethodAdvice$RealMethodCall	RealMethodCall(org.mockito.internal.creation.bytebuddy.MockMethodAdvice.SelfCallInfo,java.lang.reflect.Method,java.lang.Object,java.lang.Object[])	selfCallInfo	0
org.mockito.internal.creation.bytebuddy.MockMethodAdvice$RealMethodCall	RealMethodCall(org.mockito.internal.creation.bytebuddy.MockMethodAdvice.SelfCallInfo,java.lang.reflect.Method,java.lang.Object,java.lang.Object[])	instance	2
org.mockito.internal.creation.bytebuddy.MockMethodAdvice$RealMethodCall	RealMethodCall(org.mockito.internal.creation.bytebuddy.MockMethodAdvice.SelfCallInfo,java.lang.reflect.Method,java.lang.Object,java.lang.Object[])	arguments	3
org.mockito.internal.creation.bytebuddy.MockMethodAdvice$RealMethodCall	RealMethodCall(org.mockito.internal.creation.bytebuddy.MockMethodAdvice.SelfCallInfo,java.lang.reflect.Method,java.lang.Object,java.lang.Object[])	origin	1
org.mockito.internal.creation.bytebuddy.MockMethodAdvice$SerializableRealMethodCall	SerializableRealMethodCall(java.lang.String,java.lang.reflect.Method,java.lang.Object,java.lang.Object[])	instance	2
org.mockito.internal.creation.bytebuddy.MockMethodAdvice$SerializableRealMethodCall	SerializableRealMethodCall(java.lang.String,java.lang.reflect.Method,java.lang.Object,java.lang.Object[])	origin	1
org.mockito.internal.creation.bytebuddy.MockMethodAdvice$SerializableRealMethodCall	SerializableRealMethodCall(java.lang.String,java.lang.reflect.Method,java.lang.Object,java.lang.Object[])	arguments	3
org.mockito.internal.creation.bytebuddy.MockMethodAdvice$SerializableRealMethodCall	SerializableRealMethodCall(java.lang.String,java.lang.reflect.Method,java.lang.Object,java.lang.Object[])	identifier	0
org.mockito.internal.creation.bytebuddy.MockMethodAdvice$StaticMethodCall	StaticMethodCall(org.mockito.internal.creation.bytebuddy.MockMethodAdvice.SelfCallInfo,java.lang.Class,java.lang.reflect.Method,java.lang.Object[])	origin	2
org.mockito.internal.creation.bytebuddy.MockMethodAdvice$StaticMethodCall	StaticMethodCall(org.mockito.internal.creation.bytebuddy.MockMethodAdvice.SelfCallInfo,java.lang.Class,java.lang.reflect.Method,java.lang.Object[])	type	1
org.mockito.internal.creation.bytebuddy.MockMethodAdvice$StaticMethodCall	StaticMethodCall(org.mockito.internal.creation.bytebuddy.MockMethodAdvice.SelfCallInfo,java.lang.Class,java.lang.reflect.Method,java.lang.Object[])	selfCallInfo	0
org.mockito.internal.creation.bytebuddy.MockMethodAdvice$StaticMethodCall	StaticMethodCall(org.mockito.internal.creation.bytebuddy.MockMethodAdvice.SelfCallInfo,java.lang.Class,java.lang.reflect.Method,java.lang.Object[])	arguments	3
org.mockito.internal.creation.bytebuddy.MockMethodAdvice$ReturnValueWrapper	ReturnValueWrapper(java.lang.Object)	returned	0
org.mockito.internal.creation.bytebuddy.MockMethodAdvice$SelfCallInfo	replace(java.lang.Object)	value	0
org.mockito.internal.creation.bytebuddy.MockMethodAdvice$SelfCallInfo	checkSelfCall(java.lang.Object)	value	0
org.mockito.internal.creation.bytebuddy.MockMethodAdvice$ConstructorShortcut	ConstructorShortcut(java.lang.String)	identifier	0
org.mockito.internal.creation.bytebuddy.MockMethodAdvice$ConstructorShortcut	wrap(net.bytebuddy.description.type.TypeDescription,net.bytebuddy.description.method.MethodDescription,net.bytebuddy.jar.asm.MethodVisitor,net.bytebuddy.implementation.Implementation.Context,net.bytebuddy.pool.TypePool,int,int)	instrumentedType	0
org.mockito.internal.creation.bytebuddy.MockMethodAdvice$ConstructorShortcut	wrap(net.bytebuddy.description.type.TypeDescription,net.bytebuddy.description.method.MethodDescription,net.bytebuddy.jar.asm.MethodVisitor,net.bytebuddy.implementation.Implementation.Context,net.bytebuddy.pool.TypePool,int,int)	implementationContext	3
org.mockito.internal.creation.bytebuddy.MockMethodAdvice$ConstructorShortcut	wrap(net.bytebuddy.description.type.TypeDescription,net.bytebuddy.description.method.MethodDescription,net.bytebuddy.jar.asm.MethodVisitor,net.bytebuddy.implementation.Implementation.Context,net.bytebuddy.pool.TypePool,int,int)	methodVisitor	2
org.mockito.internal.creation.bytebuddy.MockMethodAdvice$ConstructorShortcut	wrap(net.bytebuddy.description.type.TypeDescription,net.bytebuddy.description.method.MethodDescription,net.bytebuddy.jar.asm.MethodVisitor,net.bytebuddy.implementation.Implementation.Context,net.bytebuddy.pool.TypePool,int,int)	instrumentedMethod	1
org.mockito.internal.creation.bytebuddy.MockMethodAdvice$ConstructorShortcut$1	visitMaxs(int,int)	maxLocals	1
org.mockito.internal.creation.bytebuddy.MockMethodAdvice$ConstructorShortcut$1	visitMaxs(int,int)	maxStack	0
org.mockito.internal.creation.bytebuddy.MockMethodAdvice$ConstructorShortcut	toFrames(java.lang.Object,java.util.List)	types	1
org.mockito.internal.creation.bytebuddy.MockMethodAdvice$ConstructorShortcut	toFrames(java.lang.Object,java.util.List)	self	0
org.mockito.internal.creation.bytebuddy.MockMethodAdvice$ForHashCode	enter(java.lang.Object,int,boolean)	hashCode	1
org.mockito.internal.creation.bytebuddy.MockMethodAdvice$ForHashCode	enter(java.lang.Object,int,boolean)	self	0
org.mockito.internal.creation.bytebuddy.MockMethodAdvice$ForHashCode	enter(java.lang.Object,int,boolean)	skipped	2
org.mockito.internal.creation.bytebuddy.MockMethodAdvice$ForEquals	enter(java.lang.Object,java.lang.Object,boolean,boolean)	skipped	3
org.mockito.internal.creation.bytebuddy.MockMethodAdvice$ForEquals	enter(java.lang.Object,java.lang.Object,boolean,boolean)	self	0
org.mockito.internal.creation.bytebuddy.MockMethodAdvice$ForEquals	enter(java.lang.Object,java.lang.Object,boolean,boolean)	equals	2
org.mockito.internal.creation.bytebuddy.MockMethodAdvice$ForEquals	enter(java.lang.Object,java.lang.Object,boolean,boolean)	other	1
org.mockito.internal.creation.bytebuddy.MockMethodAdvice$ForStatic	exit(java.lang.Object,java.util.concurrent.Callable)	mocked	1
org.mockito.internal.creation.bytebuddy.MockMethodAdvice$ForStatic	exit(java.lang.Object,java.util.concurrent.Callable)	returned	0
org.mockito.internal.creation.bytebuddy.MockMethodAdvice$ForReadObject	doReadObject(java.lang.String,org.mockito.internal.creation.bytebuddy.MockAccess,java.io.ObjectInputStream)	objectInputStream	2
org.mockito.internal.invocation.mockref.MockWeakReference	MockWeakReference(T)	t	0
org.mockito.internal.invocation.SerializableMethod	SerializableMethod(java.lang.reflect.Method)	method	0
org.mockito.internal.invocation.SerializableMethod	equals(java.lang.Object)	obj	0
org.mockito.internal.creation.bytebuddy.SubclassByteBuddyMockMaker	SubclassByteBuddyMockMaker(org.mockito.internal.creation.bytebuddy.SubclassLoader)	loader	0
org.mockito.internal.creation.bytebuddy.SubclassByteBuddyMockMaker	ensureMockIsAssignableToMockedType(org.mockito.mock.MockCreationSettings,T)	settings	0
org.mockito.internal.creation.bytebuddy.SubclassByteBuddyMockMaker	ensureMockIsAssignableToMockedType(org.mockito.mock.MockCreationSettings,T)	mock	1
org.mockito.internal.creation.bytebuddy.SubclassByteBuddyMockMaker	prettifyFailure(org.mockito.mock.MockCreationSettings,java.lang.Exception)	mockFeatures	0
org.mockito.internal.creation.bytebuddy.SubclassByteBuddyMockMaker	prettifyFailure(org.mockito.mock.MockCreationSettings,java.lang.Exception)	generationFailed	1
org.mockito.internal.creation.bytebuddy.SubclassByteBuddyMockMaker	describeClass(java.lang.Class)	type	0
org.mockito.internal.creation.bytebuddy.SubclassByteBuddyMockMaker	describeClass(java.lang.Object)	instance	0
org.mockito.internal.creation.bytebuddy.SubclassByteBuddyMockMaker	getHandler(java.lang.Object)	mock	0
org.mockito.internal.creation.bytebuddy.SubclassByteBuddyMockMaker	resetMock(java.lang.Object,org.mockito.invocation.MockHandler,org.mockito.mock.MockCreationSettings)	mock	0
org.mockito.internal.creation.bytebuddy.SubclassByteBuddyMockMaker	isTypeMockable(java.lang.Class)	type	0
org.mockito.internal.creation.instance.ConstructorInstantiator	ConstructorInstantiator(boolean,java.lang.Object[])	constructorArgs	1
org.mockito.internal.creation.instance.ConstructorInstantiator	ConstructorInstantiator(boolean,java.lang.Object[])	hasOuterClassInstance	0
org.mockito.internal.creation.instance.ConstructorInstantiator	withParams(java.lang.Class,java.lang.Object[])	cls	0
org.mockito.internal.creation.instance.ConstructorInstantiator	paramsException(java.lang.Class,java.lang.Exception)	e	1
org.mockito.internal.creation.instance.ConstructorInstantiator	paramsMatch(java.lang.Class[],java.lang.Object[])	params	1
org.mockito.internal.creation.instance.ConstructorInstantiator	paramsMatch(java.lang.Class[],java.lang.Object[])	types	0
org.mockito.internal.creation.instance.ConstructorInstantiator	evaluateConstructor(java.util.List,java.lang.reflect.Constructor)	matchingConstructors	0
org.mockito.internal.creation.instance.ConstructorInstantiator	evaluateConstructor(java.util.List,java.lang.reflect.Constructor)	constructor	1
org.mockito.internal.creation.instance.ObjenesisInstantiator	newInstance(java.lang.Class)	cls	0
org.mockito.internal.creation.instance.InstantiatorProvider2Adapter	InstantiatorProvider2Adapter(org.mockito.plugins.InstantiatorProvider2)	provider	0
org.mockito.internal.creation.instance.DefaultInstantiatorProvider	getInstantiator(org.mockito.mock.MockCreationSettings)	settings	0
org.mockito.internal.creation.instance.InstantiatorProviderAdapter	InstantiatorProviderAdapter(org.mockito.plugins.InstantiatorProvider)	provider	0
org.mockito.internal.InOrderImpl	InOrderImpl(java.util.List)	mocksToBeVerifiedInOrder	0
org.mockito.internal.InOrderImpl	verify(T,org.mockito.verification.VerificationMode)	mode	1
org.mockito.internal.InOrderImpl	verify(T,org.mockito.verification.VerificationMode)	mock	0
org.mockito.internal.junit.UniversalTestListener	UniversalTestListener(org.mockito.quality.Strictness,org.mockito.plugins.MockitoLogger)	logger	1
org.mockito.internal.junit.UniversalTestListener	UniversalTestListener(org.mockito.quality.Strictness,org.mockito.plugins.MockitoLogger)	initialStrictness	0
org.mockito.internal.junit.UniversalTestListener	reportUnusedStubs(org.mockito.internal.junit.TestFinishedEvent,java.util.Collection)	event	0
org.mockito.internal.junit.UniversalTestListener	emitWarnings(org.mockito.plugins.MockitoLogger,org.mockito.internal.junit.TestFinishedEvent,java.util.Collection)	event	1
org.mockito.internal.junit.UniversalTestListener	onMockCreated(java.lang.Object,org.mockito.mock.MockCreationSettings)	settings	1
org.mockito.internal.junit.UniversalTestListener	onMockCreated(java.lang.Object,org.mockito.mock.MockCreationSettings)	mock	0
org.mockito.internal.junit.UniversalTestListener	setStrictness(org.mockito.quality.Strictness)	strictness	0
org.mockito.internal.junit.DefaultStubbingLookupListener	DefaultStubbingLookupListener(org.mockito.quality.Strictness)	strictness	0
org.mockito.internal.junit.DefaultStubbingLookupListener	onStubbingLookup(org.mockito.listeners.StubbingLookupEvent)	event	0
org.mockito.internal.junit.DefaultStubbingLookupListener	potentialArgMismatches(org.mockito.invocation.Invocation,java.util.Collection)	stubbings	1
org.mockito.internal.junit.DefaultStubbingLookupListener	potentialArgMismatches(org.mockito.invocation.Invocation,java.util.Collection)	invocation	0
org.mockito.internal.junit.DefaultStubbingLookupListener	setCurrentStrictness(org.mockito.quality.Strictness)	currentStrictness	0
org.mockito.internal.junit.StubbingHint	StubbingHint(java.lang.String)	testName	0
org.mockito.internal.junit.StubbingHint	appendLine(java.lang.Object[])	elements	0
org.mockito.internal.junit.StrictStubsRunnerTestListener	onMockCreated(java.lang.Object,org.mockito.mock.MockCreationSettings)	settings	1
org.mockito.internal.junit.UnusedStubbings	UnusedStubbings(java.util.Collection)	unused	0
org.mockito.internal.junit.UnusedStubbings	format(java.lang.String,org.mockito.plugins.MockitoLogger)	logger	1
org.mockito.internal.junit.UnusedStubbings	format(java.lang.String,org.mockito.plugins.MockitoLogger)	testName	0
org.mockito.internal.junit.VerificationCollectorImpl	apply(org.junit.runners.model.Statement,org.junit.runner.Description)	base	0
org.mockito.internal.junit.VerificationCollectorImpl$2	maybeVerifyLazily(org.mockito.verification.VerificationMode)	mode	0
org.mockito.internal.junit.VerificationCollectorImpl	append(java.lang.String)	message	0
org.mockito.internal.junit.VerificationCollectorImpl$VerificationWrapper	VerificationWrapper(org.mockito.verification.VerificationMode)	delegate	0
org.mockito.internal.junit.util.JUnitFailureHacker	appendWarnings(org.junit.runner.notification.Failure,java.lang.String)	warnings	1
org.mockito.internal.junit.util.JUnitFailureHacker	isEmpty(java.lang.String)	warnings	0
org.mockito.internal.junit.util.JUnitFailureHacker	getInternalState(java.lang.Object,java.lang.String)	target	0
org.mockito.internal.junit.util.JUnitFailureHacker	setInternalState(java.lang.Object,java.lang.String,java.lang.Object)	target	0
org.mockito.internal.junit.util.JUnitFailureHacker	getFieldFromHierarchy(java.lang.Class,java.lang.String)	field	1
org.mockito.internal.junit.util.JUnitFailureHacker	getFieldFromHierarchy(java.lang.Class,java.lang.String)	clazz	0
org.mockito.internal.junit.util.JUnitFailureHacker	getField(java.lang.Class,java.lang.String)	clazz	0
org.mockito.internal.junit.util.JUnitFailureHacker	getField(java.lang.Class,java.lang.String)	field	1
org.mockito.internal.junit.JUnitTestRule	JUnitTestRule(org.mockito.plugins.MockitoLogger,org.mockito.quality.Strictness,java.lang.Object)	testInstance	2
org.mockito.internal.junit.JUnitTestRule	JUnitTestRule(org.mockito.plugins.MockitoLogger,org.mockito.quality.Strictness,java.lang.Object)	logger	0
org.mockito.internal.junit.JUnitTestRule	JUnitTestRule(org.mockito.plugins.MockitoLogger,org.mockito.quality.Strictness,java.lang.Object)	strictness	1
org.mockito.internal.junit.JUnitSessionStore	JUnitSessionStore(org.mockito.plugins.MockitoLogger,org.mockito.quality.Strictness)	logger	0
org.mockito.internal.junit.JUnitSessionStore	JUnitSessionStore(org.mockito.plugins.MockitoLogger,org.mockito.quality.Strictness)	strictness	1
org.mockito.internal.junit.JUnitSessionStore$1	evaluateSafely(org.junit.runners.model.Statement)	base	0
org.mockito.internal.junit.JUnitSessionStore	setStrictness(org.mockito.quality.Strictness)	strictness	0
org.mockito.internal.junit.JUnitRule	JUnitRule(org.mockito.plugins.MockitoLogger,org.mockito.quality.Strictness)	logger	0
org.mockito.internal.junit.JUnitRule	JUnitRule(org.mockito.plugins.MockitoLogger,org.mockito.quality.Strictness)	strictness	1
org.mockito.internal.junit.UnnecessaryStubbingsReporter	validateUnusedStubs(java.lang.Class,org.junit.runner.notification.RunNotifier)	notifier	1
org.mockito.internal.junit.UnnecessaryStubbingsReporter	validateUnusedStubs(java.lang.Class,org.junit.runner.notification.RunNotifier)	testClass	0
org.mockito.internal.junit.UnnecessaryStubbingsReporter	onMockCreated(java.lang.Object,org.mockito.mock.MockCreationSettings)	mock	0
org.mockito.internal.junit.StubbingArgMismatches	add(org.mockito.invocation.Invocation,org.mockito.invocation.Invocation)	invocation	0
org.mockito.internal.junit.StubbingArgMismatches	add(org.mockito.invocation.Invocation,org.mockito.invocation.Invocation)	stubbing	1
org.mockito.internal.junit.StubbingArgMismatches	format(java.lang.String,org.mockito.plugins.MockitoLogger)	testName	0
org.mockito.internal.junit.StubbingArgMismatches	format(java.lang.String,org.mockito.plugins.MockitoLogger)	logger	1
org.mockito.internal.junit.DefaultTestFinishedEvent	DefaultTestFinishedEvent(java.lang.Object,java.lang.String,java.lang.Throwable)	testClassInstance	0
org.mockito.internal.junit.DefaultTestFinishedEvent	DefaultTestFinishedEvent(java.lang.Object,java.lang.String,java.lang.Throwable)	testFailure	2
org.mockito.internal.junit.DefaultTestFinishedEvent	DefaultTestFinishedEvent(java.lang.Object,java.lang.String,java.lang.Throwable)	testMethodName	1
org.mockito.internal.junit.MismatchReportingTestListener	MismatchReportingTestListener(org.mockito.plugins.MockitoLogger)	logger	0
org.mockito.internal.junit.MismatchReportingTestListener	testFinished(org.mockito.internal.junit.TestFinishedEvent)	event	0
org.mockito.internal.junit.MismatchReportingTestListener	onMockCreated(java.lang.Object,org.mockito.mock.MockCreationSettings)	mock	0
org.mockito.internal.invocation.mockref.MockStrongReference	MockStrongReference(T,boolean)	ref	0
org.mockito.internal.invocation.mockref.MockStrongReference	MockStrongReference(T,boolean)	deserializeAsWeakRef	1
org.mockito.internal.invocation.finder.VerifiableInvocationsFinder$RemoveIgnoredForVerification	isOut(org.mockito.invocation.Invocation)	invocation	0
org.mockito.internal.invocation.finder.AllInvocationsFinder	find(java.lang.Iterable)	mocks	0
org.mockito.internal.invocation.finder.AllInvocationsFinder	findStubbings(java.lang.Iterable)	mocks	0
org.mockito.internal.invocation.UnusedStubsFinder	find(java.util.List)	mocks	0
org.mockito.internal.invocation.MatchersBinder	bindMatchers(org.mockito.internal.progress.ArgumentMatcherStorage,org.mockito.invocation.Invocation)	invocation	1
org.mockito.internal.invocation.MatchersBinder	bindMatchers(org.mockito.internal.progress.ArgumentMatcherStorage,org.mockito.invocation.Invocation)	argumentMatcherStorage	0
org.mockito.internal.invocation.MatchersBinder	validateMatchers(org.mockito.invocation.Invocation,java.util.List)	invocation	0
org.mockito.internal.invocation.MatchersBinder	validateMatchers(org.mockito.invocation.Invocation,java.util.List)	lastMatchers	1
org.mockito.internal.invocation.StubInfoImpl	StubInfoImpl(org.mockito.invocation.DescribedInvocation)	stubbedAt	0
org.mockito.internal.matchers.InstanceOf	InstanceOf(java.lang.Class,java.lang.String)	clazz	0
org.mockito.internal.matchers.InstanceOf	InstanceOf(java.lang.Class,java.lang.String)	describedAs	1
org.mockito.internal.matchers.InstanceOf	matches(java.lang.Object)	actual	0
org.mockito.internal.matchers.Or	Or(org.mockito.ArgumentMatcher,org.mockito.ArgumentMatcher)	m2	1
org.mockito.internal.matchers.Or	Or(org.mockito.ArgumentMatcher,org.mockito.ArgumentMatcher)	m1	0
org.mockito.internal.matchers.CompareTo	CompareTo(T)	value	0
org.mockito.internal.matchers.CompareTo	matches(T)	actual	0
org.mockito.internal.matchers.NotNull	matches(java.lang.Object)	actual	0
org.mockito.internal.matchers.Contains	Contains(java.lang.String)	substring	0
org.mockito.internal.matchers.Contains	matches(java.lang.String)	actual	0
org.mockito.internal.matchers.Same	Same(java.lang.Object)	wanted	0
org.mockito.internal.matchers.Same	matches(java.lang.Object)	actual	0
org.mockito.internal.matchers.Equality	areEqual(java.lang.Object,java.lang.Object)	o1	0
org.mockito.internal.matchers.Equality	areEqual(java.lang.Object,java.lang.Object)	o2	1
org.mockito.internal.matchers.Equality	areArrayLengthsEqual(java.lang.Object,java.lang.Object)	o2	1
org.mockito.internal.matchers.Equality	areArrayLengthsEqual(java.lang.Object,java.lang.Object)	o1	0
org.mockito.internal.matchers.Equality	areArrayElementsEqual(java.lang.Object,java.lang.Object)	o1	0
org.mockito.internal.matchers.Equality	isArray(java.lang.Object)	o	0
org.mockito.internal.matchers.EndsWith	EndsWith(java.lang.String)	suffix	0
org.mockito.internal.matchers.EndsWith	matches(java.lang.String)	actual	0
org.mockito.internal.matchers.And	And(org.mockito.ArgumentMatcher,org.mockito.ArgumentMatcher)	m2	1
org.mockito.internal.matchers.And	And(org.mockito.ArgumentMatcher,org.mockito.ArgumentMatcher)	m1	0
org.mockito.internal.matchers.apachecommons.EqualsBuilder	reflectionEquals(java.lang.Object,java.lang.Object,boolean,java.lang.Class,java.lang.String[])	lhs	0
org.mockito.internal.matchers.apachecommons.EqualsBuilder	reflectionEquals(java.lang.Object,java.lang.Object,boolean,java.lang.Class,java.lang.String[])	reflectUpToClass	3
org.mockito.internal.matchers.apachecommons.EqualsBuilder	reflectionEquals(java.lang.Object,java.lang.Object,boolean,java.lang.Class,java.lang.String[])	rhs	1
org.mockito.internal.matchers.apachecommons.EqualsBuilder	reflectionAppend(java.lang.Object,java.lang.Object,java.lang.Class,org.mockito.internal.matchers.apachecommons.EqualsBuilder,boolean,java.lang.String[])	useTransients	4
org.mockito.internal.matchers.apachecommons.EqualsBuilder	reflectionAppend(java.lang.Object,java.lang.Object,java.lang.Class,org.mockito.internal.matchers.apachecommons.EqualsBuilder,boolean,java.lang.String[])	clazz	2
org.mockito.internal.matchers.apachecommons.EqualsBuilder	reflectionAppend(java.lang.Object,java.lang.Object,java.lang.Class,org.mockito.internal.matchers.apachecommons.EqualsBuilder,boolean,java.lang.String[])	builder	3
org.mockito.internal.matchers.apachecommons.EqualsBuilder	reflectionAppend(java.lang.Object,java.lang.Object,java.lang.Class,org.mockito.internal.matchers.apachecommons.EqualsBuilder,boolean,java.lang.String[])	excludeFields	5
org.mockito.internal.matchers.apachecommons.EqualsBuilder	appendSuper(boolean)	superEquals	0
org.mockito.internal.matchers.apachecommons.EqualsBuilder	append(java.lang.Object,java.lang.Object)	rhs	1
org.mockito.internal.matchers.apachecommons.EqualsBuilder	append(java.lang.Object,java.lang.Object)	lhs	0
org.mockito.internal.matchers.apachecommons.EqualsBuilder	append(long,long)	lhs	0
org.mockito.internal.matchers.apachecommons.EqualsBuilder	append(long,long)	rhs	1
org.mockito.internal.matchers.apachecommons.EqualsBuilder	append(int,int)	rhs	1
org.mockito.internal.matchers.apachecommons.EqualsBuilder	append(int,int)	lhs	0
org.mockito.internal.matchers.apachecommons.EqualsBuilder	append(short,short)	lhs	0
org.mockito.internal.matchers.apachecommons.EqualsBuilder	append(short,short)	rhs	1
org.mockito.internal.matchers.apachecommons.EqualsBuilder	append(char,char)	lhs	0
org.mockito.internal.matchers.apachecommons.EqualsBuilder	append(char,char)	rhs	1
org.mockito.internal.matchers.apachecommons.EqualsBuilder	append(byte,byte)	lhs	0
org.mockito.internal.matchers.apachecommons.EqualsBuilder	append(byte,byte)	rhs	1
org.mockito.internal.matchers.apachecommons.EqualsBuilder	append(boolean,boolean)	lhs	0
org.mockito.internal.matchers.apachecommons.EqualsBuilder	append(boolean,boolean)	rhs	1
org.mockito.internal.matchers.apachecommons.EqualsBuilder	append(java.lang.Object[],java.lang.Object[])	rhs	1
org.mockito.internal.matchers.apachecommons.EqualsBuilder	append(java.lang.Object[],java.lang.Object[])	lhs	0
org.mockito.internal.matchers.apachecommons.EqualsBuilder	append(long[],long[])	lhs	0
org.mockito.internal.matchers.apachecommons.EqualsBuilder	append(long[],long[])	rhs	1
org.mockito.internal.matchers.apachecommons.EqualsBuilder	append(int[],int[])	rhs	1
org.mockito.internal.matchers.apachecommons.EqualsBuilder	append(int[],int[])	lhs	0
org.mockito.internal.matchers.apachecommons.EqualsBuilder	append(short[],short[])	lhs	0
org.mockito.internal.matchers.apachecommons.EqualsBuilder	append(short[],short[])	rhs	1
org.mockito.internal.matchers.apachecommons.EqualsBuilder	append(char[],char[])	rhs	1
org.mockito.internal.matchers.apachecommons.EqualsBuilder	append(char[],char[])	lhs	0
org.mockito.internal.matchers.apachecommons.EqualsBuilder	append(byte[],byte[])	lhs	0
org.mockito.internal.matchers.apachecommons.EqualsBuilder	append(byte[],byte[])	rhs	1
org.mockito.internal.matchers.apachecommons.EqualsBuilder	append(double[],double[])	rhs	1
org.mockito.internal.matchers.apachecommons.EqualsBuilder	append(double[],double[])	lhs	0
org.mockito.internal.matchers.apachecommons.EqualsBuilder	append(float[],float[])	lhs	0
org.mockito.internal.matchers.apachecommons.EqualsBuilder	append(float[],float[])	rhs	1
org.mockito.internal.matchers.apachecommons.EqualsBuilder	append(boolean[],boolean[])	lhs	0
org.mockito.internal.matchers.apachecommons.EqualsBuilder	append(boolean[],boolean[])	rhs	1
org.mockito.internal.matchers.apachecommons.EqualsBuilder	setEquals(boolean)	isEquals	0
org.mockito.internal.matchers.apachecommons.ReflectionEquals	ReflectionEquals(java.lang.Object,java.lang.String[])	excludeFields	1
org.mockito.internal.matchers.apachecommons.ReflectionEquals	ReflectionEquals(java.lang.Object,java.lang.String[])	wanted	0
org.mockito.internal.matchers.Equals	Equals(java.lang.Object)	wanted	0
org.mockito.internal.matchers.Equals	equals(java.lang.Object)	o	0
org.mockito.internal.matchers.Equals	typeMatches(java.lang.Object)	target	0
org.mockito.internal.matchers.Find	Find(java.lang.String)	regex	0
org.mockito.internal.matchers.Find	matches(java.lang.String)	actual	0
org.mockito.internal.matchers.Matches	Matches(java.util.regex.Pattern)	pattern	0
org.mockito.internal.matchers.Matches	matches(java.lang.Object)	actual	0
org.mockito.internal.matchers.StartsWith	StartsWith(java.lang.String)	prefix	0
org.mockito.internal.matchers.StartsWith	matches(java.lang.String)	actual	0
org.mockito.internal.matchers.CompareEqual	matchResult(int)	result	0
org.mockito.internal.matchers.Not	Not(org.mockito.ArgumentMatcher)	matcher	0
org.mockito.internal.matchers.GreaterThan	matchResult(int)	result	0
org.mockito.internal.matchers.LessOrEqual	matchResult(int)	result	0
org.mockito.internal.matchers.text.FormattedText	FormattedText(java.lang.String)	text	0
org.mockito.internal.matchers.text.MatcherToString	toString(org.mockito.ArgumentMatcher)	matcher	0
org.mockito.internal.matchers.text.ValuePrinter	print(java.lang.Object)	value	0
org.mockito.internal.matchers.text.ValuePrinter	printMap(java.util.Map)	map	0
org.mockito.internal.matchers.text.ValuePrinter	printValues(java.lang.String,java.lang.String,java.lang.String,java.util.Iterator)	start	0
org.mockito.internal.matchers.text.ValuePrinter	printValues(java.lang.String,java.lang.String,java.lang.String,java.util.Iterator)	end	2
org.mockito.internal.matchers.text.ValuePrinter	printValues(java.lang.String,java.lang.String,java.lang.String,java.util.Iterator)	separator	1
org.mockito.internal.matchers.text.ValuePrinter	printValues(java.lang.String,java.lang.String,java.lang.String,java.util.Iterator)	values	3
org.mockito.internal.matchers.text.ValuePrinter	printChar(char)	value	0
org.mockito.internal.matchers.text.ValuePrinter	descriptionOf(java.lang.Object)	value	0
org.mockito.internal.matchers.text.MatchersPrinter	applyPrintSettings(java.util.List,org.mockito.internal.reporting.PrintSettings)	matchers	0
org.mockito.internal.matchers.text.MatchersPrinter	applyPrintSettings(java.util.List,org.mockito.internal.reporting.PrintSettings)	printSettings	1
org.mockito.internal.reporting.PrintSettings	setMultiline(boolean)	multiline	0
org.mockito.internal.reporting.PrintSettings	extraTypeInfoFor(int)	argumentIndex	0
org.mockito.internal.reporting.PrintSettings	setMatchersToBeDescribedWithExtraTypeInfo(java.lang.Integer[])	indexesOfMatchers	0
org.mockito.internal.reporting.PrintSettings	print(java.util.List,org.mockito.invocation.Invocation)	invocation	1
org.mockito.internal.reporting.PrintSettings	print(java.util.List,org.mockito.invocation.Invocation)	matchers	0
org.mockito.internal.matchers.ArrayEquals	matches(java.lang.Object)	actual	0
org.mockito.internal.matchers.ArrayEquals	appendArray(java.lang.Object[])	array	0
org.mockito.internal.matchers.ArrayEquals	createObjectArray(java.lang.Object)	array	0
org.mockito.internal.matchers.Null	matches(java.lang.Object)	actual	0
org.mockito.internal.matchers.EqualsWithDelta	EqualsWithDelta(java.lang.Number,java.lang.Number)	value	0
org.mockito.internal.matchers.EqualsWithDelta	EqualsWithDelta(java.lang.Number,java.lang.Number)	delta	1
org.mockito.internal.matchers.EqualsWithDelta	matches(java.lang.Number)	actual	0
org.mockito.internal.matchers.GreaterOrEqual	matchResult(int)	result	0
org.mockito.internal.matchers.LessThan	matchResult(int)	result	0
org.mockito.internal.verification.VerificationWrapperInOrderWrapper	VerificationWrapperInOrderWrapper(org.mockito.internal.verification.VerificationWrapper,org.mockito.internal.InOrderImpl)	verificationWrapper	0
org.mockito.internal.verification.VerificationWrapperInOrderWrapper	wrapInOrder(org.mockito.internal.verification.VerificationWrapper,org.mockito.verification.VerificationMode,org.mockito.internal.InOrderImpl)	verificationMode	1
org.mockito.internal.verification.VerificationWrapperInOrderWrapper	wrapInOrder(org.mockito.internal.verification.VerificationWrapper,org.mockito.verification.VerificationMode,org.mockito.internal.InOrderImpl)	inOrder	2
org.mockito.internal.verification.VerificationWrapperInOrderWrapper	wrapInOrder(org.mockito.internal.verification.VerificationWrapper,org.mockito.verification.VerificationMode,org.mockito.internal.InOrderImpl)	verificationWrapper	0
org.mockito.internal.verification.api.VerificationDataInOrderImpl	VerificationDataInOrderImpl(org.mockito.internal.verification.api.InOrderContext,java.util.List,org.mockito.invocation.MatchableInvocation)	allInvocations	1
org.mockito.internal.verification.api.VerificationDataInOrderImpl	VerificationDataInOrderImpl(org.mockito.internal.verification.api.InOrderContext,java.util.List,org.mockito.invocation.MatchableInvocation)	wanted	2
org.mockito.internal.verification.api.VerificationDataInOrderImpl	VerificationDataInOrderImpl(org.mockito.internal.verification.api.InOrderContext,java.util.List,org.mockito.invocation.MatchableInvocation)	inOrder	0
org.mockito.internal.verification.Description	Description(org.mockito.verification.VerificationMode,java.lang.String)	verification	0
org.mockito.internal.verification.Description	Description(org.mockito.verification.VerificationMode,java.lang.String)	description	1
org.mockito.internal.verification.MockAwareVerificationMode	MockAwareVerificationMode(java.lang.Object,org.mockito.verification.VerificationMode,java.util.Set)	mock	0
org.mockito.internal.verification.MockAwareVerificationMode	MockAwareVerificationMode(java.lang.Object,org.mockito.verification.VerificationMode,java.util.Set)	listeners	2
org.mockito.internal.verification.MockAwareVerificationMode	MockAwareVerificationMode(java.lang.Object,org.mockito.verification.VerificationMode,java.util.Set)	mode	1
org.mockito.internal.verification.AtMost	AtMost(int)	maxNumberOfInvocations	0
org.mockito.internal.verification.AtMost	verify(org.mockito.internal.verification.api.VerificationData)	data	0
org.mockito.internal.verification.AtMost	removeAlreadyVerified(java.util.List)	invocations	0
org.mockito.internal.verification.checkers.AtLeastXNumberOfInvocationsChecker	checkAtLeastNumberOfInvocations(java.util.List,org.mockito.invocation.MatchableInvocation,int)	wantedCount	2
org.mockito.internal.verification.checkers.AtLeastXNumberOfInvocationsChecker	checkAtLeastNumberOfInvocations(java.util.List,org.mockito.invocation.MatchableInvocation,int,org.mockito.internal.verification.api.InOrderContext)	wantedCount	2
org.mockito.internal.verification.AtLeast	AtLeast(int)	wantedNumberOfInvocations	0
org.mockito.internal.verification.SingleRegisteredInvocation	add(org.mockito.invocation.Invocation)	invocation	0
org.mockito.internal.verification.Only	verify(org.mockito.internal.verification.api.VerificationData)	data	0
org.mockito.internal.verification.VerificationDataImpl	VerificationDataImpl(org.mockito.internal.stubbing.InvocationContainerImpl,org.mockito.internal.invocation.InvocationMatcher)	invocations	0
org.mockito.internal.verification.VerificationDataImpl	VerificationDataImpl(org.mockito.internal.stubbing.InvocationContainerImpl,org.mockito.internal.invocation.InvocationMatcher)	wanted	1
org.mockito.internal.verification.InOrderWrapper	InOrderWrapper(org.mockito.internal.verification.api.VerificationInOrderMode,org.mockito.internal.InOrderImpl)	mode	0
org.mockito.internal.verification.InOrderWrapper	InOrderWrapper(org.mockito.internal.verification.api.VerificationInOrderMode,org.mockito.internal.InOrderImpl)	inOrder	1
org.mockito.internal.verification.InOrderWrapper	verify(org.mockito.internal.verification.api.VerificationData)	data	0
org.mockito.internal.util.collections.IdentitySet	contains(java.lang.Object)	o	0
org.mockito.internal.util.collections.IdentitySet	add(java.lang.Object)	o	0
org.mockito.internal.verification.DefaultRegisteredInvocations	add(org.mockito.invocation.Invocation)	invocation	0
org.mockito.internal.verification.VerificationEventImpl	VerificationEventImpl(java.lang.Object,org.mockito.verification.VerificationMode,org.mockito.internal.verification.api.VerificationData,java.lang.Throwable)	mode	1
org.mockito.internal.verification.VerificationEventImpl	VerificationEventImpl(java.lang.Object,org.mockito.verification.VerificationMode,org.mockito.internal.verification.api.VerificationData,java.lang.Throwable)	data	2
org.mockito.internal.verification.VerificationEventImpl	VerificationEventImpl(java.lang.Object,org.mockito.verification.VerificationMode,org.mockito.internal.verification.api.VerificationData,java.lang.Throwable)	cause	3
org.mockito.internal.verification.VerificationEventImpl	VerificationEventImpl(java.lang.Object,org.mockito.verification.VerificationMode,org.mockito.internal.verification.api.VerificationData,java.lang.Throwable)	mock	0
org.mockito.internal.hamcrest.HamcrestArgumentMatcher	HamcrestArgumentMatcher(org.hamcrest.Matcher)	matcher	0
org.mockito.internal.hamcrest.HamcrestArgumentMatcher	matches(java.lang.Object)	argument	0
org.mockito.internal.configuration.InjectingAnnotationEngine	processInjectMocks(java.lang.Class,java.lang.Object)	clazz	0
org.mockito.internal.configuration.InjectingAnnotationEngine	processIndependentAnnotations(java.lang.Class,java.lang.Object)	clazz	0
org.mockito.internal.configuration.InjectingAnnotationEngine	injectCloseableMocks(java.lang.Object)	testClassInstance	0
org.mockito.internal.configuration.injection.scanner.MockScanner	MockScanner(java.lang.Object,java.lang.Class)	instance	0
org.mockito.internal.configuration.injection.scanner.MockScanner	MockScanner(java.lang.Object,java.lang.Class)	clazz	1
org.mockito.internal.configuration.injection.scanner.MockScanner	addPreparedMocks(java.util.Set)	mocks	0
org.mockito.internal.configuration.injection.scanner.MockScanner	preparedMock(java.lang.Object,java.lang.reflect.Field)	instance	0
org.mockito.internal.configuration.injection.scanner.MockScanner	isAnnotatedByMockOrSpy(java.lang.reflect.Field)	field	0
org.mockito.internal.configuration.injection.scanner.InjectMocksScanner	InjectMocksScanner(java.lang.Class)	clazz	0
org.mockito.internal.configuration.injection.scanner.InjectMocksScanner	addTo(java.util.Set)	mockDependentFields	0
org.mockito.internal.configuration.injection.scanner.InjectMocksScanner	assertNoAnnotations(java.lang.reflect.Field,java.lang.Class[])	annotations	1
org.mockito.internal.configuration.injection.scanner.InjectMocksScanner	assertNoAnnotations(java.lang.reflect.Field,java.lang.Class[])	field	0
org.mockito.internal.configuration.injection.MockInjectionStrategy	thenTry(org.mockito.internal.configuration.injection.MockInjectionStrategy)	strategy	0
org.mockito.internal.util.reflection.SuperTypesLastSorter	sortSuperTypesLast(java.util.Collection)	unsortedFields	0
org.mockito.internal.util.reflection.SuperTypesLastSorter$1	compare(java.lang.reflect.Field,java.lang.reflect.Field)	o2	1
org.mockito.internal.util.reflection.SuperTypesLastSorter$1	compare(java.lang.reflect.Field,java.lang.reflect.Field)	o1	0
org.mockito.internal.configuration.injection.PropertyAndSetterInjection$1	isOut(java.lang.reflect.Field)	object	0
org.mockito.internal.configuration.injection.PropertyAndSetterInjection	initializeInjectMocksField(java.lang.reflect.Field,java.lang.Object)	field	0
org.mockito.internal.configuration.injection.PropertyAndSetterInjection	initializeInjectMocksField(java.lang.reflect.Field,java.lang.Object)	fieldOwner	1
org.mockito.internal.configuration.injection.PropertyAndSetterInjection	injectMockCandidatesOnFields(java.util.Set,java.lang.Object,boolean,java.util.List)	injectionOccurred	2
org.mockito.internal.configuration.injection.PropertyAndSetterInjection	injectMockCandidatesOnFields(java.util.Set,java.lang.Object,boolean,java.util.List)	orderedCandidateInjecteeFields	3
org.mockito.internal.configuration.injection.PropertyAndSetterInjection	injectMockCandidatesOnFields(java.util.Set,java.lang.Object,boolean,java.util.List)	mocks	0
org.mockito.internal.configuration.injection.PropertyAndSetterInjection	orderedInstanceFieldsFrom(java.lang.Class)	awaitingInjectionClazz	0
org.mockito.internal.util.reflection.FieldInitializationReport	FieldInitializationReport(java.lang.Object,boolean,boolean)	wasInitializedUsingConstructorArgs	2
org.mockito.internal.util.reflection.FieldInitializationReport	FieldInitializationReport(java.lang.Object,boolean,boolean)	wasInitialized	1
org.mockito.internal.util.reflection.FieldInitializationReport	FieldInitializationReport(java.lang.Object,boolean,boolean)	fieldInstance	0
org.mockito.internal.util.Checks	checkNotNull(T,java.lang.String,java.lang.String)	value	0
org.mockito.internal.util.Checks	checkNotNull(T,java.lang.String,java.lang.String)	additionalMessage	2
org.mockito.internal.util.Checks	checkNotNull(T,java.lang.String,java.lang.String)	checkedValue	1
org.mockito.internal.util.Checks	checkItemsNotNull(T,java.lang.String)	iterable	0
org.mockito.internal.configuration.injection.MockInjection	onField(java.lang.reflect.Field,java.lang.Object)	ofInstance	1
org.mockito.internal.configuration.injection.MockInjection	onField(java.lang.reflect.Field,java.lang.Object)	field	0
org.mockito.internal.configuration.injection.MockInjection	onFields(java.util.Set,java.lang.Object)	ofInstance	1
org.mockito.internal.configuration.injection.MockInjection	onFields(java.util.Set,java.lang.Object)	fields	0
org.mockito.internal.util.reflection.FieldInitializer	FieldInitializer(java.lang.Object,java.lang.reflect.Field,org.mockito.internal.util.reflection.FieldInitializer.ConstructorInstantiator)	field	1
org.mockito.internal.util.reflection.FieldInitializer	FieldInitializer(java.lang.Object,java.lang.reflect.Field,org.mockito.internal.util.reflection.FieldInitializer.ConstructorInstantiator)	instantiator	2
org.mockito.internal.util.reflection.FieldInitializer	FieldInitializer(java.lang.Object,java.lang.reflect.Field,org.mockito.internal.util.reflection.FieldInitializer.ConstructorInstantiator)	fieldOwner	0
org.mockito.internal.util.reflection.FieldInitializer	checkNotLocal(java.lang.reflect.Field)	field	0
org.mockito.internal.util.reflection.FieldInitializer	checkNotInner(java.lang.reflect.Field)	field	0
org.mockito.internal.util.reflection.FieldInitializer	checkNotInterface(java.lang.reflect.Field)	field	0
org.mockito.internal.util.reflection.FieldInitializer	checkNotAbstract(java.lang.reflect.Field)	field	0
org.mockito.internal.util.reflection.FieldInitializer	checkNotEnum(java.lang.reflect.Field)	field	0
org.mockito.internal.util.reflection.FieldInitializer$NoArgConstructorInstantiator	NoArgConstructorInstantiator(java.lang.Object,java.lang.reflect.Field)	field	1
org.mockito.internal.util.reflection.FieldInitializer$NoArgConstructorInstantiator	NoArgConstructorInstantiator(java.lang.Object,java.lang.reflect.Field)	testClass	0
org.mockito.internal.util.reflection.FieldInitializer$ParameterizedConstructorInstantiator$1	compare(java.lang.reflect.Constructor,java.lang.reflect.Constructor)	constructorB	1
org.mockito.internal.util.reflection.FieldInitializer$ParameterizedConstructorInstantiator$1	compare(java.lang.reflect.Constructor,java.lang.reflect.Constructor)	constructorA	0
org.mockito.internal.util.reflection.FieldInitializer$ParameterizedConstructorInstantiator$1	countMockableParams(java.lang.reflect.Constructor)	constructor	0
org.mockito.internal.util.reflection.FieldInitializer$ParameterizedConstructorInstantiator	ParameterizedConstructorInstantiator(java.lang.Object,java.lang.reflect.Field,org.mockito.internal.util.reflection.FieldInitializer.ConstructorArgumentResolver)	argumentResolver	2
org.mockito.internal.util.reflection.FieldInitializer$ParameterizedConstructorInstantiator	ParameterizedConstructorInstantiator(java.lang.Object,java.lang.reflect.Field,org.mockito.internal.util.reflection.FieldInitializer.ConstructorArgumentResolver)	testClass	0
org.mockito.internal.util.reflection.FieldInitializer$ParameterizedConstructorInstantiator	ParameterizedConstructorInstantiator(java.lang.Object,java.lang.reflect.Field,org.mockito.internal.util.reflection.FieldInitializer.ConstructorArgumentResolver)	field	1
org.mockito.internal.util.reflection.FieldInitializer$ParameterizedConstructorInstantiator	checkParameterized(java.lang.reflect.Constructor,java.lang.reflect.Field)	field	1
org.mockito.internal.util.reflection.FieldInitializer$ParameterizedConstructorInstantiator	checkParameterized(java.lang.reflect.Constructor,java.lang.reflect.Field)	constructor	0
org.mockito.internal.util.reflection.FieldInitializer$ParameterizedConstructorInstantiator	biggestConstructor(java.lang.Class)	clazz	0
org.mockito.internal.configuration.injection.ConstructorInjection	processInjection(java.lang.reflect.Field,java.lang.Object,java.util.Set)	mockCandidates	2
org.mockito.internal.configuration.injection.ConstructorInjection	processInjection(java.lang.reflect.Field,java.lang.Object,java.util.Set)	field	0
org.mockito.internal.configuration.injection.ConstructorInjection	processInjection(java.lang.reflect.Field,java.lang.Object,java.util.Set)	fieldOwner	1
org.mockito.internal.configuration.injection.ConstructorInjection$SimpleArgumentResolver	SimpleArgumentResolver(java.util.Set)	objects	0
org.mockito.internal.configuration.injection.ConstructorInjection$SimpleArgumentResolver	resolveTypeInstances(java.lang.Class[])	argTypes	0
org.mockito.internal.configuration.injection.ConstructorInjection$SimpleArgumentResolver	objectThatIsAssignableFrom(java.lang.Class)	argType	0
org.mockito.internal.configuration.injection.SpyOnInjectedFieldsHandler	processInjection(java.lang.reflect.Field,java.lang.Object,java.util.Set)	field	0
org.mockito.internal.configuration.injection.SpyOnInjectedFieldsHandler	processInjection(java.lang.reflect.Field,java.lang.Object,java.util.Set)	fieldOwner	1
org.mockito.internal.configuration.injection.filter.TerminalMockCandidateFilter	filterCandidate(java.util.Collection,java.lang.reflect.Field,java.util.List,java.lang.Object)	candidateFieldToBeInjected	1
org.mockito.internal.configuration.injection.filter.TerminalMockCandidateFilter	filterCandidate(java.util.Collection,java.lang.reflect.Field,java.util.List,java.lang.Object)	injectee	3
org.mockito.internal.configuration.injection.filter.TerminalMockCandidateFilter	filterCandidate(java.util.Collection,java.lang.reflect.Field,java.util.List,java.lang.Object)	mocks	0
org.mockito.internal.configuration.injection.filter.NameBasedCandidateFilter	NameBasedCandidateFilter(org.mockito.internal.configuration.injection.filter.MockCandidateFilter)	next	0
org.mockito.internal.configuration.injection.filter.NameBasedCandidateFilter	filterCandidate(java.util.Collection,java.lang.reflect.Field,java.util.List,java.lang.Object)	mocks	0
org.mockito.internal.configuration.injection.filter.NameBasedCandidateFilter	tooMany(java.util.Collection)	mocks	0
org.mockito.internal.configuration.injection.filter.NameBasedCandidateFilter	selectMatchingName(java.util.Collection,java.lang.reflect.Field)	mocks	0
org.mockito.internal.configuration.injection.filter.NameBasedCandidateFilter	selectMatchingName(java.util.Collection,java.lang.reflect.Field)	candidateFieldToBeInjected	1
org.mockito.internal.configuration.injection.filter.NameBasedCandidateFilter	anotherCandidateMatchesMockName(java.util.Collection,java.lang.reflect.Field,java.util.List)	allRemainingCandidateFields	2
org.mockito.internal.configuration.injection.filter.NameBasedCandidateFilter	anotherCandidateMatchesMockName(java.util.Collection,java.lang.reflect.Field,java.util.List)	candidateFieldToBeInjected	1
org.mockito.internal.configuration.injection.filter.TypeBasedCandidateFilter	TypeBasedCandidateFilter(org.mockito.internal.configuration.injection.filter.MockCandidateFilter)	next	0
org.mockito.internal.configuration.injection.filter.TypeBasedCandidateFilter	filterCandidate(java.util.Collection,java.lang.reflect.Field,java.util.List,java.lang.Object)	candidateFieldToBeInjected	1
org.mockito.internal.configuration.injection.filter.TypeBasedCandidateFilter	filterCandidate(java.util.Collection,java.lang.reflect.Field,java.util.List,java.lang.Object)	mocks	0
org.mockito.internal.configuration.IndependentAnnotationEngine	forAnnotation(A)	annotation	0
org.mockito.internal.configuration.IndependentAnnotationEngine	registerAnnotationProcessor(java.lang.Class,org.mockito.internal.configuration.FieldAnnotationProcessor)	annotationClass	0
org.mockito.internal.configuration.IndependentAnnotationEngine	registerAnnotationProcessor(java.lang.Class,org.mockito.internal.configuration.FieldAnnotationProcessor)	fieldAnnotationProcessor	1
org.mockito.internal.configuration.IndependentAnnotationEngine	process(java.lang.Class,java.lang.Object)	clazz	0
org.mockito.internal.configuration.IndependentAnnotationEngine	throwIfAlreadyAssigned(java.lang.reflect.Field,boolean)	alreadyAssigned	1
org.mockito.internal.configuration.SpyAnnotationEngine	process(java.lang.Class,java.lang.Object)	context	0
org.mockito.internal.configuration.SpyAnnotationEngine	spyNewInstance(java.lang.Object,java.lang.reflect.Field)	testInstance	0
org.mockito.internal.configuration.SpyAnnotationEngine	spyNewInstance(java.lang.Object,java.lang.reflect.Field)	field	1
org.mockito.internal.configuration.SpyAnnotationEngine	noArgConstructorOf(java.lang.Class)	type	0
org.mockito.internal.configuration.SpyAnnotationEngine	typeIsNonStaticInnerClass(java.lang.Class,int)	type	0
org.mockito.internal.configuration.SpyAnnotationEngine	typeIsNonStaticInnerClass(java.lang.Class,int)	modifiers	1
org.mockito.internal.configuration.SpyAnnotationEngine	typeIsPrivateAbstractInnerClass(java.lang.Class,int)	modifiers	1
org.mockito.internal.configuration.SpyAnnotationEngine	typeIsPrivateAbstractInnerClass(java.lang.Class,int)	type	0
org.mockito.internal.configuration.SpyAnnotationEngine	assertNoIncompatibleAnnotations(java.lang.Class,java.lang.reflect.Field,java.lang.Class[])	undesiredAnnotations	2
org.mockito.internal.configuration.SpyAnnotationEngine	assertNoIncompatibleAnnotations(java.lang.Class,java.lang.reflect.Field,java.lang.Class[])	field	1
org.mockito.internal.configuration.MockAnnotationProcessor	processAnnotationForMock(org.mockito.Mock,java.lang.Class,org.mockito.internal.util.Supplier,java.lang.String)	annotation	0
org.mockito.internal.configuration.MockAnnotationProcessor	processAnnotationForMock(org.mockito.Mock,java.lang.Class,org.mockito.internal.util.Supplier,java.lang.String)	type	1
org.mockito.internal.configuration.MockAnnotationProcessor	inferParameterizedType(java.lang.reflect.Type,java.lang.String,java.lang.String)	type	0
org.mockito.internal.configuration.plugins.PluginLoader	PluginLoader(org.mockito.internal.configuration.plugins.DefaultMockitoPlugins,org.mockito.internal.configuration.plugins.PluginInitializer)	plugins	0
org.mockito.internal.configuration.plugins.PluginLoader	PluginLoader(org.mockito.internal.configuration.plugins.DefaultMockitoPlugins,org.mockito.internal.configuration.plugins.PluginInitializer)	initializer	1
org.mockito.internal.configuration.plugins.PluginLoader	loadPlugin(java.lang.Class,java.lang.Class)	alternatePluginType	1
org.mockito.internal.configuration.plugins.PluginLoader	loadPlugin(java.lang.Class,java.lang.Class)	preferredPluginType	0
org.mockito.internal.configuration.plugins.DefaultMockitoPlugins	getDefaultPlugin(java.lang.Class)	pluginType	0
org.mockito.internal.configuration.plugins.DefaultMockitoPlugins	getDefaultPluginClass(java.lang.String)	classOrAlias	0
org.mockito.internal.configuration.plugins.DefaultMockitoPlugins	create(java.lang.Class,java.lang.String)	className	1
org.mockito.internal.configuration.plugins.DefaultMockitoPlugins	create(java.lang.Class,java.lang.String)	pluginType	0
org.mockito.internal.configuration.plugins.PluginInitializer	PluginInitializer(org.mockito.plugins.PluginSwitch,java.lang.String,org.mockito.internal.configuration.plugins.DefaultMockitoPlugins)	pluginSwitch	0
org.mockito.internal.configuration.plugins.PluginInitializer	PluginInitializer(org.mockito.plugins.PluginSwitch,java.lang.String,org.mockito.internal.configuration.plugins.DefaultMockitoPlugins)	alias	1
org.mockito.internal.configuration.plugins.PluginInitializer	PluginInitializer(org.mockito.plugins.PluginSwitch,java.lang.String,org.mockito.internal.configuration.plugins.DefaultMockitoPlugins)	plugins	2
org.mockito.internal.configuration.plugins.PluginInitializer	loadImpl(java.lang.Class)	service	0
org.mockito.internal.configuration.plugins.PluginFinder	PluginFinder(org.mockito.plugins.PluginSwitch)	pluginSwitch	0
org.mockito.internal.configuration.plugins.PluginFinder	findPluginClass(java.lang.Iterable)	resources	0
org.mockito.internal.configuration.plugins.PluginFileReader	stripCommentAndWhitespace(java.lang.String)	line	0
org.mockito.internal.configuration.CaptorAnnotationProcessor	process(org.mockito.Captor,java.lang.reflect.Field)	field	1
org.mockito.internal.util.MockNameImpl	MockNameImpl(java.lang.String,java.lang.Class,boolean)	mockName	0
org.mockito.internal.util.MockNameImpl	MockNameImpl(java.lang.String,java.lang.Class,boolean)	mockedStatic	2
org.mockito.internal.util.MockNameImpl	MockNameImpl(java.lang.String)	mockName	0
org.mockito.internal.util.MockNameImpl	toInstanceName(java.lang.Class)	clazz	0
org.mockito.internal.util.MockNameImpl	toClassName(java.lang.Class)	clazz	0
org.mockito.internal.util.io.IOUtil	writeText(java.lang.String,java.io.File)	text	0
org.mockito.internal.util.io.IOUtil	writeText(java.lang.String,java.io.File)	output	1
org.mockito.internal.util.io.IOUtil	readLines(java.io.InputStream)	is	0
org.mockito.internal.util.io.IOUtil	close(java.io.Closeable)	closeable	0
org.mockito.internal.util.MockCreationValidator	validateExtraInterfaces(java.lang.Class,java.util.Collection)	classToMock	0
org.mockito.internal.util.MockCreationValidator	validateExtraInterfaces(java.lang.Class,java.util.Collection)	extraInterfaces	1
org.mockito.internal.util.MockCreationValidator	validateMockedType(java.lang.Class,java.lang.Object)	spiedInstance	1
org.mockito.internal.util.MockCreationValidator	validateMockedType(java.lang.Class,java.lang.Object)	classToMock	0
org.mockito.internal.util.MockCreationValidator	validateDelegatedInstance(java.lang.Class,java.lang.Object)	classToMock	0
org.mockito.internal.util.MockCreationValidator	validateDelegatedInstance(java.lang.Class,java.lang.Object)	delegatedInstance	1
org.mockito.internal.util.MockCreationValidator	validateConstructorUse(boolean,org.mockito.mock.SerializableMode)	usingConstructor	0
org.mockito.internal.util.MockCreationValidator	validateConstructorUse(boolean,org.mockito.mock.SerializableMode)	mode	1
org.mockito.internal.util.DefaultMockingDetails	DefaultMockingDetails(java.lang.Object)	toInspect	0
org.mockito.internal.util.JavaEightUtil	invokeNullaryFactoryMethod(java.lang.String,java.lang.String)	fqcn	0
org.mockito.internal.util.JavaEightUtil	invokeNullaryFactoryMethod(java.lang.String,java.lang.String)	methodName	1
org.mockito.internal.util.JavaEightUtil	getStaticFieldValue(java.lang.String,java.lang.String)	fqcn	0
org.mockito.internal.util.JavaEightUtil	getStaticFieldValue(java.lang.String,java.lang.String)	fieldName	1
org.mockito.internal.util.JavaEightUtil	getClass(java.lang.String)	fqcn	0
org.mockito.internal.util.JavaEightUtil	getMethod(java.lang.String,java.lang.String,java.lang.Class[])	methodName	1
org.mockito.internal.util.JavaEightUtil	getMethod(java.lang.String,java.lang.String,java.lang.Class[])	parameterClasses	2
org.mockito.internal.util.JavaEightUtil	getMethod(java.lang.String,java.lang.String,java.lang.Class[])	fqcn	0
org.mockito.internal.util.collections.HashCodeAndEqualsMockWrapper	HashCodeAndEqualsMockWrapper(java.lang.Object)	mockInstance	0
org.mockito.internal.util.collections.HashCodeAndEqualsMockWrapper	equals(java.lang.Object)	o	0
org.mockito.internal.util.collections.HashCodeAndEqualsMockWrapper	of(java.lang.Object)	mock	0
org.mockito.internal.util.collections.Iterables	toIterable(java.util.Enumeration)	in	0
org.mockito.internal.util.collections.Iterables	firstOf(java.lang.Iterable)	iterable	0
org.mockito.internal.util.collections.HashCodeAndEqualsSafeSet	equals(java.lang.Object)	o	0
org.mockito.internal.util.collections.HashCodeAndEqualsSafeSet	unwrapTo(T[])	array	0
org.mockito.internal.util.collections.HashCodeAndEqualsSafeSet	toArray(T[])	typedArray	0
org.mockito.internal.util.collections.HashCodeAndEqualsSafeSet	asWrappedMocks(java.util.Collection)	mocks	0
org.mockito.internal.util.collections.HashCodeAndEqualsSafeSet	of(java.lang.Iterable)	objects	0
org.mockito.internal.util.ConsoleMockitoLogger	log(java.lang.Object)	what	0
org.mockito.internal.util.reflection.FieldReader	FieldReader(java.lang.Object,java.lang.reflect.Field)	target	0
org.mockito.internal.util.reflection.FieldReader	FieldReader(java.lang.Object,java.lang.reflect.Field)	field	1
org.mockito.internal.util.reflection.LenientCopyTool	copy(T,T,java.lang.Class)	fromClazz	2
org.mockito.internal.util.reflection.LenientCopyTool	copyValues(T,T,java.lang.Class)	classFrom	2
org.mockito.internal.util.reflection.InstanceField	isAnnotatedBy(java.lang.Class)	annotationClass	0
org.mockito.internal.util.reflection.InstanceField	annotation(java.lang.Class)	annotationClass	0
org.mockito.internal.util.reflection.InstanceField	equals(java.lang.Object)	o	0
org.mockito.internal.util.reflection.InstrumentationMemberAccessor	newInstance(java.lang.reflect.Constructor,java.lang.Object[])	constructor	0
org.mockito.internal.util.reflection.InstrumentationMemberAccessor	newInstance(java.lang.reflect.Constructor,java.lang.Object[])	arguments	1
org.mockito.internal.util.reflection.InstrumentationMemberAccessor	invoke(java.lang.reflect.Method,java.lang.Object,java.lang.Object[])	method	0
org.mockito.internal.util.reflection.InstrumentationMemberAccessor	invoke(java.lang.reflect.Method,java.lang.Object,java.lang.Object[])	target	1
org.mockito.internal.util.reflection.InstrumentationMemberAccessor	invoke(java.lang.reflect.Method,java.lang.Object,java.lang.Object[])	arguments	2
org.mockito.internal.util.reflection.InstrumentationMemberAccessor	get(java.lang.reflect.Field,java.lang.Object)	target	1
org.mockito.internal.util.reflection.InstrumentationMemberAccessor	get(java.lang.reflect.Field,java.lang.Object)	field	0
org.mockito.internal.util.reflection.InstrumentationMemberAccessor	set(java.lang.reflect.Field,java.lang.Object,java.lang.Object)	target	1
org.mockito.internal.util.reflection.InstrumentationMemberAccessor	set(java.lang.reflect.Field,java.lang.Object,java.lang.Object)	field	0
org.mockito.internal.util.reflection.InstrumentationMemberAccessor	set(java.lang.reflect.Field,java.lang.Object,java.lang.Object)	value	2
org.mockito.internal.util.reflection.InstrumentationMemberAccessor	assureOpen(java.lang.Object,java.lang.String)	module	0
org.mockito.internal.util.reflection.InstrumentationMemberAccessor	assureOpen(java.lang.Object,java.lang.String)	packageName	1
org.mockito.internal.util.reflection.InstrumentationMemberAccessor	assureArguments(java.lang.reflect.AccessibleObject,java.lang.Object,java.lang.Class,java.lang.Object[],java.lang.Class[])	type	2
org.mockito.internal.util.reflection.InstrumentationMemberAccessor	assureArguments(java.lang.reflect.AccessibleObject,java.lang.Object,java.lang.Class,java.lang.Object[],java.lang.Class[])	values	3
org.mockito.internal.util.reflection.InstrumentationMemberAccessor	assureArguments(java.lang.reflect.AccessibleObject,java.lang.Object,java.lang.Class,java.lang.Object[],java.lang.Class[])	types	4
org.mockito.internal.util.reflection.InstrumentationMemberAccessor	assureArguments(java.lang.reflect.AccessibleObject,java.lang.Object,java.lang.Class,java.lang.Object[],java.lang.Class[])	owner	1
org.mockito.internal.util.reflection.InstrumentationMemberAccessor	assureArguments(java.lang.reflect.AccessibleObject,java.lang.Object,java.lang.Class,java.lang.Object[],java.lang.Class[])	target	0
org.mockito.internal.util.reflection.GenericMaster	getGenericType(java.lang.reflect.Field)	field	0
org.mockito.internal.util.reflection.Fields	allDeclaredFieldsOf(java.lang.Object)	instance	0
org.mockito.internal.util.reflection.Fields	declaredFieldsOf(java.lang.Object)	instance	0
org.mockito.internal.util.reflection.Fields	instanceFieldsIn(java.lang.Object,java.lang.reflect.Field[])	instance	0
org.mockito.internal.util.reflection.Fields	instanceFieldsIn(java.lang.Object,java.lang.reflect.Field[])	fields	1
org.mockito.internal.util.reflection.Fields	annotatedBy(java.lang.Class[])	annotations	0
org.mockito.internal.util.reflection.Fields$1	isOut(org.mockito.internal.util.reflection.InstanceField)	instanceField	0
org.mockito.internal.util.reflection.Fields$2	isOut(org.mockito.internal.util.reflection.InstanceField)	instanceField	0
org.mockito.internal.util.reflection.Fields$3	isOut(org.mockito.internal.util.reflection.InstanceField)	instanceField	0
org.mockito.internal.util.reflection.Fields$InstanceFields	InstanceFields(java.lang.Object,java.util.List)	instance	0
org.mockito.internal.util.reflection.Fields$InstanceFields	InstanceFields(java.lang.Object,java.util.List)	instanceFields	1
org.mockito.internal.util.reflection.ReflectionMemberAccessor	newInstance(java.lang.reflect.Constructor,java.lang.Object[])	arguments	1
org.mockito.internal.util.reflection.ReflectionMemberAccessor	newInstance(java.lang.reflect.Constructor,java.lang.Object[])	constructor	0
org.mockito.internal.util.reflection.ReflectionMemberAccessor	invoke(java.lang.reflect.Method,java.lang.Object,java.lang.Object[])	arguments	2
org.mockito.internal.util.reflection.ReflectionMemberAccessor	invoke(java.lang.reflect.Method,java.lang.Object,java.lang.Object[])	target	1
org.mockito.internal.util.reflection.ReflectionMemberAccessor	invoke(java.lang.reflect.Method,java.lang.Object,java.lang.Object[])	method	0
org.mockito.internal.util.reflection.ReflectionMemberAccessor	get(java.lang.reflect.Field,java.lang.Object)	field	0
org.mockito.internal.util.reflection.ReflectionMemberAccessor	get(java.lang.reflect.Field,java.lang.Object)	target	1
org.mockito.internal.util.reflection.ReflectionMemberAccessor	set(java.lang.reflect.Field,java.lang.Object,java.lang.Object)	target	1
org.mockito.internal.util.reflection.ReflectionMemberAccessor	set(java.lang.reflect.Field,java.lang.Object,java.lang.Object)	value	2
org.mockito.internal.util.reflection.ReflectionMemberAccessor	set(java.lang.reflect.Field,java.lang.Object,java.lang.Object)	field	0
org.mockito.internal.util.reflection.ReflectionMemberAccessor	silentSetAccessible(java.lang.reflect.AccessibleObject,boolean)	object	0
org.mockito.internal.util.reflection.ReflectionMemberAccessor	silentSetAccessible(java.lang.reflect.AccessibleObject,boolean)	value	1
org.mockito.internal.util.reflection.BeanPropertySetter	BeanPropertySetter(java.lang.Object,java.lang.reflect.Field,boolean)	target	0
org.mockito.internal.util.reflection.BeanPropertySetter	BeanPropertySetter(java.lang.Object,java.lang.reflect.Field,boolean)	reportNoSetterFound	2
org.mockito.internal.util.reflection.BeanPropertySetter	BeanPropertySetter(java.lang.Object,java.lang.reflect.Field,boolean)	propertyField	1
org.mockito.internal.util.reflection.BeanPropertySetter	set(java.lang.Object)	value	0
org.mockito.internal.util.reflection.BeanPropertySetter	setterName(java.lang.String)	fieldName	0
org.mockito.internal.util.Platform	isJava8BelowUpdate45(java.lang.String)	jvmVersion	0
org.mockito.internal.util.Platform	warnForVM(java.lang.String,java.lang.String,java.lang.String,java.lang.String,java.lang.String)	vmName1	1
org.mockito.internal.util.Platform	warnForVM(java.lang.String,java.lang.String,java.lang.String,java.lang.String,java.lang.String)	current	0
org.mockito.internal.util.Platform	warnForVM(java.lang.String,java.lang.String,java.lang.String,java.lang.String,java.lang.String)	warnMessage1	2
org.mockito.internal.util.Platform	warnForVM(java.lang.String,java.lang.String,java.lang.String,java.lang.String,java.lang.String)	warnMessage2	4
org.mockito.internal.util.Platform	warnForVM(java.lang.String,java.lang.String,java.lang.String,java.lang.String,java.lang.String)	vmName2	3
org.mockito.internal.debugging.Localized	Localized(T)	object	0
org.mockito.internal.debugging.WarningsPrinterImpl	WarningsPrinterImpl(boolean,org.mockito.internal.debugging.WarningsFinder)	finder	1
org.mockito.internal.debugging.WarningsPrinterImpl	WarningsPrinterImpl(boolean,org.mockito.internal.debugging.WarningsFinder)	warnAboutUnstubbed	0
org.mockito.internal.debugging.WarningsFinder	WarningsFinder(java.util.List,java.util.List)	unusedStubs	0
org.mockito.internal.debugging.WarningsFinder	WarningsFinder(java.util.List,java.util.List)	allInvocations	1
org.mockito.internal.debugging.WarningsFinder	find(org.mockito.internal.debugging.FindingsListener)	findingsListener	0
org.mockito.internal.debugging.VerboseMockInvocationLogger	VerboseMockInvocationLogger(java.io.PrintStream)	printStream	0
org.mockito.internal.debugging.VerboseMockInvocationLogger	printReturnedValueOrThrowable(org.mockito.listeners.MethodInvocationReport)	methodInvocationReport	0
org.mockito.internal.debugging.VerboseMockInvocationLogger	printStubInfo(org.mockito.listeners.MethodInvocationReport)	methodInvocationReport	0
org.mockito.internal.debugging.VerboseMockInvocationLogger	printInvocation(org.mockito.invocation.DescribedInvocation)	invocation	0
org.mockito.internal.debugging.VerboseMockInvocationLogger	printlnIndented(java.lang.String)	message	0
org.mockito.internal.debugging.InvocationsPrinter	printInvocations(java.lang.Object)	mock	0
org.mockito.internal.debugging.InvocationsPrinter$1	isOut(org.mockito.stubbing.Stubbing)	s	0
org.mockito.internal.debugging.LoggingListener	LoggingListener(boolean)	warnAboutUnstubbed	0
org.mockito.internal.debugging.LoggingListener	foundStubCalledWithDifferentArgs(org.mockito.invocation.Invocation,org.mockito.internal.invocation.InvocationMatcher)	unstubbed	1
org.mockito.internal.debugging.LoggingListener	foundStubCalledWithDifferentArgs(org.mockito.invocation.Invocation,org.mockito.internal.invocation.InvocationMatcher)	unused	0
org.mockito.internal.debugging.LoggingListener	indexOfNextPair(int)	collectionSize	0
org.mockito.internal.debugging.LoggingListener	foundUnusedStub(org.mockito.invocation.Invocation)	unused	0
org.mockito.internal.debugging.LoggingListener	foundUnstubbed(org.mockito.internal.invocation.InvocationMatcher)	unstubbed	0
org.mockito.internal.debugging.LoggingListener	addOrderedList(java.util.List,java.util.List)	target	0
org.mockito.internal.debugging.LoggingListener	addOrderedList(java.util.List,java.util.List)	additions	1
org.mockito.internal.debugging.MockitoDebuggerImpl	line(java.lang.String)	text	0
org.mockito.internal.debugging.MockitoDebuggerImpl	print(java.lang.String)	out	0
org.mockito.internal.debugging.LocationImpl	computeStackTraceInformation(org.mockito.internal.exceptions.stacktrace.StackTraceFilter,java.lang.Throwable,boolean)	stackTraceFilter	0
org.mockito.internal.MockedConstructionImpl	MockedConstructionImpl(org.mockito.plugins.MockMaker.ConstructionMockControl)	control	0
org.mockito.internal.runners.DefaultInternalRunner	DefaultInternalRunner(java.lang.Class,org.mockito.internal.util.Supplier)	testClass	0
org.mockito.internal.runners.DefaultInternalRunner	DefaultInternalRunner(java.lang.Class,org.mockito.internal.util.Supplier)	listenerSupplier	1
org.mockito.internal.runners.DefaultInternalRunner$1	withBefores(org.junit.runners.model.FrameworkMethod,java.lang.Object,org.junit.runners.model.Statement)	method	0
org.mockito.internal.runners.DefaultInternalRunner$1	withBefores(org.junit.runners.model.FrameworkMethod,java.lang.Object,org.junit.runners.model.Statement)	statement	2
org.mockito.internal.runners.DefaultInternalRunner$1	withBefores(org.junit.runners.model.FrameworkMethod,java.lang.Object,org.junit.runners.model.Statement)	target	1
org.mockito.internal.runners.DefaultInternalRunner$1	run(org.junit.runner.notification.RunNotifier)	notifier	0
org.mockito.internal.runners.DefaultInternalRunner$1$2	testFailure(org.junit.runner.notification.Failure)	failure	0
org.mockito.internal.runners.DefaultInternalRunner$1$2	testFinished(org.junit.runner.Description)	description	0
org.mockito.internal.runners.DefaultInternalRunner	run(org.junit.runner.notification.RunNotifier)	notifier	0
org.mockito.internal.runners.DefaultInternalRunner	filter(org.junit.runner.manipulation.Filter)	filter	0
org.mockito.internal.runners.StrictRunner	StrictRunner(org.mockito.internal.runners.InternalRunner,java.lang.Class)	testClass	1
org.mockito.internal.runners.StrictRunner	StrictRunner(org.mockito.internal.runners.InternalRunner,java.lang.Class)	runner	0
org.mockito.internal.runners.StrictRunner	run(org.junit.runner.notification.RunNotifier)	notifier	0
org.mockito.internal.runners.StrictRunner	filter(org.junit.runner.manipulation.Filter)	filter	0
org.mockito.internal.runners.util.TestMethodsFinder	hasTestMethods(java.lang.Class)	klass	0
org.mockito.internal.runners.RunnerFactory	create(java.lang.Class,org.mockito.internal.util.Supplier)	klass	0
org.mockito.internal.runners.util.RunnerProvider	newInstance(java.lang.String,java.lang.Object[])	runnerClassName	0
org.mockito.internal.runners.util.RunnerProvider	newInstance(java.lang.String,java.lang.Object[])	constructorArgs	1
org.mockito.internal.runners.util.FailureDetector	testFailure(org.junit.runner.notification.Failure)	failure	0
org.mockito.internal.exceptions.util.ScenarioPrinter	print(java.util.List)	invocations	0
org.mockito.internal.exceptions.stacktrace.DefaultStackTraceCleanerProvider	getStackTraceCleaner(org.mockito.exceptions.stacktrace.StackTraceCleaner)	defaultCleaner	0
org.mockito.internal.exceptions.stacktrace.DefaultStackTraceCleaner	isMockDispatcher(java.lang.String)	className	0
org.mockito.internal.exceptions.stacktrace.DefaultStackTraceCleaner	isFromMockito(java.lang.String)	className	0
org.mockito.internal.exceptions.stacktrace.DefaultStackTraceCleaner	isFromMockitoRule(java.lang.String)	className	0
org.mockito.internal.exceptions.stacktrace.DefaultStackTraceCleaner	isFromMockitoRunner(java.lang.String)	className	0
org.mockito.internal.exceptions.ExceptionIncludingMockitoWarnings	ExceptionIncludingMockitoWarnings(java.lang.String,java.lang.Throwable)	message	0
org.mockito.internal.exceptions.ExceptionIncludingMockitoWarnings	ExceptionIncludingMockitoWarnings(java.lang.String,java.lang.Throwable)	throwable	1
org.mockito.internal.progress.ArgumentMatcherStorageImpl	reportMatcher(org.mockito.ArgumentMatcher)	matcher	0
org.mockito.internal.progress.ArgumentMatcherStorageImpl	assertStateFor(java.lang.String,int)	subMatchersCount	1
org.mockito.internal.progress.MockingProgressImpl$1	maybeVerifyLazily(org.mockito.verification.VerificationMode)	mode	0
org.mockito.internal.progress.MockingProgressImpl	reportOngoingStubbing(org.mockito.stubbing.OngoingStubbing)	ongoingStubbing	0
org.mockito.internal.progress.MockingProgressImpl	verificationStarted(org.mockito.verification.VerificationMode)	verify	0
org.mockito.internal.progress.MockingProgressImpl	addListener(org.mockito.listeners.MockitoListener,java.util.Set)	listener	0
org.mockito.internal.progress.MockingProgressImpl	addListener(org.mockito.listeners.MockitoListener,java.util.Set)	listeners	1
org.mockito.internal.progress.MockingProgressImpl	removeListener(org.mockito.listeners.MockitoListener)	listener	0
org.mockito.internal.progress.MockingProgressImpl	setVerificationStrategy(org.mockito.verification.VerificationStrategy)	strategy	0
org.mockito.internal.MockedStaticImpl	MockedStaticImpl(org.mockito.plugins.MockMaker.StaticMockControl)	control	0
org.mockito.internal.MockedStaticImpl	when(org.mockito.MockedStatic.Verification)	verification	0
org.mockito.internal.MockedStaticImpl	verify(org.mockito.verification.VerificationMode,org.mockito.MockedStatic.Verification)	verification	1
org.mockito.internal.framework.DefaultMockitoSession	DefaultMockitoSession(java.util.List,java.lang.String,org.mockito.quality.Strictness,org.mockito.plugins.MockitoLogger)	strictness	2
org.mockito.internal.framework.DefaultMockitoSession	DefaultMockitoSession(java.util.List,java.lang.String,org.mockito.quality.Strictness,org.mockito.plugins.MockitoLogger)	logger	3
org.mockito.internal.framework.DefaultMockitoSession	DefaultMockitoSession(java.util.List,java.lang.String,org.mockito.quality.Strictness,org.mockito.plugins.MockitoLogger)	testClassInstances	0
org.mockito.internal.framework.DefaultMockitoSession	DefaultMockitoSession(java.util.List,java.lang.String,org.mockito.quality.Strictness,org.mockito.plugins.MockitoLogger)	name	1
org.mockito.internal.framework.DefaultMockitoSession	finishMocking(java.lang.Throwable)	failure	0
org.mockito.internal.reporting.SmartPrinter	SmartPrinter(org.mockito.invocation.MatchableInvocation,java.util.List,java.lang.Integer[])	allActualInvocations	1
org.mockito.internal.reporting.SmartPrinter	isMultiLine(org.mockito.invocation.MatchableInvocation,java.util.List)	wanted	0
org.mockito.internal.reporting.SmartPrinter	isMultiLine(org.mockito.invocation.MatchableInvocation,java.util.List)	allActualInvocations	1
org.mockito.internal.handler.InvocationNotifierHandler	InvocationNotifierHandler(org.mockito.invocation.MockHandler,org.mockito.mock.MockCreationSettings)	mockHandler	0
org.mockito.internal.handler.InvocationNotifierHandler	InvocationNotifierHandler(org.mockito.invocation.MockHandler,org.mockito.mock.MockCreationSettings)	settings	1
org.mockito.internal.handler.NotifiedMethodInvocationReport	NotifiedMethodInvocationReport(org.mockito.invocation.Invocation,java.lang.Object)	invocation	0
org.mockito.internal.handler.NotifiedMethodInvocationReport	NotifiedMethodInvocationReport(org.mockito.invocation.Invocation,java.lang.Object)	returnedValue	1
org.mockito.internal.handler.NotifiedMethodInvocationReport	NotifiedMethodInvocationReport(org.mockito.invocation.Invocation,java.lang.Throwable)	invocation	0
org.mockito.internal.handler.NotifiedMethodInvocationReport	NotifiedMethodInvocationReport(org.mockito.invocation.Invocation,java.lang.Throwable)	throwable	1
org.mockito.internal.handler.NotifiedMethodInvocationReport	equals(java.lang.Object)	o	0
org.mockito.internal.handler.MockHandlerImpl	MockHandlerImpl(org.mockito.mock.MockCreationSettings)	mockSettings	0
org.mockito.internal.handler.MockHandlerImpl	handle(org.mockito.invocation.Invocation)	invocation	0
org.mockito.internal.handler.NullResultGuardian	NullResultGuardian(org.mockito.invocation.MockHandler)	delegate	0
org.mockito.internal.handler.NullResultGuardian	handle(org.mockito.invocation.Invocation)	invocation	0
org.mockito.internal.session.DefaultMockitoSessionBuilder	initMocks(java.lang.Object)	testClassInstance	0
org.mockito.internal.session.DefaultMockitoSessionBuilder	initMocks(java.lang.Object[])	testClassInstances	0
org.mockito.internal.session.DefaultMockitoSessionBuilder	name(java.lang.String)	name	0
org.mockito.internal.session.DefaultMockitoSessionBuilder	strictness(org.mockito.quality.Strictness)	strictness	0
org.mockito.internal.session.DefaultMockitoSessionBuilder	logger(org.mockito.session.MockitoSessionLogger)	logger	0
org.mockito.internal.session.MockitoSessionLoggerAdapter	MockitoSessionLoggerAdapter(org.mockito.plugins.MockitoLogger)	logger	0
org.mockito.internal.session.MockitoLoggerAdapter	MockitoLoggerAdapter(org.mockito.session.MockitoSessionLogger)	logger	0
org.mockito.AdditionalAnswers	returnsArgAt(int)	position	0
org.mockito.AdditionalAnswers	delegatesTo(java.lang.Object)	delegate	0
org.mockito.AdditionalAnswers	returnsElementsOf(java.util.Collection)	elements	0
org.mockito.AdditionalAnswers	answersWithDelay(long,org.mockito.stubbing.Answer)	answer	1
org.mockito.AdditionalAnswers	answersWithDelay(long,org.mockito.stubbing.Answer)	sleepyTime	0
