REGION_CLASS	REGION_MEMBER	USED_MEMBER	USED_CLASS	SOURCE_TYPE
org.mockito.internal.util.StringUtil	decamelizeClassName(java.lang.String)	CAPS	org.mockito.internal.util.StringUtil	SOURCE
org.mockito.internal.progress.ThreadSafeMockingProgress	mockingProgress()	MOCKING_PROGRESS_PROVIDER	org.mockito.internal.progress.ThreadSafeMockingProgress	SOURCE
org.mockito.verification.VerificationMode	description(java.lang.String)	this	org.mockito.verification.VerificationMode	SOURCE
org.mockito.internal.matchers.LocalizedMatcher	LocalizedMatcher(org.mockito.ArgumentMatcher)	matcher	org.mockito.internal.matchers.LocalizedMatcher	SOURCE
org.mockito.internal.matchers.LocalizedMatcher	LocalizedMatcher(org.mockito.ArgumentMatcher)	this	org.mockito.internal.matchers.LocalizedMatcher	SOURCE
org.mockito.internal.matchers.LocalizedMatcher	LocalizedMatcher(org.mockito.ArgumentMatcher)	location	org.mockito.internal.matchers.LocalizedMatcher	SOURCE
org.mockito.internal.matchers.LocalizedMatcher	LocalizedMatcher(org.mockito.ArgumentMatcher)	this	org.mockito.internal.matchers.LocalizedMatcher	SOURCE
org.mockito.internal.matchers.LocalizedMatcher	getLocation()	location	org.mockito.internal.matchers.LocalizedMatcher	SOURCE
org.mockito.internal.matchers.LocalizedMatcher	getMatcher()	matcher	org.mockito.internal.matchers.LocalizedMatcher	SOURCE
org.mockito.internal.invocation.MatcherApplicationStrategy	MatcherApplicationStrategy(org.mockito.invocation.Invocation,java.util.List,org.mockito.internal.invocation.MatcherApplicationStrategy.MatcherApplicationType)	invocation	org.mockito.internal.invocation.MatcherApplicationStrategy	SOURCE
org.mockito.internal.invocation.MatcherApplicationStrategy	MatcherApplicationStrategy(org.mockito.invocation.Invocation,java.util.List,org.mockito.internal.invocation.MatcherApplicationStrategy.MatcherApplicationType)	this	org.mockito.internal.invocation.MatcherApplicationStrategy	SOURCE
org.mockito.internal.invocation.MatcherApplicationStrategy	MatcherApplicationStrategy(org.mockito.invocation.Invocation,java.util.List,org.mockito.internal.invocation.MatcherApplicationStrategy.MatcherApplicationType)	matchers	org.mockito.internal.invocation.MatcherApplicationStrategy	SOURCE
org.mockito.internal.invocation.MatcherApplicationStrategy	MatcherApplicationStrategy(org.mockito.invocation.Invocation,java.util.List,org.mockito.internal.invocation.MatcherApplicationStrategy.MatcherApplicationType)	this	org.mockito.internal.invocation.MatcherApplicationStrategy	SOURCE
org.mockito.internal.invocation.MatcherApplicationStrategy	MatcherApplicationStrategy(org.mockito.invocation.Invocation,java.util.List,org.mockito.internal.invocation.MatcherApplicationStrategy.MatcherApplicationType)	matchers	org.mockito.internal.invocation.MatcherApplicationStrategy	SOURCE
org.mockito.internal.invocation.MatcherApplicationStrategy	MatcherApplicationStrategy(org.mockito.invocation.Invocation,java.util.List,org.mockito.internal.invocation.MatcherApplicationStrategy.MatcherApplicationType)	this	org.mockito.internal.invocation.MatcherApplicationStrategy	SOURCE
org.mockito.internal.invocation.MatcherApplicationStrategy	MatcherApplicationStrategy(org.mockito.invocation.Invocation,java.util.List,org.mockito.internal.invocation.MatcherApplicationStrategy.MatcherApplicationType)	matchingType	org.mockito.internal.invocation.MatcherApplicationStrategy	SOURCE
org.mockito.internal.invocation.MatcherApplicationStrategy	MatcherApplicationStrategy(org.mockito.invocation.Invocation,java.util.List,org.mockito.internal.invocation.MatcherApplicationStrategy.MatcherApplicationType)	this	org.mockito.internal.invocation.MatcherApplicationStrategy	SOURCE
org.mockito.internal.invocation.MatcherApplicationStrategy	forEachMatcherAndArgument(org.mockito.internal.invocation.ArgumentMatcherAction)	matchingType	org.mockito.internal.invocation.MatcherApplicationStrategy	SOURCE
org.mockito.internal.invocation.MatcherApplicationStrategy	forEachMatcherAndArgument(org.mockito.internal.invocation.ArgumentMatcherAction)	invocation	org.mockito.internal.invocation.MatcherApplicationStrategy	SOURCE
org.mockito.internal.invocation.MatcherApplicationStrategy	forEachMatcherAndArgument(org.mockito.internal.invocation.ArgumentMatcherAction)	length	Array	SOURCE
org.mockito.internal.invocation.MatcherApplicationStrategy	forEachMatcherAndArgument(org.mockito.internal.invocation.ArgumentMatcherAction)	matchers	org.mockito.internal.invocation.MatcherApplicationStrategy	SOURCE
org.mockito.internal.invocation.MatcherApplicationStrategy	getMatcherApplicationType(org.mockito.invocation.Invocation,java.util.List)	length	Array	SOURCE
org.mockito.internal.invocation.MatcherApplicationStrategy	getMatcherApplicationType(org.mockito.invocation.Invocation,java.util.List)	length	Array	SOURCE
org.mockito.internal.invocation.MatcherApplicationStrategy	getMatcherApplicationType(org.mockito.invocation.Invocation,java.util.List)	length	Array	SOURCE
org.mockito.internal.invocation.MatcherApplicationStrategy	getMatcherApplicationType(org.mockito.invocation.Invocation,java.util.List)	length	Array	SOURCE
org.mockito.internal.invocation.MatcherApplicationStrategy	varargLength(org.mockito.invocation.Invocation)	length	Array	SOURCE
org.mockito.internal.invocation.MatcherApplicationStrategy	varargLength(org.mockito.invocation.Invocation)	length	Array	SOURCE
org.mockito.internal.invocation.MatcherApplicationStrategy	varargLength(org.mockito.invocation.Invocation)	length	Array	SOURCE
org.mockito.internal.invocation.MatcherApplicationStrategy	varargLength(org.mockito.invocation.Invocation)	length	Array	SOURCE
org.mockito.internal.invocation.TypeSafeMatching	matchesTypeSafe()	TYPE_SAFE_MATCHING_ACTION	org.mockito.internal.invocation.TypeSafeMatching	SOURCE
org.mockito.internal.invocation.TypeSafeMatching	isMatchesMethod(java.lang.reflect.Method)	length	Array	SOURCE
org.mockito.internal.invocation.InvocationMatcher	InvocationMatcher(org.mockito.invocation.Invocation,java.util.List)	invocation	org.mockito.internal.invocation.InvocationMatcher	SOURCE
org.mockito.internal.invocation.InvocationMatcher	InvocationMatcher(org.mockito.invocation.Invocation,java.util.List)	this	org.mockito.internal.invocation.InvocationMatcher	SOURCE
org.mockito.internal.invocation.InvocationMatcher	InvocationMatcher(org.mockito.invocation.Invocation,java.util.List)	matchers	org.mockito.internal.invocation.InvocationMatcher	SOURCE
org.mockito.internal.invocation.InvocationMatcher	InvocationMatcher(org.mockito.invocation.Invocation,java.util.List)	this	org.mockito.internal.invocation.InvocationMatcher	SOURCE
org.mockito.internal.invocation.InvocationMatcher	InvocationMatcher(org.mockito.invocation.Invocation,java.util.List)	matchers	org.mockito.internal.invocation.InvocationMatcher	SOURCE
org.mockito.internal.invocation.InvocationMatcher	InvocationMatcher(org.mockito.invocation.Invocation,java.util.List)	this	org.mockito.internal.invocation.InvocationMatcher	SOURCE
org.mockito.internal.invocation.InvocationMatcher	getMethod()	invocation	org.mockito.internal.invocation.InvocationMatcher	SOURCE
org.mockito.internal.invocation.InvocationMatcher	getInvocation()	invocation	org.mockito.internal.invocation.InvocationMatcher	SOURCE
org.mockito.internal.invocation.InvocationMatcher	getMatchers()	matchers	org.mockito.internal.invocation.InvocationMatcher	SOURCE
org.mockito.internal.invocation.InvocationMatcher	toString()	matchers	org.mockito.internal.invocation.InvocationMatcher	SOURCE
org.mockito.internal.invocation.InvocationMatcher	toString()	invocation	org.mockito.internal.invocation.InvocationMatcher	SOURCE
org.mockito.internal.invocation.InvocationMatcher	matches(org.mockito.invocation.Invocation)	invocation	org.mockito.internal.invocation.InvocationMatcher	SOURCE
org.mockito.internal.invocation.InvocationMatcher	hasSameMethod(org.mockito.invocation.Invocation)	invocation	org.mockito.internal.invocation.InvocationMatcher	SOURCE
org.mockito.internal.invocation.InvocationMatcher	getLocation()	invocation	org.mockito.internal.invocation.InvocationMatcher	SOURCE
org.mockito.internal.invocation.InvocationMatcher	captureArgumentsFrom(org.mockito.invocation.Invocation)	matchers	org.mockito.internal.invocation.InvocationMatcher	SOURCE
org.mockito.internal.util.Primitives	primitiveTypeOf(java.lang.Class)	PRIMITIVE_TYPES	org.mockito.internal.util.Primitives	SOURCE
org.mockito.internal.util.Primitives	isPrimitiveOrWrapper(java.lang.Class)	PRIMITIVE_OR_WRAPPER_DEFAULT_VALUES	org.mockito.internal.util.Primitives	SOURCE
org.mockito.internal.util.Primitives	defaultValue(java.lang.Class)	PRIMITIVE_OR_WRAPPER_DEFAULT_VALUES	org.mockito.internal.util.Primitives	SOURCE
org.mockito.internal.util.Primitives	PRIMITIVE_TYPES	PRIMITIVE_TYPES	org.mockito.internal.util.Primitives	SOURCE
org.mockito.internal.util.Primitives	null	class	java.lang.Boolean	SOURCE
org.mockito.internal.util.Primitives	null	TYPE	java.lang.Boolean	SOURCE
org.mockito.internal.util.Primitives	PRIMITIVE_TYPES	PRIMITIVE_TYPES	org.mockito.internal.util.Primitives	SOURCE
org.mockito.internal.util.Primitives	null	class	java.lang.Character	SOURCE
org.mockito.internal.util.Primitives	null	TYPE	java.lang.Character	SOURCE
org.mockito.internal.util.Primitives	PRIMITIVE_TYPES	PRIMITIVE_TYPES	org.mockito.internal.util.Primitives	SOURCE
org.mockito.internal.util.Primitives	null	class	java.lang.Byte	SOURCE
org.mockito.internal.util.Primitives	null	TYPE	java.lang.Byte	SOURCE
org.mockito.internal.util.Primitives	PRIMITIVE_TYPES	PRIMITIVE_TYPES	org.mockito.internal.util.Primitives	SOURCE
org.mockito.internal.util.Primitives	null	class	java.lang.Short	SOURCE
org.mockito.internal.util.Primitives	null	TYPE	java.lang.Short	SOURCE
org.mockito.internal.util.Primitives	PRIMITIVE_TYPES	PRIMITIVE_TYPES	org.mockito.internal.util.Primitives	SOURCE
org.mockito.internal.util.Primitives	null	class	java.lang.Integer	SOURCE
org.mockito.internal.util.Primitives	null	TYPE	java.lang.Integer	SOURCE
org.mockito.internal.util.Primitives	PRIMITIVE_TYPES	PRIMITIVE_TYPES	org.mockito.internal.util.Primitives	SOURCE
org.mockito.internal.util.Primitives	null	class	java.lang.Long	SOURCE
org.mockito.internal.util.Primitives	null	TYPE	java.lang.Long	SOURCE
org.mockito.internal.util.Primitives	PRIMITIVE_TYPES	PRIMITIVE_TYPES	org.mockito.internal.util.Primitives	SOURCE
org.mockito.internal.util.Primitives	null	class	java.lang.Float	SOURCE
org.mockito.internal.util.Primitives	null	TYPE	java.lang.Float	SOURCE
org.mockito.internal.util.Primitives	PRIMITIVE_TYPES	PRIMITIVE_TYPES	org.mockito.internal.util.Primitives	SOURCE
org.mockito.internal.util.Primitives	null	class	java.lang.Double	SOURCE
org.mockito.internal.util.Primitives	null	TYPE	java.lang.Double	SOURCE
org.mockito.internal.util.Primitives	PRIMITIVE_OR_WRAPPER_DEFAULT_VALUES	PRIMITIVE_OR_WRAPPER_DEFAULT_VALUES	org.mockito.internal.util.Primitives	SOURCE
org.mockito.internal.util.Primitives	null	class	java.lang.Boolean	SOURCE
org.mockito.internal.util.Primitives	PRIMITIVE_OR_WRAPPER_DEFAULT_VALUES	PRIMITIVE_OR_WRAPPER_DEFAULT_VALUES	org.mockito.internal.util.Primitives	SOURCE
org.mockito.internal.util.Primitives	null	class	java.lang.Character	SOURCE
org.mockito.internal.util.Primitives	PRIMITIVE_OR_WRAPPER_DEFAULT_VALUES	PRIMITIVE_OR_WRAPPER_DEFAULT_VALUES	org.mockito.internal.util.Primitives	SOURCE
org.mockito.internal.util.Primitives	null	class	java.lang.Byte	SOURCE
org.mockito.internal.util.Primitives	PRIMITIVE_OR_WRAPPER_DEFAULT_VALUES	PRIMITIVE_OR_WRAPPER_DEFAULT_VALUES	org.mockito.internal.util.Primitives	SOURCE
org.mockito.internal.util.Primitives	null	class	java.lang.Short	SOURCE
org.mockito.internal.util.Primitives	PRIMITIVE_OR_WRAPPER_DEFAULT_VALUES	PRIMITIVE_OR_WRAPPER_DEFAULT_VALUES	org.mockito.internal.util.Primitives	SOURCE
org.mockito.internal.util.Primitives	null	class	java.lang.Integer	SOURCE
org.mockito.internal.util.Primitives	PRIMITIVE_OR_WRAPPER_DEFAULT_VALUES	PRIMITIVE_OR_WRAPPER_DEFAULT_VALUES	org.mockito.internal.util.Primitives	SOURCE
org.mockito.internal.util.Primitives	null	class	java.lang.Long	SOURCE
org.mockito.internal.util.Primitives	PRIMITIVE_OR_WRAPPER_DEFAULT_VALUES	PRIMITIVE_OR_WRAPPER_DEFAULT_VALUES	org.mockito.internal.util.Primitives	SOURCE
org.mockito.internal.util.Primitives	null	class	java.lang.Float	SOURCE
org.mockito.internal.util.Primitives	PRIMITIVE_OR_WRAPPER_DEFAULT_VALUES	PRIMITIVE_OR_WRAPPER_DEFAULT_VALUES	org.mockito.internal.util.Primitives	SOURCE
org.mockito.internal.util.Primitives	null	class	java.lang.Double	SOURCE
org.mockito.internal.util.Primitives	PRIMITIVE_OR_WRAPPER_DEFAULT_VALUES	PRIMITIVE_OR_WRAPPER_DEFAULT_VALUES	org.mockito.internal.util.Primitives	SOURCE
org.mockito.internal.util.Primitives	null	class	null	SOURCE
org.mockito.internal.util.Primitives	PRIMITIVE_OR_WRAPPER_DEFAULT_VALUES	PRIMITIVE_OR_WRAPPER_DEFAULT_VALUES	org.mockito.internal.util.Primitives	SOURCE
org.mockito.internal.util.Primitives	null	class	null	SOURCE
org.mockito.internal.util.Primitives	PRIMITIVE_OR_WRAPPER_DEFAULT_VALUES	PRIMITIVE_OR_WRAPPER_DEFAULT_VALUES	org.mockito.internal.util.Primitives	SOURCE
org.mockito.internal.util.Primitives	null	class	null	SOURCE
org.mockito.internal.util.Primitives	PRIMITIVE_OR_WRAPPER_DEFAULT_VALUES	PRIMITIVE_OR_WRAPPER_DEFAULT_VALUES	org.mockito.internal.util.Primitives	SOURCE
org.mockito.internal.util.Primitives	null	class	null	SOURCE
org.mockito.internal.util.Primitives	PRIMITIVE_OR_WRAPPER_DEFAULT_VALUES	PRIMITIVE_OR_WRAPPER_DEFAULT_VALUES	org.mockito.internal.util.Primitives	SOURCE
org.mockito.internal.util.Primitives	null	class	null	SOURCE
org.mockito.internal.util.Primitives	PRIMITIVE_OR_WRAPPER_DEFAULT_VALUES	PRIMITIVE_OR_WRAPPER_DEFAULT_VALUES	org.mockito.internal.util.Primitives	SOURCE
org.mockito.internal.util.Primitives	null	class	null	SOURCE
org.mockito.internal.util.Primitives	PRIMITIVE_OR_WRAPPER_DEFAULT_VALUES	PRIMITIVE_OR_WRAPPER_DEFAULT_VALUES	org.mockito.internal.util.Primitives	SOURCE
org.mockito.internal.util.Primitives	null	class	null	SOURCE
org.mockito.internal.util.Primitives	PRIMITIVE_OR_WRAPPER_DEFAULT_VALUES	PRIMITIVE_OR_WRAPPER_DEFAULT_VALUES	org.mockito.internal.util.Primitives	SOURCE
org.mockito.internal.util.Primitives	null	class	null	SOURCE
org.mockito.ArgumentCaptor	ArgumentCaptor(java.lang.Class)	clazz	org.mockito.ArgumentCaptor	SOURCE
org.mockito.ArgumentCaptor	ArgumentCaptor(java.lang.Class)	this	org.mockito.ArgumentCaptor	SOURCE
org.mockito.ArgumentCaptor	capture()	capturingMatcher	org.mockito.ArgumentCaptor	SOURCE
org.mockito.ArgumentCaptor	capture()	clazz	org.mockito.ArgumentCaptor	SOURCE
org.mockito.ArgumentCaptor	getValue()	capturingMatcher	org.mockito.ArgumentCaptor	SOURCE
org.mockito.ArgumentCaptor	getValue()	this	org.mockito.ArgumentCaptor	SOURCE
org.mockito.ArgumentCaptor	getAllValues()	capturingMatcher	org.mockito.ArgumentCaptor	SOURCE
org.mockito.ArgumentCaptor	getAllValues()	this	org.mockito.ArgumentCaptor	SOURCE
org.mockito.internal.exceptions.Reporter	missingMethodInvocation()	NON_PUBLIC_PARENT	org.mockito.internal.exceptions.Reporter	SOURCE
org.mockito.internal.exceptions.Reporter	unfinishedVerificationException(org.mockito.invocation.Location)	NON_PUBLIC_PARENT	org.mockito.internal.exceptions.Reporter	SOURCE
org.mockito.internal.exceptions.Reporter	cannotStubVoidMethodWithAReturnValue(java.lang.String)	NON_PUBLIC_PARENT	org.mockito.internal.exceptions.Reporter	SOURCE
org.mockito.internal.exceptions.Reporter	misplacedArgumentMatcher(java.util.List)	NON_PUBLIC_PARENT	org.mockito.internal.exceptions.Reporter	SOURCE
org.mockito.internal.exceptions.Reporter	possibleArgumentTypesOf(org.mockito.invocation.InvocationOnMock)	length	Array	SOURCE
org.mockito.internal.exceptions.Reporter	possibleArgumentTypesOf(org.mockito.invocation.InvocationOnMock)	length	Array	SOURCE
org.mockito.internal.exceptions.Reporter	possibleArgumentTypesOf(org.mockito.invocation.InvocationOnMock)	length	Array	SOURCE
org.mockito.internal.matchers.CapturingMatcher	lock	lock	org.mockito.internal.matchers.CapturingMatcher	SOURCE
org.mockito.internal.matchers.CapturingMatcher	lock	lock	org.mockito.internal.matchers.CapturingMatcher	SOURCE
org.mockito.internal.matchers.CapturingMatcher	getLastValue()	readLock	org.mockito.internal.matchers.CapturingMatcher	SOURCE
org.mockito.internal.matchers.CapturingMatcher	getLastValue()	arguments	org.mockito.internal.matchers.CapturingMatcher	SOURCE
org.mockito.internal.matchers.CapturingMatcher	getLastValue()	arguments	org.mockito.internal.matchers.CapturingMatcher	SOURCE
org.mockito.internal.matchers.CapturingMatcher	getLastValue()	arguments	org.mockito.internal.matchers.CapturingMatcher	SOURCE
org.mockito.internal.matchers.CapturingMatcher	getLastValue()	readLock	org.mockito.internal.matchers.CapturingMatcher	SOURCE
org.mockito.internal.matchers.CapturingMatcher	getAllValues()	readLock	org.mockito.internal.matchers.CapturingMatcher	SOURCE
org.mockito.internal.matchers.CapturingMatcher	getAllValues()	arguments	org.mockito.internal.matchers.CapturingMatcher	SOURCE
org.mockito.internal.matchers.CapturingMatcher	getAllValues()	readLock	org.mockito.internal.matchers.CapturingMatcher	SOURCE
org.mockito.internal.matchers.CapturingMatcher	captureFrom(java.lang.Object)	writeLock	org.mockito.internal.matchers.CapturingMatcher	SOURCE
org.mockito.internal.matchers.CapturingMatcher	captureFrom(java.lang.Object)	arguments	org.mockito.internal.matchers.CapturingMatcher	SOURCE
org.mockito.internal.matchers.CapturingMatcher	captureFrom(java.lang.Object)	this	org.mockito.internal.matchers.CapturingMatcher	SOURCE
org.mockito.internal.matchers.CapturingMatcher	captureFrom(java.lang.Object)	writeLock	org.mockito.internal.matchers.CapturingMatcher	SOURCE
org.mockito.exceptions.base.MockitoException	filterStackTrace()	unfilteredStackTrace	org.mockito.exceptions.base.MockitoException	SOURCE
org.mockito.exceptions.base.MockitoException	filterStackTrace()	this	org.mockito.exceptions.base.MockitoException	SOURCE
org.mockito.exceptions.base.MockitoException	getUnfilteredStackTrace()	unfilteredStackTrace	org.mockito.exceptions.base.MockitoException	SOURCE
org.mockito.exceptions.base.MockitoAssertionError	MockitoAssertionError(java.lang.String)	unfilteredStackTrace	org.mockito.exceptions.base.MockitoAssertionError	SOURCE
org.mockito.exceptions.base.MockitoAssertionError	MockitoAssertionError(java.lang.String)	this	org.mockito.exceptions.base.MockitoAssertionError	SOURCE
org.mockito.exceptions.base.MockitoAssertionError	MockitoAssertionError(org.mockito.exceptions.base.MockitoAssertionError,java.lang.String)	super	org.mockito.exceptions.base.MockitoAssertionError	SOURCE
org.mockito.exceptions.base.MockitoAssertionError	MockitoAssertionError(org.mockito.exceptions.base.MockitoAssertionError,java.lang.String)	unfilteredStackTrace	org.mockito.exceptions.base.MockitoAssertionError	SOURCE
org.mockito.exceptions.base.MockitoAssertionError	MockitoAssertionError(java.lang.AssertionError,java.lang.String)	unfilteredStackTrace	org.mockito.exceptions.base.MockitoAssertionError	SOURCE
org.mockito.exceptions.base.MockitoAssertionError	MockitoAssertionError(java.lang.AssertionError,java.lang.String)	super	org.mockito.exceptions.base.MockitoAssertionError	SOURCE
org.mockito.exceptions.base.MockitoAssertionError	MockitoAssertionError(java.lang.AssertionError,java.lang.String)	unfilteredStackTrace	org.mockito.exceptions.base.MockitoAssertionError	SOURCE
org.mockito.exceptions.base.MockitoAssertionError	getUnfilteredStackTrace()	unfilteredStackTrace	org.mockito.exceptions.base.MockitoAssertionError	SOURCE
org.mockito.internal.reporting.Discrepancy	Discrepancy(int,int)	wantedCount	org.mockito.internal.reporting.Discrepancy	SOURCE
org.mockito.internal.reporting.Discrepancy	Discrepancy(int,int)	this	org.mockito.internal.reporting.Discrepancy	SOURCE
org.mockito.internal.reporting.Discrepancy	Discrepancy(int,int)	actualCount	org.mockito.internal.reporting.Discrepancy	SOURCE
org.mockito.internal.reporting.Discrepancy	Discrepancy(int,int)	this	org.mockito.internal.reporting.Discrepancy	SOURCE
org.mockito.internal.reporting.Discrepancy	getWantedCount()	wantedCount	org.mockito.internal.reporting.Discrepancy	SOURCE
org.mockito.internal.reporting.Discrepancy	getPluralizedWantedCount()	wantedCount	org.mockito.internal.reporting.Discrepancy	SOURCE
org.mockito.internal.reporting.Discrepancy	getActualCount()	actualCount	org.mockito.internal.reporting.Discrepancy	SOURCE
org.mockito.internal.reporting.Discrepancy	getPluralizedActualCount()	actualCount	org.mockito.internal.reporting.Discrepancy	SOURCE
org.mockito.ArgumentMatchers	anyObject()	ANY	org.mockito.internal.matchers.Any	SOURCE
org.mockito.ArgumentMatchers	anyBoolean()	class	java.lang.Boolean	SOURCE
org.mockito.ArgumentMatchers	anyByte()	class	java.lang.Byte	SOURCE
org.mockito.ArgumentMatchers	anyChar()	class	java.lang.Character	SOURCE
org.mockito.ArgumentMatchers	anyInt()	class	java.lang.Integer	SOURCE
org.mockito.ArgumentMatchers	anyLong()	class	java.lang.Long	SOURCE
org.mockito.ArgumentMatchers	anyFloat()	class	java.lang.Float	SOURCE
org.mockito.ArgumentMatchers	anyDouble()	class	java.lang.Double	SOURCE
org.mockito.ArgumentMatchers	anyShort()	class	java.lang.Short	SOURCE
org.mockito.ArgumentMatchers	anyString()	class	java.lang.String	SOURCE
org.mockito.ArgumentMatchers	anyList()	class	java.util.List	SOURCE
org.mockito.ArgumentMatchers	anySet()	class	java.util.Set	SOURCE
org.mockito.ArgumentMatchers	anyMap()	class	java.util.Map	SOURCE
org.mockito.ArgumentMatchers	anyCollection()	class	java.util.Collection	SOURCE
org.mockito.ArgumentMatchers	anyIterable()	class	java.lang.Iterable	SOURCE
org.mockito.ArgumentMatchers	isNull()	NULL	org.mockito.internal.matchers.Null	SOURCE
org.mockito.ArgumentMatchers	notNull()	NOT_NULL	org.mockito.internal.matchers.NotNull	SOURCE
org.mockito.junit.MockitoJUnitRunner	MockitoJUnitRunner(org.mockito.internal.runners.InternalRunner)	runner	org.mockito.junit.MockitoJUnitRunner	SOURCE
org.mockito.junit.MockitoJUnitRunner	MockitoJUnitRunner(org.mockito.internal.runners.InternalRunner)	this	org.mockito.junit.MockitoJUnitRunner	SOURCE
org.mockito.junit.MockitoJUnitRunner	run(org.junit.runner.notification.RunNotifier)	runner	org.mockito.junit.MockitoJUnitRunner	SOURCE
org.mockito.junit.MockitoJUnitRunner	getDescription()	runner	org.mockito.junit.MockitoJUnitRunner	SOURCE
org.mockito.junit.MockitoJUnitRunner	filter(org.junit.runner.manipulation.Filter)	runner	org.mockito.junit.MockitoJUnitRunner	SOURCE
org.mockito.BDDMockito$BDDOngoingStubbingImpl	BDDOngoingStubbingImpl(org.mockito.stubbing.OngoingStubbing)	mockitoOngoingStubbing	org.mockito.BDDMockito$BDDOngoingStubbingImpl	SOURCE
org.mockito.BDDMockito$BDDOngoingStubbingImpl	BDDOngoingStubbingImpl(org.mockito.stubbing.OngoingStubbing)	this	org.mockito.BDDMockito$BDDOngoingStubbingImpl	SOURCE
org.mockito.BDDMockito$BDDOngoingStubbingImpl	willAnswer(org.mockito.stubbing.Answer)	mockitoOngoingStubbing	org.mockito.BDDMockito$BDDOngoingStubbingImpl	SOURCE
org.mockito.BDDMockito$BDDOngoingStubbingImpl	will(org.mockito.stubbing.Answer)	mockitoOngoingStubbing	org.mockito.BDDMockito$BDDOngoingStubbingImpl	SOURCE
org.mockito.BDDMockito$BDDOngoingStubbingImpl	willReturn(T)	mockitoOngoingStubbing	org.mockito.BDDMockito$BDDOngoingStubbingImpl	SOURCE
org.mockito.BDDMockito$BDDOngoingStubbingImpl	willReturn(T,T[])	mockitoOngoingStubbing	org.mockito.BDDMockito$BDDOngoingStubbingImpl	SOURCE
org.mockito.BDDMockito$BDDOngoingStubbingImpl	willThrow(java.lang.Throwable[])	mockitoOngoingStubbing	org.mockito.BDDMockito$BDDOngoingStubbingImpl	SOURCE
org.mockito.BDDMockito$BDDOngoingStubbingImpl	willThrow(java.lang.Class)	mockitoOngoingStubbing	org.mockito.BDDMockito$BDDOngoingStubbingImpl	SOURCE
org.mockito.BDDMockito$BDDOngoingStubbingImpl	willThrow(java.lang.Class,java.lang.Class[])	mockitoOngoingStubbing	org.mockito.BDDMockito$BDDOngoingStubbingImpl	SOURCE
org.mockito.BDDMockito$BDDOngoingStubbingImpl	willCallRealMethod()	mockitoOngoingStubbing	org.mockito.BDDMockito$BDDOngoingStubbingImpl	SOURCE
org.mockito.BDDMockito$BDDOngoingStubbingImpl	getMock()	mockitoOngoingStubbing	org.mockito.BDDMockito$BDDOngoingStubbingImpl	SOURCE
org.mockito.BDDMockito$ThenImpl	ThenImpl(T)	mock	org.mockito.BDDMockito$ThenImpl	SOURCE
org.mockito.BDDMockito$ThenImpl	ThenImpl(T)	this	org.mockito.BDDMockito$ThenImpl	SOURCE
org.mockito.BDDMockito$ThenImpl	should()	mock	org.mockito.BDDMockito$ThenImpl	SOURCE
org.mockito.BDDMockito$ThenImpl	should(org.mockito.verification.VerificationMode)	mock	org.mockito.BDDMockito$ThenImpl	SOURCE
org.mockito.BDDMockito$ThenImpl	should(org.mockito.InOrder)	mock	org.mockito.BDDMockito$ThenImpl	SOURCE
org.mockito.BDDMockito$ThenImpl	should(org.mockito.InOrder,org.mockito.verification.VerificationMode)	mock	org.mockito.BDDMockito$ThenImpl	SOURCE
org.mockito.BDDMockito$ThenImpl	shouldHaveZeroInteractions()	mock	org.mockito.BDDMockito$ThenImpl	SOURCE
org.mockito.BDDMockito$ThenImpl	shouldHaveNoMoreInteractions()	mock	org.mockito.BDDMockito$ThenImpl	SOURCE
org.mockito.BDDMockito$ThenImpl	shouldHaveNoInteractions()	mock	org.mockito.BDDMockito$ThenImpl	SOURCE
org.mockito.BDDMockito$BDDStubberImpl	BDDStubberImpl(org.mockito.stubbing.Stubber)	mockitoStubber	org.mockito.BDDMockito$BDDStubberImpl	SOURCE
org.mockito.BDDMockito$BDDStubberImpl	BDDStubberImpl(org.mockito.stubbing.Stubber)	this	org.mockito.BDDMockito$BDDStubberImpl	SOURCE
org.mockito.BDDMockito$BDDStubberImpl	given(T)	mockitoStubber	org.mockito.BDDMockito$BDDStubberImpl	SOURCE
org.mockito.BDDMockito$BDDStubberImpl	willAnswer(org.mockito.stubbing.Answer)	mockitoStubber	org.mockito.BDDMockito$BDDStubberImpl	SOURCE
org.mockito.BDDMockito$BDDStubberImpl	will(org.mockito.stubbing.Answer)	mockitoStubber	org.mockito.BDDMockito$BDDStubberImpl	SOURCE
org.mockito.BDDMockito$BDDStubberImpl	willDoNothing()	mockitoStubber	org.mockito.BDDMockito$BDDStubberImpl	SOURCE
org.mockito.BDDMockito$BDDStubberImpl	willReturn(java.lang.Object)	mockitoStubber	org.mockito.BDDMockito$BDDStubberImpl	SOURCE
org.mockito.BDDMockito$BDDStubberImpl	willReturn(java.lang.Object,java.lang.Object[])	mockitoStubber	org.mockito.BDDMockito$BDDStubberImpl	SOURCE
org.mockito.BDDMockito$BDDStubberImpl	willThrow(java.lang.Throwable[])	mockitoStubber	org.mockito.BDDMockito$BDDStubberImpl	SOURCE
org.mockito.BDDMockito$BDDStubberImpl	willThrow(java.lang.Class)	mockitoStubber	org.mockito.BDDMockito$BDDStubberImpl	SOURCE
org.mockito.BDDMockito$BDDStubberImpl	willThrow(java.lang.Class,java.lang.Class[])	mockitoStubber	org.mockito.BDDMockito$BDDStubberImpl	SOURCE
org.mockito.BDDMockito$BDDStubberImpl	willCallRealMethod()	mockitoStubber	org.mockito.BDDMockito$BDDStubberImpl	SOURCE
org.mockito.Mockito	mock(java.lang.Class,java.lang.String)	RETURNS_DEFAULTS	org.mockito.Mockito	SOURCE
org.mockito.Mockito	mockingDetails(java.lang.Object)	MOCKITO_CORE	org.mockito.Mockito	SOURCE
org.mockito.Mockito	mock(java.lang.Class,org.mockito.MockSettings)	MOCKITO_CORE	org.mockito.Mockito	SOURCE
org.mockito.Mockito	spy(T)	MOCKITO_CORE	org.mockito.Mockito	SOURCE
org.mockito.Mockito	spy(T)	CALLS_REAL_METHODS	org.mockito.Mockito	SOURCE
org.mockito.Mockito	spy(java.lang.Class)	MOCKITO_CORE	org.mockito.Mockito	SOURCE
org.mockito.Mockito	spy(java.lang.Class)	CALLS_REAL_METHODS	org.mockito.Mockito	SOURCE
org.mockito.Mockito	mockStatic(java.lang.Class,org.mockito.MockSettings)	MOCKITO_CORE	org.mockito.Mockito	SOURCE
org.mockito.Mockito	mockConstructionWithAnswer(java.lang.Class,org.mockito.stubbing.Answer,org.mockito.stubbing.Answer[])	length	Array	SOURCE
org.mockito.Mockito	mockConstructionWithAnswer(java.lang.Class,org.mockito.stubbing.Answer,org.mockito.stubbing.Answer[])	length	Array	SOURCE
org.mockito.Mockito	mockConstructionWithAnswer(java.lang.Class,org.mockito.stubbing.Answer,org.mockito.stubbing.Answer[])	length	Array	SOURCE
org.mockito.Mockito	mockConstruction(java.lang.Class,java.util.function.Function,org.mockito.MockedConstruction.MockInitializer)	MOCKITO_CORE	org.mockito.Mockito	SOURCE
org.mockito.Mockito	when(T)	MOCKITO_CORE	org.mockito.Mockito	SOURCE
org.mockito.Mockito	verify(T)	MOCKITO_CORE	org.mockito.Mockito	SOURCE
org.mockito.Mockito	verify(T,org.mockito.verification.VerificationMode)	MOCKITO_CORE	org.mockito.Mockito	SOURCE
org.mockito.Mockito	reset(T[])	MOCKITO_CORE	org.mockito.Mockito	SOURCE
org.mockito.Mockito	clearInvocations(T[])	MOCKITO_CORE	org.mockito.Mockito	SOURCE
org.mockito.Mockito	verifyNoMoreInteractions(java.lang.Object[])	MOCKITO_CORE	org.mockito.Mockito	SOURCE
org.mockito.Mockito	verifyZeroInteractions(java.lang.Object[])	MOCKITO_CORE	org.mockito.Mockito	SOURCE
org.mockito.Mockito	verifyNoInteractions(java.lang.Object[])	MOCKITO_CORE	org.mockito.Mockito	SOURCE
org.mockito.Mockito	doThrow(java.lang.Throwable[])	MOCKITO_CORE	org.mockito.Mockito	SOURCE
org.mockito.Mockito	doThrow(java.lang.Class)	MOCKITO_CORE	org.mockito.Mockito	SOURCE
org.mockito.Mockito	doThrow(java.lang.Class,java.lang.Class[])	MOCKITO_CORE	org.mockito.Mockito	SOURCE
org.mockito.Mockito	doCallRealMethod()	MOCKITO_CORE	org.mockito.Mockito	SOURCE
org.mockito.Mockito	doAnswer(org.mockito.stubbing.Answer)	MOCKITO_CORE	org.mockito.Mockito	SOURCE
org.mockito.Mockito	doNothing()	MOCKITO_CORE	org.mockito.Mockito	SOURCE
org.mockito.Mockito	doReturn(java.lang.Object)	MOCKITO_CORE	org.mockito.Mockito	SOURCE
org.mockito.Mockito	doReturn(java.lang.Object,java.lang.Object[])	MOCKITO_CORE	org.mockito.Mockito	SOURCE
org.mockito.Mockito	inOrder(java.lang.Object[])	MOCKITO_CORE	org.mockito.Mockito	SOURCE
org.mockito.Mockito	ignoreStubs(java.lang.Object[])	MOCKITO_CORE	org.mockito.Mockito	SOURCE
org.mockito.Mockito	validateMockitoUsage()	MOCKITO_CORE	org.mockito.Mockito	SOURCE
org.mockito.Mockito	withSettings()	RETURNS_DEFAULTS	org.mockito.Mockito	SOURCE
org.mockito.Mockito	lenient()	MOCKITO_CORE	org.mockito.Mockito	SOURCE
org.mockito.internal.util.MockUtil	typeMockabilityOf(java.lang.Class)	mockMaker	org.mockito.internal.util.MockUtil	SOURCE
org.mockito.internal.util.MockUtil	createMock(org.mockito.mock.MockCreationSettings)	mockMaker	org.mockito.internal.util.MockUtil	SOURCE
org.mockito.internal.util.MockUtil	createMock(org.mockito.mock.MockCreationSettings)	mockMaker	org.mockito.internal.util.MockUtil	SOURCE
org.mockito.internal.util.MockUtil	createMock(org.mockito.mock.MockCreationSettings)	mockMaker	org.mockito.internal.util.MockUtil	SOURCE
org.mockito.internal.util.MockUtil	resetMock(T)	mockMaker	org.mockito.internal.util.MockUtil	SOURCE
org.mockito.internal.util.MockUtil	getMockHandler(T)	mockMaker	org.mockito.internal.util.MockUtil	SOURCE
org.mockito.internal.util.MockUtil	isSpy(java.lang.Object)	CALLS_REAL_METHODS	org.mockito.Mockito	SOURCE
org.mockito.internal.util.MockUtil	isMock(java.lang.Object)	mockMaker	org.mockito.internal.util.MockUtil	SOURCE
org.mockito.internal.util.MockUtil	createStaticMock(java.lang.Class,org.mockito.mock.MockCreationSettings)	mockMaker	org.mockito.internal.util.MockUtil	SOURCE
org.mockito.internal.util.MockUtil	createConstructionMock(java.lang.Class,java.util.function.Function,org.mockito.MockedConstruction.MockInitializer)	mockMaker	org.mockito.internal.util.MockUtil	SOURCE
org.mockito.internal.MockitoCore	mock(java.lang.Class,org.mockito.MockSettings)	class	org.mockito.internal.creation.MockSettingsImpl	SOURCE
org.mockito.internal.MockitoCore	mock(java.lang.Class,org.mockito.MockSettings)	class	org.mockito.internal.creation.MockSettingsImpl	SOURCE
org.mockito.internal.MockitoCore	mockStatic(java.lang.Class,org.mockito.MockSettings)	class	org.mockito.internal.creation.MockSettingsImpl	SOURCE
org.mockito.internal.MockitoCore	mockStatic(java.lang.Class,org.mockito.MockSettings)	class	org.mockito.internal.creation.MockSettingsImpl	SOURCE
org.mockito.internal.MockitoCore	mockConstruction(java.lang.Class,java.util.function.Function,org.mockito.MockedConstruction.MockInitializer)	class	org.mockito.internal.creation.MockSettingsImpl	SOURCE
org.mockito.internal.MockitoCore	mockConstruction(java.lang.Class,java.util.function.Function,org.mockito.MockedConstruction.MockInitializer)	class	org.mockito.internal.creation.MockSettingsImpl	SOURCE
org.mockito.internal.MockitoCore	assertMocksNotEmpty(java.lang.Object[])	length	Array	SOURCE
org.mockito.internal.MockitoCore	inOrder(java.lang.Object[])	length	Array	SOURCE
org.mockito.internal.stubbing.InvocationContainerImpl	InvocationContainerImpl(org.mockito.mock.MockCreationSettings)	registeredInvocations	org.mockito.internal.stubbing.InvocationContainerImpl	SOURCE
org.mockito.internal.stubbing.InvocationContainerImpl	InvocationContainerImpl(org.mockito.mock.MockCreationSettings)	this	org.mockito.internal.stubbing.InvocationContainerImpl	SOURCE
org.mockito.internal.stubbing.InvocationContainerImpl	InvocationContainerImpl(org.mockito.mock.MockCreationSettings)	mockStrictness	org.mockito.internal.stubbing.InvocationContainerImpl	SOURCE
org.mockito.internal.stubbing.InvocationContainerImpl	InvocationContainerImpl(org.mockito.mock.MockCreationSettings)	this	org.mockito.internal.stubbing.InvocationContainerImpl	SOURCE
org.mockito.internal.stubbing.InvocationContainerImpl	InvocationContainerImpl(org.mockito.mock.MockCreationSettings)	doAnswerStyleStubbing	org.mockito.internal.stubbing.InvocationContainerImpl	SOURCE
org.mockito.internal.stubbing.InvocationContainerImpl	InvocationContainerImpl(org.mockito.mock.MockCreationSettings)	this	org.mockito.internal.stubbing.InvocationContainerImpl	SOURCE
org.mockito.internal.stubbing.InvocationContainerImpl	setInvocationForPotentialStubbing(org.mockito.invocation.MatchableInvocation)	registeredInvocations	org.mockito.internal.stubbing.InvocationContainerImpl	SOURCE
org.mockito.internal.stubbing.InvocationContainerImpl	setInvocationForPotentialStubbing(org.mockito.invocation.MatchableInvocation)	invocationForStubbing	org.mockito.internal.stubbing.InvocationContainerImpl	SOURCE
org.mockito.internal.stubbing.InvocationContainerImpl	setInvocationForPotentialStubbing(org.mockito.invocation.MatchableInvocation)	this	org.mockito.internal.stubbing.InvocationContainerImpl	SOURCE
org.mockito.internal.stubbing.InvocationContainerImpl	resetInvocationForPotentialStubbing(org.mockito.invocation.MatchableInvocation)	invocationForStubbing	org.mockito.internal.stubbing.InvocationContainerImpl	SOURCE
org.mockito.internal.stubbing.InvocationContainerImpl	resetInvocationForPotentialStubbing(org.mockito.invocation.MatchableInvocation)	this	org.mockito.internal.stubbing.InvocationContainerImpl	SOURCE
org.mockito.internal.stubbing.InvocationContainerImpl	addAnswer(org.mockito.stubbing.Answer,org.mockito.quality.Strictness)	registeredInvocations	org.mockito.internal.stubbing.InvocationContainerImpl	SOURCE
org.mockito.internal.stubbing.InvocationContainerImpl	addAnswer(org.mockito.stubbing.Answer,boolean,org.mockito.quality.Strictness)	invocationForStubbing	org.mockito.internal.stubbing.InvocationContainerImpl	SOURCE
org.mockito.internal.stubbing.InvocationContainerImpl	addAnswer(org.mockito.stubbing.Answer,boolean,org.mockito.quality.Strictness)	stubbed	org.mockito.internal.stubbing.InvocationContainerImpl	SOURCE
org.mockito.internal.stubbing.InvocationContainerImpl	addAnswer(org.mockito.stubbing.Answer,boolean,org.mockito.quality.Strictness)	stubbed	org.mockito.internal.stubbing.InvocationContainerImpl	SOURCE
org.mockito.internal.stubbing.InvocationContainerImpl	addAnswer(org.mockito.stubbing.Answer,boolean,org.mockito.quality.Strictness)	mockStrictness	org.mockito.internal.stubbing.InvocationContainerImpl	SOURCE
org.mockito.internal.stubbing.InvocationContainerImpl	addAnswer(org.mockito.stubbing.Answer,boolean,org.mockito.quality.Strictness)	this	org.mockito.internal.stubbing.InvocationContainerImpl	SOURCE
org.mockito.internal.stubbing.InvocationContainerImpl	addAnswer(org.mockito.stubbing.Answer,boolean,org.mockito.quality.Strictness)	stubbed	org.mockito.internal.stubbing.InvocationContainerImpl	SOURCE
org.mockito.internal.stubbing.InvocationContainerImpl	addAnswer(org.mockito.stubbing.Answer,boolean,org.mockito.quality.Strictness)	invocationForStubbing	org.mockito.internal.stubbing.InvocationContainerImpl	SOURCE
org.mockito.internal.stubbing.InvocationContainerImpl	addAnswer(org.mockito.stubbing.Answer,boolean,org.mockito.quality.Strictness)	stubbed	org.mockito.internal.stubbing.InvocationContainerImpl	SOURCE
org.mockito.internal.stubbing.InvocationContainerImpl	findAnswerFor(org.mockito.invocation.Invocation)	stubbed	org.mockito.internal.stubbing.InvocationContainerImpl	SOURCE
org.mockito.internal.stubbing.InvocationContainerImpl	findAnswerFor(org.mockito.invocation.Invocation)	stubbed	org.mockito.internal.stubbing.InvocationContainerImpl	SOURCE
org.mockito.internal.stubbing.InvocationContainerImpl	setAnswersForStubbing(java.util.List,org.mockito.quality.Strictness)	doAnswerStyleStubbing	org.mockito.internal.stubbing.InvocationContainerImpl	SOURCE
org.mockito.internal.stubbing.InvocationContainerImpl	hasAnswersForStubbing()	doAnswerStyleStubbing	org.mockito.internal.stubbing.InvocationContainerImpl	SOURCE
org.mockito.internal.stubbing.InvocationContainerImpl	hasInvocationForPotentialStubbing()	registeredInvocations	org.mockito.internal.stubbing.InvocationContainerImpl	SOURCE
org.mockito.internal.stubbing.InvocationContainerImpl	setMethodForStubbing(org.mockito.invocation.MatchableInvocation)	invocationForStubbing	org.mockito.internal.stubbing.InvocationContainerImpl	SOURCE
org.mockito.internal.stubbing.InvocationContainerImpl	setMethodForStubbing(org.mockito.invocation.MatchableInvocation)	doAnswerStyleStubbing	org.mockito.internal.stubbing.InvocationContainerImpl	SOURCE
org.mockito.internal.stubbing.InvocationContainerImpl	setMethodForStubbing(org.mockito.invocation.MatchableInvocation)	doAnswerStyleStubbing	org.mockito.internal.stubbing.InvocationContainerImpl	SOURCE
org.mockito.internal.stubbing.InvocationContainerImpl	setMethodForStubbing(org.mockito.invocation.MatchableInvocation)	doAnswerStyleStubbing	org.mockito.internal.stubbing.InvocationContainerImpl	SOURCE
org.mockito.internal.stubbing.InvocationContainerImpl	setMethodForStubbing(org.mockito.invocation.MatchableInvocation)	doAnswerStyleStubbing	org.mockito.internal.stubbing.InvocationContainerImpl	SOURCE
org.mockito.internal.stubbing.InvocationContainerImpl	toString()	invocationForStubbing	org.mockito.internal.stubbing.InvocationContainerImpl	SOURCE
org.mockito.internal.stubbing.InvocationContainerImpl	getInvocations()	registeredInvocations	org.mockito.internal.stubbing.InvocationContainerImpl	SOURCE
org.mockito.internal.stubbing.InvocationContainerImpl	clearInvocations()	registeredInvocations	org.mockito.internal.stubbing.InvocationContainerImpl	SOURCE
org.mockito.internal.stubbing.InvocationContainerImpl	getStubbingsDescending()	stubbed	org.mockito.internal.stubbing.InvocationContainerImpl	SOURCE
org.mockito.internal.stubbing.InvocationContainerImpl	getStubbingsAscending()	stubbed	org.mockito.internal.stubbing.InvocationContainerImpl	SOURCE
org.mockito.internal.stubbing.InvocationContainerImpl	invokedMock()	invocationForStubbing	org.mockito.internal.stubbing.InvocationContainerImpl	SOURCE
org.mockito.internal.stubbing.InvocationContainerImpl	getInvocationForStubbing()	invocationForStubbing	org.mockito.internal.stubbing.InvocationContainerImpl	SOURCE
org.mockito.internal.stubbing.StubbedInvocationMatcher	StubbedInvocationMatcher(org.mockito.stubbing.Answer,org.mockito.invocation.MatchableInvocation,org.mockito.quality.Strictness)	strictness	org.mockito.internal.stubbing.StubbedInvocationMatcher	SOURCE
org.mockito.internal.stubbing.StubbedInvocationMatcher	StubbedInvocationMatcher(org.mockito.stubbing.Answer,org.mockito.invocation.MatchableInvocation,org.mockito.quality.Strictness)	this	org.mockito.internal.stubbing.StubbedInvocationMatcher	SOURCE
org.mockito.internal.stubbing.StubbedInvocationMatcher	StubbedInvocationMatcher(org.mockito.stubbing.Answer,org.mockito.invocation.MatchableInvocation,org.mockito.quality.Strictness)	answers	org.mockito.internal.stubbing.StubbedInvocationMatcher	SOURCE
org.mockito.internal.stubbing.StubbedInvocationMatcher	StubbedInvocationMatcher(org.mockito.stubbing.Answer,org.mockito.invocation.MatchableInvocation,org.mockito.quality.Strictness)	this	org.mockito.internal.stubbing.StubbedInvocationMatcher	SOURCE
org.mockito.internal.stubbing.StubbedInvocationMatcher	answer(org.mockito.invocation.InvocationOnMock)	answers	org.mockito.internal.stubbing.StubbedInvocationMatcher	SOURCE
org.mockito.internal.stubbing.StubbedInvocationMatcher	answer(org.mockito.invocation.InvocationOnMock)	answers	org.mockito.internal.stubbing.StubbedInvocationMatcher	SOURCE
org.mockito.internal.stubbing.StubbedInvocationMatcher	answer(org.mockito.invocation.InvocationOnMock)	answers	org.mockito.internal.stubbing.StubbedInvocationMatcher	SOURCE
org.mockito.internal.stubbing.StubbedInvocationMatcher	answer(org.mockito.invocation.InvocationOnMock)	answers	org.mockito.internal.stubbing.StubbedInvocationMatcher	SOURCE
org.mockito.internal.stubbing.StubbedInvocationMatcher	addAnswer(org.mockito.stubbing.Answer)	answers	org.mockito.internal.stubbing.StubbedInvocationMatcher	SOURCE
org.mockito.internal.stubbing.StubbedInvocationMatcher	markStubUsed(org.mockito.invocation.DescribedInvocation)	usedAt	org.mockito.internal.stubbing.StubbedInvocationMatcher	SOURCE
org.mockito.internal.stubbing.StubbedInvocationMatcher	markStubUsed(org.mockito.invocation.DescribedInvocation)	this	org.mockito.internal.stubbing.StubbedInvocationMatcher	SOURCE
org.mockito.internal.stubbing.StubbedInvocationMatcher	wasUsed()	usedAt	org.mockito.internal.stubbing.StubbedInvocationMatcher	SOURCE
org.mockito.internal.stubbing.StubbedInvocationMatcher	toString()	super	org.mockito.internal.stubbing.StubbedInvocationMatcher	SOURCE
org.mockito.internal.stubbing.StubbedInvocationMatcher	toString()	answers	org.mockito.internal.stubbing.StubbedInvocationMatcher	SOURCE
org.mockito.internal.stubbing.StubbedInvocationMatcher	getStrictness()	strictness	org.mockito.internal.stubbing.StubbedInvocationMatcher	SOURCE
org.mockito.internal.stubbing.DoAnswerStyleStubbing	setAnswers(java.util.List,org.mockito.quality.Strictness)	stubbingStrictness	org.mockito.internal.stubbing.DoAnswerStyleStubbing	SOURCE
org.mockito.internal.stubbing.DoAnswerStyleStubbing	setAnswers(java.util.List,org.mockito.quality.Strictness)	this	org.mockito.internal.stubbing.DoAnswerStyleStubbing	SOURCE
org.mockito.internal.stubbing.DoAnswerStyleStubbing	setAnswers(java.util.List,org.mockito.quality.Strictness)	answers	org.mockito.internal.stubbing.DoAnswerStyleStubbing	SOURCE
org.mockito.internal.stubbing.DoAnswerStyleStubbing	setAnswers(java.util.List,org.mockito.quality.Strictness)	this	org.mockito.internal.stubbing.DoAnswerStyleStubbing	SOURCE
org.mockito.internal.stubbing.DoAnswerStyleStubbing	isSet()	answers	org.mockito.internal.stubbing.DoAnswerStyleStubbing	SOURCE
org.mockito.internal.stubbing.DoAnswerStyleStubbing	clear()	answers	org.mockito.internal.stubbing.DoAnswerStyleStubbing	SOURCE
org.mockito.internal.stubbing.DoAnswerStyleStubbing	clear()	stubbingStrictness	org.mockito.internal.stubbing.DoAnswerStyleStubbing	SOURCE
org.mockito.internal.stubbing.DoAnswerStyleStubbing	getAnswers()	answers	org.mockito.internal.stubbing.DoAnswerStyleStubbing	SOURCE
org.mockito.internal.stubbing.DoAnswerStyleStubbing	getStubbingStrictness()	stubbingStrictness	org.mockito.internal.stubbing.DoAnswerStyleStubbing	SOURCE
org.mockito.internal.invocation.InvocationsFinder$RemoveNotMatching	RemoveNotMatching(org.mockito.invocation.MatchableInvocation)	wanted	org.mockito.internal.invocation.InvocationsFinder$RemoveNotMatching	SOURCE
org.mockito.internal.invocation.InvocationsFinder$RemoveNotMatching	RemoveNotMatching(org.mockito.invocation.MatchableInvocation)	this	org.mockito.internal.invocation.InvocationsFinder$RemoveNotMatching	SOURCE
org.mockito.internal.invocation.InvocationsFinder$RemoveNotMatching	isOut(org.mockito.invocation.Invocation)	wanted	org.mockito.internal.invocation.InvocationsFinder$RemoveNotMatching	SOURCE
org.mockito.internal.invocation.InvocationsFinder$RemoveUnverifiedInOrder	RemoveUnverifiedInOrder(org.mockito.internal.verification.api.InOrderContext)	orderingContext	org.mockito.internal.invocation.InvocationsFinder$RemoveUnverifiedInOrder	SOURCE
org.mockito.internal.invocation.InvocationsFinder$RemoveUnverifiedInOrder	RemoveUnverifiedInOrder(org.mockito.internal.verification.api.InOrderContext)	this	org.mockito.internal.invocation.InvocationsFinder$RemoveUnverifiedInOrder	SOURCE
org.mockito.internal.invocation.InvocationsFinder$RemoveUnverifiedInOrder	isOut(org.mockito.invocation.Invocation)	orderingContext	org.mockito.internal.invocation.InvocationsFinder$RemoveUnverifiedInOrder	SOURCE
org.mockito.internal.verification.argumentmatching.ArgumentMatchingTool	getSuspiciouslyNotMatchingArgsIndexes(java.util.List,java.lang.Object[])	length	Array	SOURCE
org.mockito.internal.verification.Times	Times(int)	wantedCount	org.mockito.internal.verification.Times	SOURCE
org.mockito.internal.verification.Times	Times(int)	this	org.mockito.internal.verification.Times	SOURCE
org.mockito.internal.verification.Times	verify(org.mockito.internal.verification.api.VerificationData)	wantedCount	org.mockito.internal.verification.Times	SOURCE
org.mockito.internal.verification.Times	verify(org.mockito.internal.verification.api.VerificationData)	wantedCount	org.mockito.internal.verification.Times	SOURCE
org.mockito.internal.verification.Times	verifyInOrder(org.mockito.internal.verification.api.VerificationDataInOrder)	wantedCount	org.mockito.internal.verification.Times	SOURCE
org.mockito.internal.verification.Times	verifyInOrder(org.mockito.internal.verification.api.VerificationDataInOrder)	wantedCount	org.mockito.internal.verification.Times	SOURCE
org.mockito.internal.verification.Times	toString()	wantedCount	org.mockito.internal.verification.Times	SOURCE
org.mockito.internal.verification.Times	description(java.lang.String)	this	org.mockito.internal.verification.Times	SOURCE
org.mockito.internal.verification.Calls	Calls(int)	wantedCount	org.mockito.internal.verification.Calls	SOURCE
org.mockito.internal.verification.Calls	Calls(int)	this	org.mockito.internal.verification.Calls	SOURCE
org.mockito.internal.verification.Calls	verifyInOrder(org.mockito.internal.verification.api.VerificationDataInOrder)	wantedCount	org.mockito.internal.verification.Calls	SOURCE
org.mockito.internal.verification.Calls	toString()	wantedCount	org.mockito.internal.verification.Calls	SOURCE
org.mockito.verification.Timeout	copySelfWithNewVerificationMode(org.mockito.verification.VerificationMode)	wrappedVerification	org.mockito.internal.verification.VerificationWrapper	SOURCE
org.mockito.internal.verification.VerificationWrapper	VerificationWrapper(WrapperType)	wrappedVerification	org.mockito.internal.verification.VerificationWrapper	SOURCE
org.mockito.internal.verification.VerificationWrapper	VerificationWrapper(WrapperType)	this	org.mockito.internal.verification.VerificationWrapper	SOURCE
org.mockito.internal.verification.VerificationWrapper	verify(org.mockito.internal.verification.api.VerificationData)	wrappedVerification	org.mockito.internal.verification.VerificationWrapper	SOURCE
org.mockito.internal.verification.VerificationOverTimeImpl	VerificationOverTimeImpl(long,org.mockito.verification.VerificationMode,boolean,org.mockito.internal.util.Timer)	pollingPeriodMillis	org.mockito.internal.verification.VerificationOverTimeImpl	SOURCE
org.mockito.internal.verification.VerificationOverTimeImpl	VerificationOverTimeImpl(long,org.mockito.verification.VerificationMode,boolean,org.mockito.internal.util.Timer)	this	org.mockito.internal.verification.VerificationOverTimeImpl	SOURCE
org.mockito.internal.verification.VerificationOverTimeImpl	VerificationOverTimeImpl(long,org.mockito.verification.VerificationMode,boolean,org.mockito.internal.util.Timer)	delegate	org.mockito.internal.verification.VerificationOverTimeImpl	SOURCE
org.mockito.internal.verification.VerificationOverTimeImpl	VerificationOverTimeImpl(long,org.mockito.verification.VerificationMode,boolean,org.mockito.internal.util.Timer)	this	org.mockito.internal.verification.VerificationOverTimeImpl	SOURCE
org.mockito.internal.verification.VerificationOverTimeImpl	VerificationOverTimeImpl(long,org.mockito.verification.VerificationMode,boolean,org.mockito.internal.util.Timer)	returnOnSuccess	org.mockito.internal.verification.VerificationOverTimeImpl	SOURCE
org.mockito.internal.verification.VerificationOverTimeImpl	VerificationOverTimeImpl(long,org.mockito.verification.VerificationMode,boolean,org.mockito.internal.util.Timer)	this	org.mockito.internal.verification.VerificationOverTimeImpl	SOURCE
org.mockito.internal.verification.VerificationOverTimeImpl	VerificationOverTimeImpl(long,org.mockito.verification.VerificationMode,boolean,org.mockito.internal.util.Timer)	timer	org.mockito.internal.verification.VerificationOverTimeImpl	SOURCE
org.mockito.internal.verification.VerificationOverTimeImpl	VerificationOverTimeImpl(long,org.mockito.verification.VerificationMode,boolean,org.mockito.internal.util.Timer)	this	org.mockito.internal.verification.VerificationOverTimeImpl	SOURCE
org.mockito.internal.verification.VerificationOverTimeImpl	verify(org.mockito.internal.verification.api.VerificationData)	timer	org.mockito.internal.verification.VerificationOverTimeImpl	SOURCE
org.mockito.internal.verification.VerificationOverTimeImpl	verify(org.mockito.internal.verification.api.VerificationData)	timer	org.mockito.internal.verification.VerificationOverTimeImpl	SOURCE
org.mockito.internal.verification.VerificationOverTimeImpl	verify(org.mockito.internal.verification.api.VerificationData)	delegate	org.mockito.internal.verification.VerificationOverTimeImpl	SOURCE
org.mockito.internal.verification.VerificationOverTimeImpl	verify(org.mockito.internal.verification.api.VerificationData)	returnOnSuccess	org.mockito.internal.verification.VerificationOverTimeImpl	SOURCE
org.mockito.internal.verification.VerificationOverTimeImpl	handleVerifyException(java.lang.AssertionError)	delegate	org.mockito.internal.verification.VerificationOverTimeImpl	SOURCE
org.mockito.internal.verification.VerificationOverTimeImpl	handleVerifyException(java.lang.AssertionError)	pollingPeriodMillis	org.mockito.internal.verification.VerificationOverTimeImpl	SOURCE
org.mockito.internal.verification.VerificationOverTimeImpl	copyWithVerificationMode(org.mockito.verification.VerificationMode)	pollingPeriodMillis	org.mockito.internal.verification.VerificationOverTimeImpl	SOURCE
org.mockito.internal.verification.VerificationOverTimeImpl	copyWithVerificationMode(org.mockito.verification.VerificationMode)	timer	org.mockito.internal.verification.VerificationOverTimeImpl	SOURCE
org.mockito.internal.verification.VerificationOverTimeImpl	copyWithVerificationMode(org.mockito.verification.VerificationMode)	returnOnSuccess	org.mockito.internal.verification.VerificationOverTimeImpl	SOURCE
org.mockito.internal.verification.VerificationOverTimeImpl	isReturnOnSuccess()	returnOnSuccess	org.mockito.internal.verification.VerificationOverTimeImpl	SOURCE
org.mockito.internal.verification.VerificationOverTimeImpl	getPollingPeriodMillis()	pollingPeriodMillis	org.mockito.internal.verification.VerificationOverTimeImpl	SOURCE
org.mockito.internal.verification.VerificationOverTimeImpl	getTimer()	timer	org.mockito.internal.verification.VerificationOverTimeImpl	SOURCE
org.mockito.internal.verification.VerificationOverTimeImpl	getDelegate()	delegate	org.mockito.internal.verification.VerificationOverTimeImpl	SOURCE
org.mockito.internal.util.Timer	Timer(long)	durationMillis	org.mockito.internal.util.Timer	SOURCE
org.mockito.internal.util.Timer	Timer(long)	this	org.mockito.internal.util.Timer	SOURCE
org.mockito.internal.util.Timer	isCounting()	startTime	org.mockito.internal.util.Timer	SOURCE
org.mockito.internal.util.Timer	isCounting()	startTime	org.mockito.internal.util.Timer	SOURCE
org.mockito.internal.util.Timer	isCounting()	durationMillis	org.mockito.internal.util.Timer	SOURCE
org.mockito.internal.util.Timer	start()	startTime	org.mockito.internal.util.Timer	SOURCE
org.mockito.internal.util.Timer	duration()	durationMillis	org.mockito.internal.util.Timer	SOURCE
org.mockito.verification.After	copySelfWithNewVerificationMode(org.mockito.verification.VerificationMode)	wrappedVerification	org.mockito.internal.verification.VerificationWrapper	SOURCE
org.mockito.internal.util.reflection.GenericTypeExtractor	genericTypeOf(java.lang.Class,java.lang.Class,java.lang.Class)	class	java.lang.Object	SOURCE
org.mockito.internal.util.reflection.GenericTypeExtractor	genericTypeOf(java.lang.Class,java.lang.Class,java.lang.Class)	class	java.lang.Object	SOURCE
org.mockito.internal.util.reflection.GenericTypeExtractor	findGenericInterface(java.lang.Class,java.lang.Class)	length	Array	SOURCE
org.mockito.internal.util.reflection.GenericTypeExtractor	extractGeneric(java.lang.reflect.Type)	length	Array	SOURCE
org.mockito.internal.util.reflection.GenericTypeExtractor	extractGeneric(java.lang.reflect.Type)	class	java.lang.Object	SOURCE
org.mockito.internal.hamcrest.MatcherGenericTypeExtractor	genericTypeOfMatcher(java.lang.Class)	class	org.hamcrest.BaseMatcher	SOURCE
org.mockito.internal.hamcrest.MatcherGenericTypeExtractor	genericTypeOfMatcher(java.lang.Class)	class	org.hamcrest.Matcher	SOURCE
org.mockito.runners.MockitoJUnitRunner	run(org.junit.runner.notification.RunNotifier)	super	org.mockito.runners.MockitoJUnitRunner	SOURCE
org.mockito.runners.MockitoJUnitRunner	getDescription()	super	org.mockito.runners.MockitoJUnitRunner	SOURCE
org.mockito.runners.MockitoJUnitRunner	filter(org.junit.runner.manipulation.Filter)	super	org.mockito.runners.MockitoJUnitRunner	SOURCE
org.mockito.runners.ConsoleSpammingMockitoJUnitRunner	ConsoleSpammingMockitoJUnitRunner(org.mockito.plugins.MockitoLogger,org.mockito.internal.runners.InternalRunner)	runner	org.mockito.runners.ConsoleSpammingMockitoJUnitRunner	SOURCE
org.mockito.runners.ConsoleSpammingMockitoJUnitRunner	ConsoleSpammingMockitoJUnitRunner(org.mockito.plugins.MockitoLogger,org.mockito.internal.runners.InternalRunner)	this	org.mockito.runners.ConsoleSpammingMockitoJUnitRunner	SOURCE
org.mockito.runners.ConsoleSpammingMockitoJUnitRunner	ConsoleSpammingMockitoJUnitRunner(org.mockito.plugins.MockitoLogger,org.mockito.internal.runners.InternalRunner)	logger	org.mockito.runners.ConsoleSpammingMockitoJUnitRunner	SOURCE
org.mockito.runners.ConsoleSpammingMockitoJUnitRunner	ConsoleSpammingMockitoJUnitRunner(org.mockito.plugins.MockitoLogger,org.mockito.internal.runners.InternalRunner)	this	org.mockito.runners.ConsoleSpammingMockitoJUnitRunner	SOURCE
org.mockito.runners.ConsoleSpammingMockitoJUnitRunner$1	testStarted(org.junit.runner.Description)	warningsCollector	org.mockito.runners.ConsoleSpammingMockitoJUnitRunner$1	SOURCE
org.mockito.runners.ConsoleSpammingMockitoJUnitRunner$1	testFailure(org.junit.runner.notification.Failure)	logger	org.mockito.runners.ConsoleSpammingMockitoJUnitRunner	SOURCE
org.mockito.runners.ConsoleSpammingMockitoJUnitRunner$1	testFailure(org.junit.runner.notification.Failure)	warningsCollector	org.mockito.runners.ConsoleSpammingMockitoJUnitRunner$1	SOURCE
org.mockito.runners.ConsoleSpammingMockitoJUnitRunner	run(org.junit.runner.notification.RunNotifier)	runner	org.mockito.runners.ConsoleSpammingMockitoJUnitRunner	SOURCE
org.mockito.runners.ConsoleSpammingMockitoJUnitRunner	getDescription()	runner	org.mockito.runners.ConsoleSpammingMockitoJUnitRunner	SOURCE
org.mockito.runners.ConsoleSpammingMockitoJUnitRunner	filter(org.junit.runner.manipulation.Filter)	runner	org.mockito.runners.ConsoleSpammingMockitoJUnitRunner	SOURCE
org.mockito.runners.VerboseMockitoJUnitRunner	VerboseMockitoJUnitRunner(org.mockito.internal.runners.InternalRunner)	runner	org.mockito.runners.VerboseMockitoJUnitRunner	SOURCE
org.mockito.runners.VerboseMockitoJUnitRunner	VerboseMockitoJUnitRunner(org.mockito.internal.runners.InternalRunner)	this	org.mockito.runners.VerboseMockitoJUnitRunner	SOURCE
org.mockito.runners.VerboseMockitoJUnitRunner$1	testStarted(org.junit.runner.Description)	warningsCollector	org.mockito.runners.VerboseMockitoJUnitRunner$1	SOURCE
org.mockito.runners.VerboseMockitoJUnitRunner$1	testFailure(org.junit.runner.notification.Failure)	warningsCollector	org.mockito.runners.VerboseMockitoJUnitRunner$1	SOURCE
org.mockito.runners.VerboseMockitoJUnitRunner	run(org.junit.runner.notification.RunNotifier)	runner	org.mockito.runners.VerboseMockitoJUnitRunner	SOURCE
org.mockito.runners.VerboseMockitoJUnitRunner	getDescription()	runner	org.mockito.runners.VerboseMockitoJUnitRunner	SOURCE
org.mockito.runners.VerboseMockitoJUnitRunner	filter(org.junit.runner.manipulation.Filter)	runner	org.mockito.runners.VerboseMockitoJUnitRunner	SOURCE
org.mockito.exceptions.verification.junit.ArgumentsAreDifferent	ArgumentsAreDifferent(java.lang.String,java.lang.String,java.lang.String)	message	org.mockito.exceptions.verification.junit.ArgumentsAreDifferent	SOURCE
org.mockito.exceptions.verification.junit.ArgumentsAreDifferent	ArgumentsAreDifferent(java.lang.String,java.lang.String,java.lang.String)	this	org.mockito.exceptions.verification.junit.ArgumentsAreDifferent	SOURCE
org.mockito.exceptions.verification.junit.ArgumentsAreDifferent	ArgumentsAreDifferent(java.lang.String,java.lang.String,java.lang.String)	unfilteredStackTrace	org.mockito.exceptions.verification.junit.ArgumentsAreDifferent	SOURCE
org.mockito.exceptions.verification.junit.ArgumentsAreDifferent	ArgumentsAreDifferent(java.lang.String,java.lang.String,java.lang.String)	this	org.mockito.exceptions.verification.junit.ArgumentsAreDifferent	SOURCE
org.mockito.exceptions.verification.junit.ArgumentsAreDifferent	getMessage()	message	org.mockito.exceptions.verification.junit.ArgumentsAreDifferent	SOURCE
org.mockito.exceptions.verification.junit.ArgumentsAreDifferent	getUnfilteredStackTrace()	unfilteredStackTrace	org.mockito.exceptions.verification.junit.ArgumentsAreDifferent	SOURCE
org.mockito.exceptions.verification.junit.ArgumentsAreDifferent	toString()	super	org.mockito.exceptions.verification.junit.ArgumentsAreDifferent	SOURCE
org.mockito.exceptions.verification.opentest4j.ArgumentsAreDifferent	ArgumentsAreDifferent(java.lang.String,java.lang.String,java.lang.String)	message	org.mockito.exceptions.verification.opentest4j.ArgumentsAreDifferent	SOURCE
org.mockito.exceptions.verification.opentest4j.ArgumentsAreDifferent	ArgumentsAreDifferent(java.lang.String,java.lang.String,java.lang.String)	this	org.mockito.exceptions.verification.opentest4j.ArgumentsAreDifferent	SOURCE
org.mockito.exceptions.verification.opentest4j.ArgumentsAreDifferent	ArgumentsAreDifferent(java.lang.String,java.lang.String,java.lang.String)	unfilteredStackTrace	org.mockito.exceptions.verification.opentest4j.ArgumentsAreDifferent	SOURCE
org.mockito.exceptions.verification.opentest4j.ArgumentsAreDifferent	ArgumentsAreDifferent(java.lang.String,java.lang.String,java.lang.String)	this	org.mockito.exceptions.verification.opentest4j.ArgumentsAreDifferent	SOURCE
org.mockito.exceptions.verification.opentest4j.ArgumentsAreDifferent	getMessage()	message	org.mockito.exceptions.verification.opentest4j.ArgumentsAreDifferent	SOURCE
org.mockito.exceptions.verification.opentest4j.ArgumentsAreDifferent	getUnfilteredStackTrace()	unfilteredStackTrace	org.mockito.exceptions.verification.opentest4j.ArgumentsAreDifferent	SOURCE
org.mockito.exceptions.verification.opentest4j.ArgumentsAreDifferent	toString()	super	org.mockito.exceptions.verification.opentest4j.ArgumentsAreDifferent	SOURCE
org.mockito.exceptions.verification.ArgumentsAreDifferent	toString()	super	org.mockito.exceptions.verification.ArgumentsAreDifferent	SOURCE
org.mockito.exceptions.verification.WantedButNotInvoked	toString()	super	org.mockito.exceptions.verification.WantedButNotInvoked	SOURCE
org.mockito.exceptions.base.MockitoSerializationIssue	filterStackTrace()	unfilteredStackTrace	org.mockito.exceptions.base.MockitoSerializationIssue	SOURCE
org.mockito.exceptions.base.MockitoSerializationIssue	filterStackTrace()	super	org.mockito.exceptions.base.MockitoSerializationIssue	SOURCE
org.mockito.exceptions.base.MockitoSerializationIssue	filterStackTrace()	this	org.mockito.exceptions.base.MockitoSerializationIssue	SOURCE
org.mockito.exceptions.base.MockitoSerializationIssue	getUnfilteredStackTrace()	unfilteredStackTrace	org.mockito.exceptions.base.MockitoSerializationIssue	SOURCE
org.mockito.internal.listeners.StubbingLookupNotifier$Event	Event(org.mockito.invocation.Invocation,org.mockito.stubbing.Stubbing,java.util.Collection,org.mockito.mock.MockCreationSettings)	invocation	org.mockito.internal.listeners.StubbingLookupNotifier$Event	SOURCE
org.mockito.internal.listeners.StubbingLookupNotifier$Event	Event(org.mockito.invocation.Invocation,org.mockito.stubbing.Stubbing,java.util.Collection,org.mockito.mock.MockCreationSettings)	this	org.mockito.internal.listeners.StubbingLookupNotifier$Event	SOURCE
org.mockito.internal.listeners.StubbingLookupNotifier$Event	Event(org.mockito.invocation.Invocation,org.mockito.stubbing.Stubbing,java.util.Collection,org.mockito.mock.MockCreationSettings)	stubbing	org.mockito.internal.listeners.StubbingLookupNotifier$Event	SOURCE
org.mockito.internal.listeners.StubbingLookupNotifier$Event	Event(org.mockito.invocation.Invocation,org.mockito.stubbing.Stubbing,java.util.Collection,org.mockito.mock.MockCreationSettings)	this	org.mockito.internal.listeners.StubbingLookupNotifier$Event	SOURCE
org.mockito.internal.listeners.StubbingLookupNotifier$Event	Event(org.mockito.invocation.Invocation,org.mockito.stubbing.Stubbing,java.util.Collection,org.mockito.mock.MockCreationSettings)	allStubbings	org.mockito.internal.listeners.StubbingLookupNotifier$Event	SOURCE
org.mockito.internal.listeners.StubbingLookupNotifier$Event	Event(org.mockito.invocation.Invocation,org.mockito.stubbing.Stubbing,java.util.Collection,org.mockito.mock.MockCreationSettings)	this	org.mockito.internal.listeners.StubbingLookupNotifier$Event	SOURCE
org.mockito.internal.listeners.StubbingLookupNotifier$Event	Event(org.mockito.invocation.Invocation,org.mockito.stubbing.Stubbing,java.util.Collection,org.mockito.mock.MockCreationSettings)	mockSettings	org.mockito.internal.listeners.StubbingLookupNotifier$Event	SOURCE
org.mockito.internal.listeners.StubbingLookupNotifier$Event	Event(org.mockito.invocation.Invocation,org.mockito.stubbing.Stubbing,java.util.Collection,org.mockito.mock.MockCreationSettings)	this	org.mockito.internal.listeners.StubbingLookupNotifier$Event	SOURCE
org.mockito.internal.listeners.StubbingLookupNotifier$Event	getInvocation()	invocation	org.mockito.internal.listeners.StubbingLookupNotifier$Event	SOURCE
org.mockito.internal.listeners.StubbingLookupNotifier$Event	getStubbingFound()	stubbing	org.mockito.internal.listeners.StubbingLookupNotifier$Event	SOURCE
org.mockito.internal.listeners.StubbingLookupNotifier$Event	getAllStubbings()	allStubbings	org.mockito.internal.listeners.StubbingLookupNotifier$Event	SOURCE
org.mockito.internal.listeners.StubbingLookupNotifier$Event	getMockSettings()	mockSettings	org.mockito.internal.listeners.StubbingLookupNotifier$Event	SOURCE
org.mockito.internal.creation.settings.CreationSettings	CreationSettings(org.mockito.internal.creation.settings.CreationSettings)	typeToMock	org.mockito.internal.creation.settings.CreationSettings	SOURCE
org.mockito.internal.creation.settings.CreationSettings	CreationSettings(org.mockito.internal.creation.settings.CreationSettings)	this	org.mockito.internal.creation.settings.CreationSettings	SOURCE
org.mockito.internal.creation.settings.CreationSettings	CreationSettings(org.mockito.internal.creation.settings.CreationSettings)	typeToMock	org.mockito.internal.creation.settings.CreationSettings	SOURCE
org.mockito.internal.creation.settings.CreationSettings	CreationSettings(org.mockito.internal.creation.settings.CreationSettings)	extraInterfaces	org.mockito.internal.creation.settings.CreationSettings	SOURCE
org.mockito.internal.creation.settings.CreationSettings	CreationSettings(org.mockito.internal.creation.settings.CreationSettings)	this	org.mockito.internal.creation.settings.CreationSettings	SOURCE
org.mockito.internal.creation.settings.CreationSettings	CreationSettings(org.mockito.internal.creation.settings.CreationSettings)	extraInterfaces	org.mockito.internal.creation.settings.CreationSettings	SOURCE
org.mockito.internal.creation.settings.CreationSettings	CreationSettings(org.mockito.internal.creation.settings.CreationSettings)	name	org.mockito.internal.creation.settings.CreationSettings	SOURCE
org.mockito.internal.creation.settings.CreationSettings	CreationSettings(org.mockito.internal.creation.settings.CreationSettings)	this	org.mockito.internal.creation.settings.CreationSettings	SOURCE
org.mockito.internal.creation.settings.CreationSettings	CreationSettings(org.mockito.internal.creation.settings.CreationSettings)	name	org.mockito.internal.creation.settings.CreationSettings	SOURCE
org.mockito.internal.creation.settings.CreationSettings	CreationSettings(org.mockito.internal.creation.settings.CreationSettings)	spiedInstance	org.mockito.internal.creation.settings.CreationSettings	SOURCE
org.mockito.internal.creation.settings.CreationSettings	CreationSettings(org.mockito.internal.creation.settings.CreationSettings)	this	org.mockito.internal.creation.settings.CreationSettings	SOURCE
org.mockito.internal.creation.settings.CreationSettings	CreationSettings(org.mockito.internal.creation.settings.CreationSettings)	spiedInstance	org.mockito.internal.creation.settings.CreationSettings	SOURCE
org.mockito.internal.creation.settings.CreationSettings	CreationSettings(org.mockito.internal.creation.settings.CreationSettings)	defaultAnswer	org.mockito.internal.creation.settings.CreationSettings	SOURCE
org.mockito.internal.creation.settings.CreationSettings	CreationSettings(org.mockito.internal.creation.settings.CreationSettings)	this	org.mockito.internal.creation.settings.CreationSettings	SOURCE
org.mockito.internal.creation.settings.CreationSettings	CreationSettings(org.mockito.internal.creation.settings.CreationSettings)	defaultAnswer	org.mockito.internal.creation.settings.CreationSettings	SOURCE
org.mockito.internal.creation.settings.CreationSettings	CreationSettings(org.mockito.internal.creation.settings.CreationSettings)	mockName	org.mockito.internal.creation.settings.CreationSettings	SOURCE
org.mockito.internal.creation.settings.CreationSettings	CreationSettings(org.mockito.internal.creation.settings.CreationSettings)	this	org.mockito.internal.creation.settings.CreationSettings	SOURCE
org.mockito.internal.creation.settings.CreationSettings	CreationSettings(org.mockito.internal.creation.settings.CreationSettings)	mockName	org.mockito.internal.creation.settings.CreationSettings	SOURCE
org.mockito.internal.creation.settings.CreationSettings	CreationSettings(org.mockito.internal.creation.settings.CreationSettings)	serializableMode	org.mockito.internal.creation.settings.CreationSettings	SOURCE
org.mockito.internal.creation.settings.CreationSettings	CreationSettings(org.mockito.internal.creation.settings.CreationSettings)	this	org.mockito.internal.creation.settings.CreationSettings	SOURCE
org.mockito.internal.creation.settings.CreationSettings	CreationSettings(org.mockito.internal.creation.settings.CreationSettings)	serializableMode	org.mockito.internal.creation.settings.CreationSettings	SOURCE
org.mockito.internal.creation.settings.CreationSettings	CreationSettings(org.mockito.internal.creation.settings.CreationSettings)	invocationListeners	org.mockito.internal.creation.settings.CreationSettings	SOURCE
org.mockito.internal.creation.settings.CreationSettings	CreationSettings(org.mockito.internal.creation.settings.CreationSettings)	this	org.mockito.internal.creation.settings.CreationSettings	SOURCE
org.mockito.internal.creation.settings.CreationSettings	CreationSettings(org.mockito.internal.creation.settings.CreationSettings)	invocationListeners	org.mockito.internal.creation.settings.CreationSettings	SOURCE
org.mockito.internal.creation.settings.CreationSettings	CreationSettings(org.mockito.internal.creation.settings.CreationSettings)	stubbingLookupListeners	org.mockito.internal.creation.settings.CreationSettings	SOURCE
org.mockito.internal.creation.settings.CreationSettings	CreationSettings(org.mockito.internal.creation.settings.CreationSettings)	this	org.mockito.internal.creation.settings.CreationSettings	SOURCE
org.mockito.internal.creation.settings.CreationSettings	CreationSettings(org.mockito.internal.creation.settings.CreationSettings)	stubbingLookupListeners	org.mockito.internal.creation.settings.CreationSettings	SOURCE
org.mockito.internal.creation.settings.CreationSettings	CreationSettings(org.mockito.internal.creation.settings.CreationSettings)	verificationStartedListeners	org.mockito.internal.creation.settings.CreationSettings	SOURCE
org.mockito.internal.creation.settings.CreationSettings	CreationSettings(org.mockito.internal.creation.settings.CreationSettings)	this	org.mockito.internal.creation.settings.CreationSettings	SOURCE
org.mockito.internal.creation.settings.CreationSettings	CreationSettings(org.mockito.internal.creation.settings.CreationSettings)	verificationStartedListeners	org.mockito.internal.creation.settings.CreationSettings	SOURCE
org.mockito.internal.creation.settings.CreationSettings	CreationSettings(org.mockito.internal.creation.settings.CreationSettings)	stubOnly	org.mockito.internal.creation.settings.CreationSettings	SOURCE
org.mockito.internal.creation.settings.CreationSettings	CreationSettings(org.mockito.internal.creation.settings.CreationSettings)	this	org.mockito.internal.creation.settings.CreationSettings	SOURCE
org.mockito.internal.creation.settings.CreationSettings	CreationSettings(org.mockito.internal.creation.settings.CreationSettings)	stubOnly	org.mockito.internal.creation.settings.CreationSettings	SOURCE
org.mockito.internal.creation.settings.CreationSettings	CreationSettings(org.mockito.internal.creation.settings.CreationSettings)	useConstructor	org.mockito.internal.creation.settings.CreationSettings	SOURCE
org.mockito.internal.creation.settings.CreationSettings	CreationSettings(org.mockito.internal.creation.settings.CreationSettings)	this	org.mockito.internal.creation.settings.CreationSettings	SOURCE
org.mockito.internal.creation.settings.CreationSettings	CreationSettings(org.mockito.internal.creation.settings.CreationSettings)	outerClassInstance	org.mockito.internal.creation.settings.CreationSettings	SOURCE
org.mockito.internal.creation.settings.CreationSettings	CreationSettings(org.mockito.internal.creation.settings.CreationSettings)	this	org.mockito.internal.creation.settings.CreationSettings	SOURCE
org.mockito.internal.creation.settings.CreationSettings	CreationSettings(org.mockito.internal.creation.settings.CreationSettings)	constructorArgs	org.mockito.internal.creation.settings.CreationSettings	SOURCE
org.mockito.internal.creation.settings.CreationSettings	CreationSettings(org.mockito.internal.creation.settings.CreationSettings)	this	org.mockito.internal.creation.settings.CreationSettings	SOURCE
org.mockito.internal.creation.settings.CreationSettings	CreationSettings(org.mockito.internal.creation.settings.CreationSettings)	lenient	org.mockito.internal.creation.settings.CreationSettings	SOURCE
org.mockito.internal.creation.settings.CreationSettings	CreationSettings(org.mockito.internal.creation.settings.CreationSettings)	this	org.mockito.internal.creation.settings.CreationSettings	SOURCE
org.mockito.internal.creation.settings.CreationSettings	CreationSettings(org.mockito.internal.creation.settings.CreationSettings)	lenient	org.mockito.internal.creation.settings.CreationSettings	SOURCE
org.mockito.internal.creation.settings.CreationSettings	CreationSettings(org.mockito.internal.creation.settings.CreationSettings)	stripAnnotations	org.mockito.internal.creation.settings.CreationSettings	SOURCE
org.mockito.internal.creation.settings.CreationSettings	CreationSettings(org.mockito.internal.creation.settings.CreationSettings)	this	org.mockito.internal.creation.settings.CreationSettings	SOURCE
org.mockito.internal.creation.settings.CreationSettings	CreationSettings(org.mockito.internal.creation.settings.CreationSettings)	stripAnnotations	org.mockito.internal.creation.settings.CreationSettings	SOURCE
org.mockito.internal.creation.settings.CreationSettings	getTypeToMock()	typeToMock	org.mockito.internal.creation.settings.CreationSettings	SOURCE
org.mockito.internal.creation.settings.CreationSettings	setTypeToMock(java.lang.Class)	typeToMock	org.mockito.internal.creation.settings.CreationSettings	SOURCE
org.mockito.internal.creation.settings.CreationSettings	setTypeToMock(java.lang.Class)	this	org.mockito.internal.creation.settings.CreationSettings	SOURCE
org.mockito.internal.creation.settings.CreationSettings	setTypeToMock(java.lang.Class)	this	org.mockito.internal.creation.settings.CreationSettings	SOURCE
org.mockito.internal.creation.settings.CreationSettings	getExtraInterfaces()	extraInterfaces	org.mockito.internal.creation.settings.CreationSettings	SOURCE
org.mockito.internal.creation.settings.CreationSettings	setExtraInterfaces(java.util.Set)	extraInterfaces	org.mockito.internal.creation.settings.CreationSettings	SOURCE
org.mockito.internal.creation.settings.CreationSettings	setExtraInterfaces(java.util.Set)	this	org.mockito.internal.creation.settings.CreationSettings	SOURCE
org.mockito.internal.creation.settings.CreationSettings	setExtraInterfaces(java.util.Set)	this	org.mockito.internal.creation.settings.CreationSettings	SOURCE
org.mockito.internal.creation.settings.CreationSettings	getName()	name	org.mockito.internal.creation.settings.CreationSettings	SOURCE
org.mockito.internal.creation.settings.CreationSettings	getSpiedInstance()	spiedInstance	org.mockito.internal.creation.settings.CreationSettings	SOURCE
org.mockito.internal.creation.settings.CreationSettings	getDefaultAnswer()	defaultAnswer	org.mockito.internal.creation.settings.CreationSettings	SOURCE
org.mockito.internal.creation.settings.CreationSettings	getMockName()	mockName	org.mockito.internal.creation.settings.CreationSettings	SOURCE
org.mockito.internal.creation.settings.CreationSettings	setMockName(org.mockito.mock.MockName)	mockName	org.mockito.internal.creation.settings.CreationSettings	SOURCE
org.mockito.internal.creation.settings.CreationSettings	setMockName(org.mockito.mock.MockName)	this	org.mockito.internal.creation.settings.CreationSettings	SOURCE
org.mockito.internal.creation.settings.CreationSettings	setMockName(org.mockito.mock.MockName)	this	org.mockito.internal.creation.settings.CreationSettings	SOURCE
org.mockito.internal.creation.settings.CreationSettings	isSerializable()	serializableMode	org.mockito.internal.creation.settings.CreationSettings	SOURCE
org.mockito.internal.creation.settings.CreationSettings	setSerializableMode(org.mockito.mock.SerializableMode)	serializableMode	org.mockito.internal.creation.settings.CreationSettings	SOURCE
org.mockito.internal.creation.settings.CreationSettings	setSerializableMode(org.mockito.mock.SerializableMode)	this	org.mockito.internal.creation.settings.CreationSettings	SOURCE
org.mockito.internal.creation.settings.CreationSettings	setSerializableMode(org.mockito.mock.SerializableMode)	this	org.mockito.internal.creation.settings.CreationSettings	SOURCE
org.mockito.internal.creation.settings.CreationSettings	getSerializableMode()	serializableMode	org.mockito.internal.creation.settings.CreationSettings	SOURCE
org.mockito.internal.creation.settings.CreationSettings	getInvocationListeners()	invocationListeners	org.mockito.internal.creation.settings.CreationSettings	SOURCE
org.mockito.internal.creation.settings.CreationSettings	getVerificationStartedListeners()	verificationStartedListeners	org.mockito.internal.creation.settings.CreationSettings	SOURCE
org.mockito.internal.creation.settings.CreationSettings	getStubbingLookupListeners()	stubbingLookupListeners	org.mockito.internal.creation.settings.CreationSettings	SOURCE
org.mockito.internal.creation.settings.CreationSettings	isUsingConstructor()	useConstructor	org.mockito.internal.creation.settings.CreationSettings	SOURCE
org.mockito.internal.creation.settings.CreationSettings	isStripAnnotations()	stripAnnotations	org.mockito.internal.creation.settings.CreationSettings	SOURCE
org.mockito.internal.creation.settings.CreationSettings	getConstructorArgs()	constructorArgs	org.mockito.internal.creation.settings.CreationSettings	SOURCE
org.mockito.internal.creation.settings.CreationSettings	getOuterClassInstance()	outerClassInstance	org.mockito.internal.creation.settings.CreationSettings	SOURCE
org.mockito.internal.creation.settings.CreationSettings	isStubOnly()	stubOnly	org.mockito.internal.creation.settings.CreationSettings	SOURCE
org.mockito.internal.creation.settings.CreationSettings	isLenient()	lenient	org.mockito.internal.creation.settings.CreationSettings	SOURCE
org.mockito.internal.listeners.VerificationStartedNotifier$Event	Event(org.mockito.MockingDetails)	originalMockingDetails	org.mockito.internal.listeners.VerificationStartedNotifier$Event	SOURCE
org.mockito.internal.listeners.VerificationStartedNotifier$Event	Event(org.mockito.MockingDetails)	this	org.mockito.internal.listeners.VerificationStartedNotifier$Event	SOURCE
org.mockito.internal.listeners.VerificationStartedNotifier$Event	Event(org.mockito.MockingDetails)	mock	org.mockito.internal.listeners.VerificationStartedNotifier$Event	SOURCE
org.mockito.internal.listeners.VerificationStartedNotifier$Event	Event(org.mockito.MockingDetails)	this	org.mockito.internal.listeners.VerificationStartedNotifier$Event	SOURCE
org.mockito.internal.listeners.VerificationStartedNotifier$Event	setMock(java.lang.Object)	originalMockingDetails	org.mockito.internal.listeners.VerificationStartedNotifier$Event	SOURCE
org.mockito.internal.listeners.VerificationStartedNotifier$Event	setMock(java.lang.Object)	this	org.mockito.internal.listeners.VerificationStartedNotifier$Event	SOURCE
org.mockito.internal.listeners.VerificationStartedNotifier$Event	setMock(java.lang.Object)	mock	org.mockito.internal.listeners.VerificationStartedNotifier$Event	SOURCE
org.mockito.internal.listeners.VerificationStartedNotifier$Event	setMock(java.lang.Object)	this	org.mockito.internal.listeners.VerificationStartedNotifier$Event	SOURCE
org.mockito.internal.listeners.VerificationStartedNotifier$Event	getMock()	mock	org.mockito.internal.listeners.VerificationStartedNotifier$Event	SOURCE
org.mockito.internal.stubbing.DefaultLenientStubber	when(T)	MOCKITO_CORE	org.mockito.internal.stubbing.DefaultLenientStubber	SOURCE
org.mockito.internal.stubbing.DefaultLenientStubber	stubber()	MOCKITO_CORE	org.mockito.internal.stubbing.DefaultLenientStubber	SOURCE
org.mockito.internal.stubbing.ConsecutiveStubbing	ConsecutiveStubbing(org.mockito.internal.stubbing.InvocationContainerImpl)	invocationContainer	org.mockito.internal.stubbing.ConsecutiveStubbing	SOURCE
org.mockito.internal.stubbing.ConsecutiveStubbing	ConsecutiveStubbing(org.mockito.internal.stubbing.InvocationContainerImpl)	this	org.mockito.internal.stubbing.ConsecutiveStubbing	SOURCE
org.mockito.internal.stubbing.ConsecutiveStubbing	thenAnswer(org.mockito.stubbing.Answer)	invocationContainer	org.mockito.internal.stubbing.ConsecutiveStubbing	SOURCE
org.mockito.internal.stubbing.ConsecutiveStubbing	thenAnswer(org.mockito.stubbing.Answer)	this	org.mockito.internal.stubbing.ConsecutiveStubbing	SOURCE
org.mockito.internal.stubbing.BaseStubbing	BaseStubbing(java.lang.Object)	strongMockRef	org.mockito.internal.stubbing.BaseStubbing	SOURCE
org.mockito.internal.stubbing.BaseStubbing	BaseStubbing(java.lang.Object)	this	org.mockito.internal.stubbing.BaseStubbing	SOURCE
org.mockito.internal.stubbing.BaseStubbing	getMock()	strongMockRef	org.mockito.internal.stubbing.BaseStubbing	SOURCE
org.mockito.internal.stubbing.BaseStubbing	getMock()	this	org.mockito.internal.stubbing.BaseStubbing	SOURCE
org.mockito.internal.stubbing.defaultanswers.ReturnsDeepStubs	answer(org.mockito.invocation.InvocationOnMock)	class	java.lang.Object	SOURCE
org.mockito.internal.stubbing.defaultanswers.ReturnsDeepStubs$ReturnsDeepStubsSerializationFallback	ReturnsDeepStubsSerializationFallback(org.mockito.internal.util.reflection.GenericMetadataSupport)	returnTypeGenericMetadata	org.mockito.internal.stubbing.defaultanswers.ReturnsDeepStubs$ReturnsDeepStubsSerializationFallback	SOURCE
org.mockito.internal.stubbing.defaultanswers.ReturnsDeepStubs$ReturnsDeepStubsSerializationFallback	ReturnsDeepStubsSerializationFallback(org.mockito.internal.util.reflection.GenericMetadataSupport)	this	org.mockito.internal.stubbing.defaultanswers.ReturnsDeepStubs$ReturnsDeepStubsSerializationFallback	SOURCE
org.mockito.internal.stubbing.defaultanswers.ReturnsDeepStubs$ReturnsDeepStubsSerializationFallback	actualParameterizedType(java.lang.Object)	returnTypeGenericMetadata	org.mockito.internal.stubbing.defaultanswers.ReturnsDeepStubs$ReturnsDeepStubsSerializationFallback	SOURCE
org.mockito.internal.stubbing.defaultanswers.ReturnsDeepStubs$ReturnsDeepStubsSerializationFallback	writeReplace()	RETURNS_DEEP_STUBS	org.mockito.Mockito	SOURCE
org.mockito.internal.stubbing.defaultanswers.ReturnsDeepStubs$DeeplyStubbedAnswer	DeeplyStubbedAnswer(java.lang.Object)	mock	org.mockito.internal.stubbing.defaultanswers.ReturnsDeepStubs$DeeplyStubbedAnswer	SOURCE
org.mockito.internal.stubbing.defaultanswers.ReturnsDeepStubs$DeeplyStubbedAnswer	DeeplyStubbedAnswer(java.lang.Object)	this	org.mockito.internal.stubbing.defaultanswers.ReturnsDeepStubs$DeeplyStubbedAnswer	SOURCE
org.mockito.internal.stubbing.defaultanswers.ReturnsDeepStubs$DeeplyStubbedAnswer	answer(org.mockito.invocation.InvocationOnMock)	mock	org.mockito.internal.stubbing.defaultanswers.ReturnsDeepStubs$DeeplyStubbedAnswer	SOURCE
org.mockito.internal.stubbing.defaultanswers.ReturnsDeepStubs	mockitoCore()	MOCKITO_CORE	org.mockito.internal.stubbing.defaultanswers.ReturnsDeepStubs$LazyHolder	SOURCE
org.mockito.internal.stubbing.defaultanswers.ReturnsDeepStubs	delegate()	DELEGATE	org.mockito.internal.stubbing.defaultanswers.ReturnsDeepStubs$LazyHolder	SOURCE
org.mockito.internal.util.reflection.GenericMetadataSupport	extractRawTypeOf(java.lang.reflect.Type)	contextualActualTypeParameters	org.mockito.internal.util.reflection.GenericMetadataSupport	SOURCE
org.mockito.internal.util.reflection.GenericMetadataSupport	registerTypeVariablesOn(java.lang.reflect.Type)	length	Array	SOURCE
org.mockito.internal.util.reflection.GenericMetadataSupport	registerTypeVariablesOn(java.lang.reflect.Type)	contextualActualTypeParameters	org.mockito.internal.util.reflection.GenericMetadataSupport	SOURCE
org.mockito.internal.util.reflection.GenericMetadataSupport	registerTypeVariablesOn(java.lang.reflect.Type)	contextualActualTypeParameters	org.mockito.internal.util.reflection.GenericMetadataSupport	SOURCE
org.mockito.internal.util.reflection.GenericMetadataSupport	registerTypeVariablesOn(java.lang.reflect.Type)	contextualActualTypeParameters	org.mockito.internal.util.reflection.GenericMetadataSupport	SOURCE
org.mockito.internal.util.reflection.GenericMetadataSupport	registerTypeVariableIfNotPresent(java.lang.reflect.TypeVariable)	contextualActualTypeParameters	org.mockito.internal.util.reflection.GenericMetadataSupport	SOURCE
org.mockito.internal.util.reflection.GenericMetadataSupport	registerTypeVariableIfNotPresent(java.lang.reflect.TypeVariable)	contextualActualTypeParameters	org.mockito.internal.util.reflection.GenericMetadataSupport	SOURCE
org.mockito.internal.util.reflection.GenericMetadataSupport	hasRawExtraInterfaces()	length	Array	SOURCE
org.mockito.internal.util.reflection.GenericMetadataSupport	getActualTypeArgumentFor(java.lang.reflect.TypeVariable)	contextualActualTypeParameters	org.mockito.internal.util.reflection.GenericMetadataSupport	SOURCE
org.mockito.internal.util.reflection.GenericMetadataSupport	getActualTypeArgumentFor(java.lang.reflect.TypeVariable)	this	org.mockito.internal.util.reflection.GenericMetadataSupport	SOURCE
org.mockito.internal.util.reflection.GenericMetadataSupport	resolveGenericType(java.lang.reflect.Type,java.lang.reflect.Method)	this	org.mockito.internal.util.reflection.GenericMetadataSupport	SOURCE
org.mockito.internal.util.reflection.GenericMetadataSupport	resolveGenericType(java.lang.reflect.Type,java.lang.reflect.Method)	this	org.mockito.internal.util.reflection.GenericMetadataSupport	SOURCE
org.mockito.internal.util.reflection.GenericMetadataSupport	resolveGenericType(java.lang.reflect.Type,java.lang.reflect.Method)	this	org.mockito.internal.util.reflection.GenericMetadataSupport	SOURCE
org.mockito.internal.util.reflection.GenericMetadataSupport$FromClassGenericMetadataSupport	FromClassGenericMetadataSupport(java.lang.Class)	clazz	org.mockito.internal.util.reflection.GenericMetadataSupport$FromClassGenericMetadataSupport	SOURCE
org.mockito.internal.util.reflection.GenericMetadataSupport$FromClassGenericMetadataSupport	FromClassGenericMetadataSupport(java.lang.Class)	this	org.mockito.internal.util.reflection.GenericMetadataSupport$FromClassGenericMetadataSupport	SOURCE
org.mockito.internal.util.reflection.GenericMetadataSupport$FromClassGenericMetadataSupport	rawType()	clazz	org.mockito.internal.util.reflection.GenericMetadataSupport$FromClassGenericMetadataSupport	SOURCE
org.mockito.internal.util.reflection.GenericMetadataSupport$FromParameterizedTypeGenericMetadataSupport	FromParameterizedTypeGenericMetadataSupport(java.lang.reflect.ParameterizedType)	parameterizedType	org.mockito.internal.util.reflection.GenericMetadataSupport$FromParameterizedTypeGenericMetadataSupport	SOURCE
org.mockito.internal.util.reflection.GenericMetadataSupport$FromParameterizedTypeGenericMetadataSupport	FromParameterizedTypeGenericMetadataSupport(java.lang.reflect.ParameterizedType)	this	org.mockito.internal.util.reflection.GenericMetadataSupport$FromParameterizedTypeGenericMetadataSupport	SOURCE
org.mockito.internal.util.reflection.GenericMetadataSupport$FromParameterizedTypeGenericMetadataSupport	readActualTypeParameters()	parameterizedType	org.mockito.internal.util.reflection.GenericMetadataSupport$FromParameterizedTypeGenericMetadataSupport	SOURCE
org.mockito.internal.util.reflection.GenericMetadataSupport$FromParameterizedTypeGenericMetadataSupport	rawType()	parameterizedType	org.mockito.internal.util.reflection.GenericMetadataSupport$FromParameterizedTypeGenericMetadataSupport	SOURCE
org.mockito.internal.util.reflection.GenericMetadataSupport$ParameterizedReturnType	ParameterizedReturnType(org.mockito.internal.util.reflection.GenericMetadataSupport,java.lang.reflect.TypeVariable[],java.lang.reflect.ParameterizedType)	parameterizedType	org.mockito.internal.util.reflection.GenericMetadataSupport$ParameterizedReturnType	SOURCE
org.mockito.internal.util.reflection.GenericMetadataSupport$ParameterizedReturnType	ParameterizedReturnType(org.mockito.internal.util.reflection.GenericMetadataSupport,java.lang.reflect.TypeVariable[],java.lang.reflect.ParameterizedType)	this	org.mockito.internal.util.reflection.GenericMetadataSupport$ParameterizedReturnType	SOURCE
org.mockito.internal.util.reflection.GenericMetadataSupport$ParameterizedReturnType	ParameterizedReturnType(org.mockito.internal.util.reflection.GenericMetadataSupport,java.lang.reflect.TypeVariable[],java.lang.reflect.ParameterizedType)	typeParameters	org.mockito.internal.util.reflection.GenericMetadataSupport$ParameterizedReturnType	SOURCE
org.mockito.internal.util.reflection.GenericMetadataSupport$ParameterizedReturnType	ParameterizedReturnType(org.mockito.internal.util.reflection.GenericMetadataSupport,java.lang.reflect.TypeVariable[],java.lang.reflect.ParameterizedType)	this	org.mockito.internal.util.reflection.GenericMetadataSupport$ParameterizedReturnType	SOURCE
org.mockito.internal.util.reflection.GenericMetadataSupport$ParameterizedReturnType	ParameterizedReturnType(org.mockito.internal.util.reflection.GenericMetadataSupport,java.lang.reflect.TypeVariable[],java.lang.reflect.ParameterizedType)	contextualActualTypeParameters	org.mockito.internal.util.reflection.GenericMetadataSupport	SOURCE
org.mockito.internal.util.reflection.GenericMetadataSupport$ParameterizedReturnType	ParameterizedReturnType(org.mockito.internal.util.reflection.GenericMetadataSupport,java.lang.reflect.TypeVariable[],java.lang.reflect.ParameterizedType)	this	org.mockito.internal.util.reflection.GenericMetadataSupport$ParameterizedReturnType	SOURCE
org.mockito.internal.util.reflection.GenericMetadataSupport$ParameterizedReturnType	ParameterizedReturnType(org.mockito.internal.util.reflection.GenericMetadataSupport,java.lang.reflect.TypeVariable[],java.lang.reflect.ParameterizedType)	contextualActualTypeParameters	org.mockito.internal.util.reflection.GenericMetadataSupport	SOURCE
org.mockito.internal.util.reflection.GenericMetadataSupport$ParameterizedReturnType	readTypeParameters()	typeParameters	org.mockito.internal.util.reflection.GenericMetadataSupport$ParameterizedReturnType	SOURCE
org.mockito.internal.util.reflection.GenericMetadataSupport$ParameterizedReturnType	readTypeVariables()	parameterizedType	org.mockito.internal.util.reflection.GenericMetadataSupport$ParameterizedReturnType	SOURCE
org.mockito.internal.util.reflection.GenericMetadataSupport$ParameterizedReturnType	rawType()	parameterizedType	org.mockito.internal.util.reflection.GenericMetadataSupport$ParameterizedReturnType	SOURCE
org.mockito.internal.util.reflection.GenericMetadataSupport$TypeVariableReturnType	TypeVariableReturnType(org.mockito.internal.util.reflection.GenericMetadataSupport,java.lang.reflect.TypeVariable[],java.lang.reflect.TypeVariable)	typeParameters	org.mockito.internal.util.reflection.GenericMetadataSupport$TypeVariableReturnType	SOURCE
org.mockito.internal.util.reflection.GenericMetadataSupport$TypeVariableReturnType	TypeVariableReturnType(org.mockito.internal.util.reflection.GenericMetadataSupport,java.lang.reflect.TypeVariable[],java.lang.reflect.TypeVariable)	this	org.mockito.internal.util.reflection.GenericMetadataSupport$TypeVariableReturnType	SOURCE
org.mockito.internal.util.reflection.GenericMetadataSupport$TypeVariableReturnType	TypeVariableReturnType(org.mockito.internal.util.reflection.GenericMetadataSupport,java.lang.reflect.TypeVariable[],java.lang.reflect.TypeVariable)	typeVariable	org.mockito.internal.util.reflection.GenericMetadataSupport$TypeVariableReturnType	SOURCE
org.mockito.internal.util.reflection.GenericMetadataSupport$TypeVariableReturnType	TypeVariableReturnType(org.mockito.internal.util.reflection.GenericMetadataSupport,java.lang.reflect.TypeVariable[],java.lang.reflect.TypeVariable)	this	org.mockito.internal.util.reflection.GenericMetadataSupport$TypeVariableReturnType	SOURCE
org.mockito.internal.util.reflection.GenericMetadataSupport$TypeVariableReturnType	TypeVariableReturnType(org.mockito.internal.util.reflection.GenericMetadataSupport,java.lang.reflect.TypeVariable[],java.lang.reflect.TypeVariable)	contextualActualTypeParameters	org.mockito.internal.util.reflection.GenericMetadataSupport	SOURCE
org.mockito.internal.util.reflection.GenericMetadataSupport$TypeVariableReturnType	TypeVariableReturnType(org.mockito.internal.util.reflection.GenericMetadataSupport,java.lang.reflect.TypeVariable[],java.lang.reflect.TypeVariable)	this	org.mockito.internal.util.reflection.GenericMetadataSupport$TypeVariableReturnType	SOURCE
org.mockito.internal.util.reflection.GenericMetadataSupport$TypeVariableReturnType	TypeVariableReturnType(org.mockito.internal.util.reflection.GenericMetadataSupport,java.lang.reflect.TypeVariable[],java.lang.reflect.TypeVariable)	contextualActualTypeParameters	org.mockito.internal.util.reflection.GenericMetadataSupport	SOURCE
org.mockito.internal.util.reflection.GenericMetadataSupport$TypeVariableReturnType	readTypeParameters()	typeParameters	org.mockito.internal.util.reflection.GenericMetadataSupport$TypeVariableReturnType	SOURCE
org.mockito.internal.util.reflection.GenericMetadataSupport$TypeVariableReturnType	readTypeVariables()	typeVariable	org.mockito.internal.util.reflection.GenericMetadataSupport$TypeVariableReturnType	SOURCE
org.mockito.internal.util.reflection.GenericMetadataSupport$TypeVariableReturnType	readTypeVariables()	typeVariable	org.mockito.internal.util.reflection.GenericMetadataSupport$TypeVariableReturnType	SOURCE
org.mockito.internal.util.reflection.GenericMetadataSupport$TypeVariableReturnType	readTypeVariables()	typeVariable	org.mockito.internal.util.reflection.GenericMetadataSupport$TypeVariableReturnType	SOURCE
org.mockito.internal.util.reflection.GenericMetadataSupport$TypeVariableReturnType	rawType()	rawType	org.mockito.internal.util.reflection.GenericMetadataSupport$TypeVariableReturnType	SOURCE
org.mockito.internal.util.reflection.GenericMetadataSupport$TypeVariableReturnType	rawType()	rawType	org.mockito.internal.util.reflection.GenericMetadataSupport$TypeVariableReturnType	SOURCE
org.mockito.internal.util.reflection.GenericMetadataSupport$TypeVariableReturnType	rawType()	typeVariable	org.mockito.internal.util.reflection.GenericMetadataSupport$TypeVariableReturnType	SOURCE
org.mockito.internal.util.reflection.GenericMetadataSupport$TypeVariableReturnType	rawType()	rawType	org.mockito.internal.util.reflection.GenericMetadataSupport$TypeVariableReturnType	SOURCE
org.mockito.internal.util.reflection.GenericMetadataSupport$TypeVariableReturnType	extraInterfaces()	extraInterfaces	org.mockito.internal.util.reflection.GenericMetadataSupport$TypeVariableReturnType	SOURCE
org.mockito.internal.util.reflection.GenericMetadataSupport$TypeVariableReturnType	extraInterfaces()	extraInterfaces	org.mockito.internal.util.reflection.GenericMetadataSupport$TypeVariableReturnType	SOURCE
org.mockito.internal.util.reflection.GenericMetadataSupport$TypeVariableReturnType	extraInterfaces()	typeVariable	org.mockito.internal.util.reflection.GenericMetadataSupport$TypeVariableReturnType	SOURCE
org.mockito.internal.util.reflection.GenericMetadataSupport$TypeVariableReturnType	extraInterfaces()	extraInterfaces	org.mockito.internal.util.reflection.GenericMetadataSupport$TypeVariableReturnType	SOURCE
org.mockito.internal.util.reflection.GenericMetadataSupport$TypeVariableReturnType	extraInterfaces()	extraInterfaces	org.mockito.internal.util.reflection.GenericMetadataSupport$TypeVariableReturnType	SOURCE
org.mockito.internal.util.reflection.GenericMetadataSupport$TypeVariableReturnType	extraInterfaces()	extraInterfaces	org.mockito.internal.util.reflection.GenericMetadataSupport$TypeVariableReturnType	SOURCE
org.mockito.internal.util.reflection.GenericMetadataSupport$TypeVariableReturnType	extraInterfaces()	typeVariable	org.mockito.internal.util.reflection.GenericMetadataSupport$TypeVariableReturnType	SOURCE
org.mockito.internal.util.reflection.GenericMetadataSupport$TypeVariableReturnType	extractActualBoundedTypeOf(java.lang.reflect.Type)	contextualActualTypeParameters	org.mockito.internal.util.reflection.GenericMetadataSupport	SOURCE
org.mockito.internal.util.reflection.GenericMetadataSupport$GenericArrayReturnType	GenericArrayReturnType(org.mockito.internal.util.reflection.GenericMetadataSupport,int)	genericArrayType	org.mockito.internal.util.reflection.GenericMetadataSupport$GenericArrayReturnType	SOURCE
org.mockito.internal.util.reflection.GenericMetadataSupport$GenericArrayReturnType	GenericArrayReturnType(org.mockito.internal.util.reflection.GenericMetadataSupport,int)	this	org.mockito.internal.util.reflection.GenericMetadataSupport$GenericArrayReturnType	SOURCE
org.mockito.internal.util.reflection.GenericMetadataSupport$GenericArrayReturnType	GenericArrayReturnType(org.mockito.internal.util.reflection.GenericMetadataSupport,int)	arity	org.mockito.internal.util.reflection.GenericMetadataSupport$GenericArrayReturnType	SOURCE
org.mockito.internal.util.reflection.GenericMetadataSupport$GenericArrayReturnType	GenericArrayReturnType(org.mockito.internal.util.reflection.GenericMetadataSupport,int)	this	org.mockito.internal.util.reflection.GenericMetadataSupport$GenericArrayReturnType	SOURCE
org.mockito.internal.util.reflection.GenericMetadataSupport$GenericArrayReturnType	rawType()	genericArrayType	org.mockito.internal.util.reflection.GenericMetadataSupport$GenericArrayReturnType	SOURCE
org.mockito.internal.util.reflection.GenericMetadataSupport$GenericArrayReturnType	rawType()	arity	org.mockito.internal.util.reflection.GenericMetadataSupport$GenericArrayReturnType	SOURCE
org.mockito.internal.util.reflection.GenericMetadataSupport$NotGenericReturnTypeSupport	NotGenericReturnTypeSupport(org.mockito.internal.util.reflection.GenericMetadataSupport,java.lang.reflect.Type)	returnType	org.mockito.internal.util.reflection.GenericMetadataSupport$NotGenericReturnTypeSupport	SOURCE
org.mockito.internal.util.reflection.GenericMetadataSupport$NotGenericReturnTypeSupport	NotGenericReturnTypeSupport(org.mockito.internal.util.reflection.GenericMetadataSupport,java.lang.reflect.Type)	contextualActualTypeParameters	org.mockito.internal.util.reflection.GenericMetadataSupport	SOURCE
org.mockito.internal.util.reflection.GenericMetadataSupport$NotGenericReturnTypeSupport	NotGenericReturnTypeSupport(org.mockito.internal.util.reflection.GenericMetadataSupport,java.lang.reflect.Type)	this	org.mockito.internal.util.reflection.GenericMetadataSupport$NotGenericReturnTypeSupport	SOURCE
org.mockito.internal.util.reflection.GenericMetadataSupport$NotGenericReturnTypeSupport	NotGenericReturnTypeSupport(org.mockito.internal.util.reflection.GenericMetadataSupport,java.lang.reflect.Type)	contextualActualTypeParameters	org.mockito.internal.util.reflection.GenericMetadataSupport	SOURCE
org.mockito.internal.util.reflection.GenericMetadataSupport$NotGenericReturnTypeSupport	NotGenericReturnTypeSupport(org.mockito.internal.util.reflection.GenericMetadataSupport,java.lang.reflect.Type)	returnType	org.mockito.internal.util.reflection.GenericMetadataSupport$NotGenericReturnTypeSupport	SOURCE
org.mockito.internal.util.reflection.GenericMetadataSupport$NotGenericReturnTypeSupport	rawType()	returnType	org.mockito.internal.util.reflection.GenericMetadataSupport$NotGenericReturnTypeSupport	SOURCE
org.mockito.internal.util.reflection.GenericMetadataSupport$TypeVarBoundedType	TypeVarBoundedType(java.lang.reflect.TypeVariable)	typeVariable	org.mockito.internal.util.reflection.GenericMetadataSupport$TypeVarBoundedType	SOURCE
org.mockito.internal.util.reflection.GenericMetadataSupport$TypeVarBoundedType	TypeVarBoundedType(java.lang.reflect.TypeVariable)	this	org.mockito.internal.util.reflection.GenericMetadataSupport$TypeVarBoundedType	SOURCE
org.mockito.internal.util.reflection.GenericMetadataSupport$TypeVarBoundedType	firstBound()	typeVariable	org.mockito.internal.util.reflection.GenericMetadataSupport$TypeVarBoundedType	SOURCE
org.mockito.internal.util.reflection.GenericMetadataSupport$TypeVarBoundedType	interfaceBounds()	length	Array	SOURCE
org.mockito.internal.util.reflection.GenericMetadataSupport$TypeVarBoundedType	interfaceBounds()	typeVariable	org.mockito.internal.util.reflection.GenericMetadataSupport$TypeVarBoundedType	SOURCE
org.mockito.internal.util.reflection.GenericMetadataSupport$TypeVarBoundedType	interfaceBounds()	typeVariable	org.mockito.internal.util.reflection.GenericMetadataSupport$TypeVarBoundedType	SOURCE
org.mockito.internal.util.reflection.GenericMetadataSupport$TypeVarBoundedType	interfaceBounds()	length	Array	SOURCE
org.mockito.internal.util.reflection.GenericMetadataSupport$TypeVarBoundedType	interfaceBounds()	typeVariable	org.mockito.internal.util.reflection.GenericMetadataSupport$TypeVarBoundedType	SOURCE
org.mockito.internal.util.reflection.GenericMetadataSupport$TypeVarBoundedType	equals(java.lang.Object)	this	org.mockito.internal.util.reflection.GenericMetadataSupport$TypeVarBoundedType	SOURCE
org.mockito.internal.util.reflection.GenericMetadataSupport$TypeVarBoundedType	equals(java.lang.Object)	typeVariable	org.mockito.internal.util.reflection.GenericMetadataSupport$TypeVarBoundedType	SOURCE
org.mockito.internal.util.reflection.GenericMetadataSupport$TypeVarBoundedType	equals(java.lang.Object)	typeVariable	org.mockito.internal.util.reflection.GenericMetadataSupport$TypeVarBoundedType	SOURCE
org.mockito.internal.util.reflection.GenericMetadataSupport$TypeVarBoundedType	hashCode()	typeVariable	org.mockito.internal.util.reflection.GenericMetadataSupport$TypeVarBoundedType	SOURCE
org.mockito.internal.util.reflection.GenericMetadataSupport$TypeVarBoundedType	typeVariable()	typeVariable	org.mockito.internal.util.reflection.GenericMetadataSupport$TypeVarBoundedType	SOURCE
org.mockito.internal.util.reflection.GenericMetadataSupport$WildCardBoundedType	WildCardBoundedType(java.lang.reflect.WildcardType)	wildcard	org.mockito.internal.util.reflection.GenericMetadataSupport$WildCardBoundedType	SOURCE
org.mockito.internal.util.reflection.GenericMetadataSupport$WildCardBoundedType	WildCardBoundedType(java.lang.reflect.WildcardType)	this	org.mockito.internal.util.reflection.GenericMetadataSupport$WildCardBoundedType	SOURCE
org.mockito.internal.util.reflection.GenericMetadataSupport$WildCardBoundedType	firstBound()	wildcard	org.mockito.internal.util.reflection.GenericMetadataSupport$WildCardBoundedType	SOURCE
org.mockito.internal.util.reflection.GenericMetadataSupport$WildCardBoundedType	firstBound()	wildcard	org.mockito.internal.util.reflection.GenericMetadataSupport$WildCardBoundedType	SOURCE
org.mockito.internal.util.reflection.GenericMetadataSupport$WildCardBoundedType	firstBound()	length	Array	SOURCE
org.mockito.internal.util.reflection.GenericMetadataSupport$WildCardBoundedType	equals(java.lang.Object)	this	org.mockito.internal.util.reflection.GenericMetadataSupport$WildCardBoundedType	SOURCE
org.mockito.internal.util.reflection.GenericMetadataSupport$WildCardBoundedType	equals(java.lang.Object)	wildcard	org.mockito.internal.util.reflection.GenericMetadataSupport$WildCardBoundedType	SOURCE
org.mockito.internal.util.reflection.GenericMetadataSupport$WildCardBoundedType	equals(java.lang.Object)	typeVariable	org.mockito.internal.util.reflection.GenericMetadataSupport$TypeVarBoundedType	SOURCE
org.mockito.internal.util.reflection.GenericMetadataSupport$WildCardBoundedType	hashCode()	wildcard	org.mockito.internal.util.reflection.GenericMetadataSupport$WildCardBoundedType	SOURCE
org.mockito.internal.util.reflection.GenericMetadataSupport$WildCardBoundedType	wildCard()	wildcard	org.mockito.internal.util.reflection.GenericMetadataSupport$WildCardBoundedType	SOURCE
org.mockito.internal.util.ObjectMethodsGuru	isToStringMethod(java.lang.reflect.Method)	class	java.lang.String	SOURCE
org.mockito.internal.util.ObjectMethodsGuru	isToStringMethod(java.lang.reflect.Method)	length	Array	SOURCE
org.mockito.internal.util.ObjectMethodsGuru	isCompareToMethod(java.lang.reflect.Method)	class	java.lang.Comparable	SOURCE
org.mockito.internal.util.ObjectMethodsGuru	isCompareToMethod(java.lang.reflect.Method)	length	Array	SOURCE
org.mockito.internal.stubbing.defaultanswers.ReturnsEmptyValues	returnValueFor(java.lang.Class)	class	java.lang.Iterable	SOURCE
org.mockito.internal.stubbing.defaultanswers.ReturnsEmptyValues	returnValueFor(java.lang.Class)	class	java.util.Collection	SOURCE
org.mockito.internal.stubbing.defaultanswers.ReturnsEmptyValues	returnValueFor(java.lang.Class)	class	java.util.Set	SOURCE
org.mockito.internal.stubbing.defaultanswers.ReturnsEmptyValues	returnValueFor(java.lang.Class)	class	java.util.HashSet	SOURCE
org.mockito.internal.stubbing.defaultanswers.ReturnsEmptyValues	returnValueFor(java.lang.Class)	class	java.util.SortedSet	SOURCE
org.mockito.internal.stubbing.defaultanswers.ReturnsEmptyValues	returnValueFor(java.lang.Class)	class	java.util.TreeSet	SOURCE
org.mockito.internal.stubbing.defaultanswers.ReturnsEmptyValues	returnValueFor(java.lang.Class)	class	java.util.LinkedHashSet	SOURCE
org.mockito.internal.stubbing.defaultanswers.ReturnsEmptyValues	returnValueFor(java.lang.Class)	class	java.util.List	SOURCE
org.mockito.internal.stubbing.defaultanswers.ReturnsEmptyValues	returnValueFor(java.lang.Class)	class	java.util.LinkedList	SOURCE
org.mockito.internal.stubbing.defaultanswers.ReturnsEmptyValues	returnValueFor(java.lang.Class)	class	java.util.ArrayList	SOURCE
org.mockito.internal.stubbing.defaultanswers.ReturnsEmptyValues	returnValueFor(java.lang.Class)	class	java.util.Map	SOURCE
org.mockito.internal.stubbing.defaultanswers.ReturnsEmptyValues	returnValueFor(java.lang.Class)	class	java.util.HashMap	SOURCE
org.mockito.internal.stubbing.defaultanswers.ReturnsEmptyValues	returnValueFor(java.lang.Class)	class	java.util.SortedMap	SOURCE
org.mockito.internal.stubbing.defaultanswers.ReturnsEmptyValues	returnValueFor(java.lang.Class)	class	java.util.TreeMap	SOURCE
org.mockito.internal.stubbing.defaultanswers.ReturnsEmptyValues	returnValueFor(java.lang.Class)	class	java.util.LinkedHashMap	SOURCE
org.mockito.internal.stubbing.defaultanswers.ReturnsSmartNulls	answer(org.mockito.invocation.InvocationOnMock)	delegate	org.mockito.internal.stubbing.defaultanswers.ReturnsSmartNulls	SOURCE
org.mockito.internal.stubbing.defaultanswers.ReturnsSmartNulls$ThrowsSmartNullPointer	ThrowsSmartNullPointer(org.mockito.invocation.InvocationOnMock,org.mockito.invocation.Location)	unstubbedInvocation	org.mockito.internal.stubbing.defaultanswers.ReturnsSmartNulls$ThrowsSmartNullPointer	SOURCE
org.mockito.internal.stubbing.defaultanswers.ReturnsSmartNulls$ThrowsSmartNullPointer	ThrowsSmartNullPointer(org.mockito.invocation.InvocationOnMock,org.mockito.invocation.Location)	this	org.mockito.internal.stubbing.defaultanswers.ReturnsSmartNulls$ThrowsSmartNullPointer	SOURCE
org.mockito.internal.stubbing.defaultanswers.ReturnsSmartNulls$ThrowsSmartNullPointer	ThrowsSmartNullPointer(org.mockito.invocation.InvocationOnMock,org.mockito.invocation.Location)	location	org.mockito.internal.stubbing.defaultanswers.ReturnsSmartNulls$ThrowsSmartNullPointer	SOURCE
org.mockito.internal.stubbing.defaultanswers.ReturnsSmartNulls$ThrowsSmartNullPointer	ThrowsSmartNullPointer(org.mockito.invocation.InvocationOnMock,org.mockito.invocation.Location)	this	org.mockito.internal.stubbing.defaultanswers.ReturnsSmartNulls$ThrowsSmartNullPointer	SOURCE
org.mockito.internal.stubbing.defaultanswers.ReturnsSmartNulls$ThrowsSmartNullPointer	answer(org.mockito.invocation.InvocationOnMock)	unstubbedInvocation	org.mockito.internal.stubbing.defaultanswers.ReturnsSmartNulls$ThrowsSmartNullPointer	SOURCE
org.mockito.internal.stubbing.defaultanswers.ReturnsSmartNulls$ThrowsSmartNullPointer	answer(org.mockito.invocation.InvocationOnMock)	unstubbedInvocation	org.mockito.internal.stubbing.defaultanswers.ReturnsSmartNulls$ThrowsSmartNullPointer	SOURCE
org.mockito.internal.stubbing.defaultanswers.ReturnsSmartNulls$ThrowsSmartNullPointer	answer(org.mockito.invocation.InvocationOnMock)	location	org.mockito.internal.stubbing.defaultanswers.ReturnsSmartNulls$ThrowsSmartNullPointer	SOURCE
org.mockito.internal.stubbing.defaultanswers.TriesToReturnSelf	answer(org.mockito.invocation.InvocationOnMock)	defaultReturn	org.mockito.internal.stubbing.defaultanswers.TriesToReturnSelf	SOURCE
org.mockito.internal.stubbing.defaultanswers.RetrieveGenericsForDefaultAnswers	returnTypeForMockWithCorrectGenerics(org.mockito.invocation.InvocationOnMock,org.mockito.internal.stubbing.defaultanswers.RetrieveGenericsForDefaultAnswers.AnswerCallback)	MOCKITO_CORE	org.mockito.internal.stubbing.defaultanswers.RetrieveGenericsForDefaultAnswers	SOURCE
org.mockito.internal.stubbing.defaultanswers.RetrieveGenericsForDefaultAnswers	findTypeFromGeneric(org.mockito.invocation.InvocationOnMock,java.lang.reflect.TypeVariable)	class	java.lang.Object	SOURCE
org.mockito.internal.stubbing.defaultanswers.RetrieveGenericsForDefaultAnswers	findTypeFromGenericInArguments(org.mockito.invocation.InvocationOnMock,java.lang.reflect.TypeVariable)	length	Array	SOURCE
org.mockito.internal.stubbing.defaultanswers.ReturnsMocks	answer(org.mockito.invocation.InvocationOnMock)	delegate	org.mockito.internal.stubbing.defaultanswers.ReturnsMocks	SOURCE
org.mockito.internal.stubbing.defaultanswers.ReturnsMocks$1	apply(java.lang.Class)	this	org.mockito.internal.stubbing.defaultanswers.ReturnsMocks	SOURCE
org.mockito.internal.stubbing.defaultanswers.ForwardsInvocations	ForwardsInvocations(java.lang.Object)	delegatedObject	org.mockito.internal.stubbing.defaultanswers.ForwardsInvocations	SOURCE
org.mockito.internal.stubbing.defaultanswers.ForwardsInvocations	ForwardsInvocations(java.lang.Object)	this	org.mockito.internal.stubbing.defaultanswers.ForwardsInvocations	SOURCE
org.mockito.internal.stubbing.defaultanswers.ForwardsInvocations	answer(org.mockito.invocation.InvocationOnMock)	delegatedObject	org.mockito.internal.stubbing.defaultanswers.ForwardsInvocations	SOURCE
org.mockito.internal.stubbing.defaultanswers.ForwardsInvocations	answer(org.mockito.invocation.InvocationOnMock)	delegatedObject	org.mockito.internal.stubbing.defaultanswers.ForwardsInvocations	SOURCE
org.mockito.internal.stubbing.defaultanswers.ForwardsInvocations	answer(org.mockito.invocation.InvocationOnMock)	delegatedObject	org.mockito.internal.stubbing.defaultanswers.ForwardsInvocations	SOURCE
org.mockito.internal.stubbing.defaultanswers.ForwardsInvocations	getDelegateMethod(java.lang.reflect.Method)	delegatedObject	org.mockito.internal.stubbing.defaultanswers.ForwardsInvocations	SOURCE
org.mockito.internal.stubbing.defaultanswers.ForwardsInvocations	getDelegateMethod(java.lang.reflect.Method)	delegatedObject	org.mockito.internal.stubbing.defaultanswers.ForwardsInvocations	SOURCE
org.mockito.internal.stubbing.defaultanswers.ReturnsMoreEmptyValues	answer(org.mockito.invocation.InvocationOnMock)	delegate	org.mockito.internal.stubbing.defaultanswers.ReturnsMoreEmptyValues	SOURCE
org.mockito.internal.stubbing.defaultanswers.ReturnsMoreEmptyValues	returnValueFor(java.lang.Class)	class	java.lang.String	SOURCE
org.mockito.internal.stubbing.OngoingStubbingImpl	OngoingStubbingImpl(org.mockito.internal.stubbing.InvocationContainerImpl)	invocationContainer	org.mockito.internal.stubbing.OngoingStubbingImpl	SOURCE
org.mockito.internal.stubbing.OngoingStubbingImpl	OngoingStubbingImpl(org.mockito.internal.stubbing.InvocationContainerImpl)	this	org.mockito.internal.stubbing.OngoingStubbingImpl	SOURCE
org.mockito.internal.stubbing.OngoingStubbingImpl	thenAnswer(org.mockito.stubbing.Answer)	invocationContainer	org.mockito.internal.stubbing.OngoingStubbingImpl	SOURCE
org.mockito.internal.stubbing.OngoingStubbingImpl	thenAnswer(org.mockito.stubbing.Answer)	invocationContainer	org.mockito.internal.stubbing.OngoingStubbingImpl	SOURCE
org.mockito.internal.stubbing.OngoingStubbingImpl	thenAnswer(org.mockito.stubbing.Answer)	strictness	org.mockito.internal.stubbing.OngoingStubbingImpl	SOURCE
org.mockito.internal.stubbing.OngoingStubbingImpl	thenAnswer(org.mockito.stubbing.Answer)	invocationContainer	org.mockito.internal.stubbing.OngoingStubbingImpl	SOURCE
org.mockito.internal.stubbing.OngoingStubbingImpl	getRegisteredInvocations()	invocationContainer	org.mockito.internal.stubbing.OngoingStubbingImpl	SOURCE
org.mockito.internal.stubbing.OngoingStubbingImpl	setStrictness(org.mockito.quality.Strictness)	strictness	org.mockito.internal.stubbing.OngoingStubbingImpl	SOURCE
org.mockito.internal.stubbing.OngoingStubbingImpl	setStrictness(org.mockito.quality.Strictness)	this	org.mockito.internal.stubbing.OngoingStubbingImpl	SOURCE
org.mockito.internal.stubbing.StubbingComparator	compare(org.mockito.stubbing.Stubbing,org.mockito.stubbing.Stubbing)	invocationComparator	org.mockito.internal.stubbing.StubbingComparator	SOURCE
org.mockito.internal.stubbing.answers.DoesNothing	doesNothing()	SINGLETON	org.mockito.internal.stubbing.answers.DoesNothing	SOURCE
org.mockito.internal.stubbing.StubberImpl	StubberImpl(org.mockito.quality.Strictness)	strictness	org.mockito.internal.stubbing.StubberImpl	SOURCE
org.mockito.internal.stubbing.StubberImpl	StubberImpl(org.mockito.quality.Strictness)	this	org.mockito.internal.stubbing.StubberImpl	SOURCE
org.mockito.internal.stubbing.StubberImpl	when(T)	answers	org.mockito.internal.stubbing.StubberImpl	SOURCE
org.mockito.internal.stubbing.StubberImpl	when(T)	strictness	org.mockito.internal.stubbing.StubberImpl	SOURCE
org.mockito.internal.stubbing.StubberImpl	doReturnValues(java.lang.Object[])	answers	org.mockito.internal.stubbing.StubberImpl	SOURCE
org.mockito.internal.stubbing.StubberImpl	doReturnValues(java.lang.Object[])	this	org.mockito.internal.stubbing.StubberImpl	SOURCE
org.mockito.internal.stubbing.StubberImpl	doReturnValues(java.lang.Object[])	answers	org.mockito.internal.stubbing.StubberImpl	SOURCE
org.mockito.internal.stubbing.StubberImpl	doReturnValues(java.lang.Object[])	this	org.mockito.internal.stubbing.StubberImpl	SOURCE
org.mockito.internal.stubbing.StubberImpl	doThrow(java.lang.Throwable[])	answers	org.mockito.internal.stubbing.StubberImpl	SOURCE
org.mockito.internal.stubbing.StubberImpl	doThrow(java.lang.Throwable[])	this	org.mockito.internal.stubbing.StubberImpl	SOURCE
org.mockito.internal.stubbing.StubberImpl	doThrow(java.lang.Throwable[])	answers	org.mockito.internal.stubbing.StubberImpl	SOURCE
org.mockito.internal.stubbing.StubberImpl	doThrow(java.lang.Throwable[])	this	org.mockito.internal.stubbing.StubberImpl	SOURCE
org.mockito.internal.stubbing.StubberImpl	doNothing()	answers	org.mockito.internal.stubbing.StubberImpl	SOURCE
org.mockito.internal.stubbing.StubberImpl	doNothing()	this	org.mockito.internal.stubbing.StubberImpl	SOURCE
org.mockito.internal.stubbing.StubberImpl	doAnswer(org.mockito.stubbing.Answer)	answers	org.mockito.internal.stubbing.StubberImpl	SOURCE
org.mockito.internal.stubbing.StubberImpl	doAnswer(org.mockito.stubbing.Answer)	this	org.mockito.internal.stubbing.StubberImpl	SOURCE
org.mockito.internal.stubbing.StubberImpl	doCallRealMethod()	answers	org.mockito.internal.stubbing.StubberImpl	SOURCE
org.mockito.internal.stubbing.StubberImpl	doCallRealMethod()	this	org.mockito.internal.stubbing.StubberImpl	SOURCE
org.mockito.internal.stubbing.answers.Returns	Returns(java.lang.Object)	value	org.mockito.internal.stubbing.answers.Returns	SOURCE
org.mockito.internal.stubbing.answers.Returns	Returns(java.lang.Object)	this	org.mockito.internal.stubbing.answers.Returns	SOURCE
org.mockito.internal.stubbing.answers.Returns	answer(org.mockito.invocation.InvocationOnMock)	value	org.mockito.internal.stubbing.answers.Returns	SOURCE
org.mockito.internal.stubbing.answers.Returns	printReturnType()	value	org.mockito.internal.stubbing.answers.Returns	SOURCE
org.mockito.internal.stubbing.answers.Returns	returnType()	value	org.mockito.internal.stubbing.answers.Returns	SOURCE
org.mockito.internal.stubbing.answers.Returns	returnsNull()	value	org.mockito.internal.stubbing.answers.Returns	SOURCE
org.mockito.internal.stubbing.answers.Returns	toString()	value	org.mockito.internal.stubbing.answers.Returns	SOURCE
org.mockito.Answers	Answers(org.mockito.stubbing.Answer)	implementation	org.mockito.Answers	SOURCE
org.mockito.Answers	Answers(org.mockito.stubbing.Answer)	this	org.mockito.Answers	SOURCE
org.mockito.Answers	get()	this	org.mockito.Answers	SOURCE
org.mockito.Answers	answer(org.mockito.invocation.InvocationOnMock)	implementation	org.mockito.Answers	SOURCE
org.mockito.internal.stubbing.answers.ReturnsArgumentAt	ReturnsArgumentAt(int)	LAST_ARGUMENT	org.mockito.internal.stubbing.answers.ReturnsArgumentAt	SOURCE
org.mockito.internal.stubbing.answers.ReturnsArgumentAt	ReturnsArgumentAt(int)	wantedArgumentPosition	org.mockito.internal.stubbing.answers.ReturnsArgumentAt	SOURCE
org.mockito.internal.stubbing.answers.ReturnsArgumentAt	ReturnsArgumentAt(int)	this	org.mockito.internal.stubbing.answers.ReturnsArgumentAt	SOURCE
org.mockito.internal.stubbing.answers.ReturnsArgumentAt	inferWantedArgumentPosition(org.mockito.invocation.InvocationOnMock)	wantedArgumentPosition	org.mockito.internal.stubbing.answers.ReturnsArgumentAt	SOURCE
org.mockito.internal.stubbing.answers.ReturnsArgumentAt	inferWantedArgumentPosition(org.mockito.invocation.InvocationOnMock)	LAST_ARGUMENT	org.mockito.internal.stubbing.answers.ReturnsArgumentAt	SOURCE
org.mockito.internal.stubbing.answers.ReturnsArgumentAt	inferWantedArgumentPosition(org.mockito.invocation.InvocationOnMock)	length	Array	SOURCE
org.mockito.internal.stubbing.answers.ReturnsArgumentAt	inferWantedArgumentPosition(org.mockito.invocation.InvocationOnMock)	wantedArgumentPosition	org.mockito.internal.stubbing.answers.ReturnsArgumentAt	SOURCE
org.mockito.internal.stubbing.answers.ReturnsArgumentAt	validateIndexWithinInvocationRange(org.mockito.invocation.InvocationOnMock,int)	wantedArgumentPosition	org.mockito.internal.stubbing.answers.ReturnsArgumentAt	SOURCE
org.mockito.internal.stubbing.answers.ReturnsArgumentAt	validateIndexWithinInvocationRange(org.mockito.invocation.InvocationOnMock,int)	LAST_ARGUMENT	org.mockito.internal.stubbing.answers.ReturnsArgumentAt	SOURCE
org.mockito.internal.stubbing.answers.ReturnsArgumentAt	validateIndexWithinInvocationRange(org.mockito.invocation.InvocationOnMock,int)	wantedArgumentPosition	org.mockito.internal.stubbing.answers.ReturnsArgumentAt	SOURCE
org.mockito.internal.stubbing.answers.ReturnsArgumentAt	validateArgumentTypeCompatibility(org.mockito.invocation.Invocation,int)	wantedArgumentPosition	org.mockito.internal.stubbing.answers.ReturnsArgumentAt	SOURCE
org.mockito.internal.stubbing.answers.ReturnsArgumentAt	wantedArgIndexIsVarargAndSameTypeAsReturnType(java.lang.reflect.Method,int)	length	Array	SOURCE
org.mockito.internal.stubbing.answers.ReturnsArgumentAt	wantedArgumentPositionIsValidForInvocation(org.mockito.invocation.InvocationOnMock,int)	length	Array	SOURCE
org.mockito.internal.stubbing.answers.ReturnsArgumentAt	inferArgumentType(org.mockito.invocation.Invocation,int)	length	Array	SOURCE
org.mockito.internal.stubbing.answers.AnswersWithDelay	AnswersWithDelay(long,org.mockito.stubbing.Answer)	sleepyTime	org.mockito.internal.stubbing.answers.AnswersWithDelay	SOURCE
org.mockito.internal.stubbing.answers.AnswersWithDelay	AnswersWithDelay(long,org.mockito.stubbing.Answer)	this	org.mockito.internal.stubbing.answers.AnswersWithDelay	SOURCE
org.mockito.internal.stubbing.answers.AnswersWithDelay	AnswersWithDelay(long,org.mockito.stubbing.Answer)	answer	org.mockito.internal.stubbing.answers.AnswersWithDelay	SOURCE
org.mockito.internal.stubbing.answers.AnswersWithDelay	AnswersWithDelay(long,org.mockito.stubbing.Answer)	this	org.mockito.internal.stubbing.answers.AnswersWithDelay	SOURCE
org.mockito.internal.stubbing.answers.AnswersWithDelay	answer(org.mockito.invocation.InvocationOnMock)	sleepyTime	org.mockito.internal.stubbing.answers.AnswersWithDelay	SOURCE
org.mockito.internal.stubbing.answers.AnswersWithDelay	answer(org.mockito.invocation.InvocationOnMock)	answer	org.mockito.internal.stubbing.answers.AnswersWithDelay	SOURCE
org.mockito.internal.stubbing.answers.AnswersWithDelay	validateFor(org.mockito.invocation.InvocationOnMock)	answer	org.mockito.internal.stubbing.answers.AnswersWithDelay	SOURCE
org.mockito.internal.stubbing.answers.AnswersWithDelay	validateFor(org.mockito.invocation.InvocationOnMock)	answer	org.mockito.internal.stubbing.answers.AnswersWithDelay	SOURCE
org.mockito.internal.stubbing.answers.AbstractThrowsException	answer(org.mockito.invocation.InvocationOnMock)	filter	org.mockito.internal.stubbing.answers.AbstractThrowsException	SOURCE
org.mockito.internal.exceptions.stacktrace.ConditionalStackTraceFilter	filter(java.lang.Throwable)	config	org.mockito.internal.exceptions.stacktrace.ConditionalStackTraceFilter	SOURCE
org.mockito.internal.exceptions.stacktrace.ConditionalStackTraceFilter	filter(java.lang.Throwable)	filter	org.mockito.internal.exceptions.stacktrace.ConditionalStackTraceFilter	SOURCE
org.mockito.internal.exceptions.stacktrace.StackTraceFilter	JAVA_LANG_ACCESS	JAVA_LANG_ACCESS	org.mockito.internal.exceptions.stacktrace.StackTraceFilter	SOURCE
org.mockito.internal.exceptions.stacktrace.StackTraceFilter	GET_STACK_TRACE_ELEMENT	GET_STACK_TRACE_ELEMENT	org.mockito.internal.exceptions.stacktrace.StackTraceFilter	SOURCE
org.mockito.internal.exceptions.stacktrace.StackTraceFilter	null	class	java.lang.Throwable	SOURCE
org.mockito.internal.exceptions.stacktrace.StackTraceFilter	null	class	null	SOURCE
org.mockito.internal.exceptions.stacktrace.StackTraceFilter	filter(java.lang.StackTraceElement[],boolean)	CLEANER	org.mockito.internal.exceptions.stacktrace.StackTraceFilter	SOURCE
org.mockito.internal.exceptions.stacktrace.StackTraceFilter	filterFirst(java.lang.Throwable,boolean)	GET_STACK_TRACE_ELEMENT	org.mockito.internal.exceptions.stacktrace.StackTraceFilter	SOURCE
org.mockito.internal.exceptions.stacktrace.StackTraceFilter	filterFirst(java.lang.Throwable,boolean)	GET_STACK_TRACE_ELEMENT	org.mockito.internal.exceptions.stacktrace.StackTraceFilter	SOURCE
org.mockito.internal.exceptions.stacktrace.StackTraceFilter	filterFirst(java.lang.Throwable,boolean)	JAVA_LANG_ACCESS	org.mockito.internal.exceptions.stacktrace.StackTraceFilter	SOURCE
org.mockito.internal.exceptions.stacktrace.StackTraceFilter	filterFirst(java.lang.Throwable,boolean)	CLEANER	org.mockito.internal.exceptions.stacktrace.StackTraceFilter	SOURCE
org.mockito.internal.exceptions.stacktrace.StackTraceFilter	filterFirst(java.lang.Throwable,boolean)	CLEANER	org.mockito.internal.exceptions.stacktrace.StackTraceFilter	SOURCE
org.mockito.internal.exceptions.stacktrace.StackTraceFilter	findSourceFile(java.lang.StackTraceElement[],java.lang.String)	CLEANER	org.mockito.internal.exceptions.stacktrace.StackTraceFilter	SOURCE
org.mockito.internal.stubbing.answers.ThrowsExceptionForClassType	ThrowsExceptionForClassType(java.lang.Class)	throwableClass	org.mockito.internal.stubbing.answers.ThrowsExceptionForClassType	SOURCE
org.mockito.internal.stubbing.answers.ThrowsExceptionForClassType	ThrowsExceptionForClassType(java.lang.Class)	this	org.mockito.internal.stubbing.answers.ThrowsExceptionForClassType	SOURCE
org.mockito.internal.stubbing.answers.ThrowsExceptionForClassType	getThrowable()	throwableClass	org.mockito.internal.stubbing.answers.ThrowsExceptionForClassType	SOURCE
org.mockito.internal.stubbing.answers.ClonesArguments	answer(org.mockito.invocation.InvocationOnMock)	length	Array	SOURCE
org.mockito.internal.stubbing.answers.ThrowsException	ThrowsException(java.lang.Throwable)	throwable	org.mockito.internal.stubbing.answers.ThrowsException	SOURCE
org.mockito.internal.stubbing.answers.ThrowsException	ThrowsException(java.lang.Throwable)	this	org.mockito.internal.stubbing.answers.ThrowsException	SOURCE
org.mockito.internal.stubbing.answers.ThrowsException	getThrowable()	throwable	org.mockito.internal.stubbing.answers.ThrowsException	SOURCE
org.mockito.internal.stubbing.answers.InvocationInfo	InvocationInfo(org.mockito.invocation.InvocationOnMock)	method	org.mockito.internal.stubbing.answers.InvocationInfo	SOURCE
org.mockito.internal.stubbing.answers.InvocationInfo	InvocationInfo(org.mockito.invocation.InvocationOnMock)	this	org.mockito.internal.stubbing.answers.InvocationInfo	SOURCE
org.mockito.internal.stubbing.answers.InvocationInfo	InvocationInfo(org.mockito.invocation.InvocationOnMock)	invocation	org.mockito.internal.stubbing.answers.InvocationInfo	SOURCE
org.mockito.internal.stubbing.answers.InvocationInfo	InvocationInfo(org.mockito.invocation.InvocationOnMock)	this	org.mockito.internal.stubbing.answers.InvocationInfo	SOURCE
org.mockito.internal.stubbing.answers.InvocationInfo	isValidException(java.lang.Throwable)	method	org.mockito.internal.stubbing.answers.InvocationInfo	SOURCE
org.mockito.internal.stubbing.answers.InvocationInfo	isValidReturnType(java.lang.Class)	method	org.mockito.internal.stubbing.answers.InvocationInfo	SOURCE
org.mockito.internal.stubbing.answers.InvocationInfo	isValidReturnType(java.lang.Class)	method	org.mockito.internal.stubbing.answers.InvocationInfo	SOURCE
org.mockito.internal.stubbing.answers.InvocationInfo	isValidReturnType(java.lang.Class)	method	org.mockito.internal.stubbing.answers.InvocationInfo	SOURCE
org.mockito.internal.stubbing.answers.InvocationInfo	isVoid()	invocation	org.mockito.internal.stubbing.answers.InvocationInfo	SOURCE
org.mockito.internal.stubbing.answers.InvocationInfo	isVoid()	method	org.mockito.internal.stubbing.answers.InvocationInfo	SOURCE
org.mockito.internal.stubbing.answers.InvocationInfo	isVoid()	this	org.mockito.internal.stubbing.answers.InvocationInfo	SOURCE
org.mockito.internal.stubbing.answers.InvocationInfo	isVoid()	TYPE	java.lang.Void	SOURCE
org.mockito.internal.stubbing.answers.InvocationInfo	isVoid()	class	java.lang.Void	SOURCE
org.mockito.internal.stubbing.answers.InvocationInfo	printMethodReturnType()	method	org.mockito.internal.stubbing.answers.InvocationInfo	SOURCE
org.mockito.internal.stubbing.answers.InvocationInfo	getMethodName()	method	org.mockito.internal.stubbing.answers.InvocationInfo	SOURCE
org.mockito.internal.stubbing.answers.InvocationInfo	returnsPrimitive()	method	org.mockito.internal.stubbing.answers.InvocationInfo	SOURCE
org.mockito.internal.stubbing.answers.InvocationInfo	getMethod()	method	org.mockito.internal.stubbing.answers.InvocationInfo	SOURCE
org.mockito.internal.stubbing.answers.InvocationInfo	isDeclaredOnInterface()	method	org.mockito.internal.stubbing.answers.InvocationInfo	SOURCE
org.mockito.internal.stubbing.answers.InvocationInfo	isAbstract()	method	org.mockito.internal.stubbing.answers.InvocationInfo	SOURCE
org.mockito.internal.stubbing.answers.InvocationInfo	isAbstract()	ABSTRACT	java.lang.reflect.Modifier	SOURCE
org.mockito.internal.stubbing.answers.ReturnsElementsOf	ReturnsElementsOf(java.util.Collection)	elements	org.mockito.internal.stubbing.answers.ReturnsElementsOf	SOURCE
org.mockito.internal.stubbing.answers.ReturnsElementsOf	ReturnsElementsOf(java.util.Collection)	this	org.mockito.internal.stubbing.answers.ReturnsElementsOf	SOURCE
org.mockito.internal.stubbing.answers.ReturnsElementsOf	answer(org.mockito.invocation.InvocationOnMock)	elements	org.mockito.internal.stubbing.answers.ReturnsElementsOf	SOURCE
org.mockito.internal.stubbing.answers.ReturnsElementsOf	answer(org.mockito.invocation.InvocationOnMock)	elements	org.mockito.internal.stubbing.answers.ReturnsElementsOf	SOURCE
org.mockito.internal.stubbing.answers.ReturnsElementsOf	answer(org.mockito.invocation.InvocationOnMock)	elements	org.mockito.internal.stubbing.answers.ReturnsElementsOf	SOURCE
org.mockito.internal.creation.MockSettingsImpl	serializable(org.mockito.mock.SerializableMode)	serializableMode	org.mockito.internal.creation.settings.CreationSettings	SOURCE
org.mockito.internal.creation.MockSettingsImpl	serializable(org.mockito.mock.SerializableMode)	this	org.mockito.internal.creation.MockSettingsImpl	SOURCE
org.mockito.internal.creation.MockSettingsImpl	serializable(org.mockito.mock.SerializableMode)	this	org.mockito.internal.creation.MockSettingsImpl	SOURCE
org.mockito.internal.creation.MockSettingsImpl	extraInterfaces(java.lang.Class[])	length	Array	SOURCE
org.mockito.internal.creation.MockSettingsImpl	extraInterfaces(java.lang.Class[])	extraInterfaces	org.mockito.internal.creation.settings.CreationSettings	SOURCE
org.mockito.internal.creation.MockSettingsImpl	extraInterfaces(java.lang.Class[])	this	org.mockito.internal.creation.MockSettingsImpl	SOURCE
org.mockito.internal.creation.MockSettingsImpl	extraInterfaces(java.lang.Class[])	this	org.mockito.internal.creation.MockSettingsImpl	SOURCE
org.mockito.internal.creation.MockSettingsImpl	getMockName()	mockName	org.mockito.internal.creation.settings.CreationSettings	SOURCE
org.mockito.internal.creation.MockSettingsImpl	getExtraInterfaces()	extraInterfaces	org.mockito.internal.creation.settings.CreationSettings	SOURCE
org.mockito.internal.creation.MockSettingsImpl	getSpiedInstance()	spiedInstance	org.mockito.internal.creation.settings.CreationSettings	SOURCE
org.mockito.internal.creation.MockSettingsImpl	name(java.lang.String)	name	org.mockito.internal.creation.settings.CreationSettings	SOURCE
org.mockito.internal.creation.MockSettingsImpl	name(java.lang.String)	this	org.mockito.internal.creation.MockSettingsImpl	SOURCE
org.mockito.internal.creation.MockSettingsImpl	name(java.lang.String)	this	org.mockito.internal.creation.MockSettingsImpl	SOURCE
org.mockito.internal.creation.MockSettingsImpl	spiedInstance(java.lang.Object)	spiedInstance	org.mockito.internal.creation.settings.CreationSettings	SOURCE
org.mockito.internal.creation.MockSettingsImpl	spiedInstance(java.lang.Object)	this	org.mockito.internal.creation.MockSettingsImpl	SOURCE
org.mockito.internal.creation.MockSettingsImpl	spiedInstance(java.lang.Object)	this	org.mockito.internal.creation.MockSettingsImpl	SOURCE
org.mockito.internal.creation.MockSettingsImpl	defaultAnswer(org.mockito.stubbing.Answer)	defaultAnswer	org.mockito.internal.creation.settings.CreationSettings	SOURCE
org.mockito.internal.creation.MockSettingsImpl	defaultAnswer(org.mockito.stubbing.Answer)	this	org.mockito.internal.creation.MockSettingsImpl	SOURCE
org.mockito.internal.creation.MockSettingsImpl	defaultAnswer(org.mockito.stubbing.Answer)	this	org.mockito.internal.creation.MockSettingsImpl	SOURCE
org.mockito.internal.creation.MockSettingsImpl	getDefaultAnswer()	defaultAnswer	org.mockito.internal.creation.settings.CreationSettings	SOURCE
org.mockito.internal.creation.MockSettingsImpl	stubOnly()	stubOnly	org.mockito.internal.creation.settings.CreationSettings	SOURCE
org.mockito.internal.creation.MockSettingsImpl	stubOnly()	this	org.mockito.internal.creation.MockSettingsImpl	SOURCE
org.mockito.internal.creation.MockSettingsImpl	stubOnly()	this	org.mockito.internal.creation.MockSettingsImpl	SOURCE
org.mockito.internal.creation.MockSettingsImpl	useConstructor(java.lang.Object[])	useConstructor	org.mockito.internal.creation.MockSettingsImpl	SOURCE
org.mockito.internal.creation.MockSettingsImpl	useConstructor(java.lang.Object[])	this	org.mockito.internal.creation.MockSettingsImpl	SOURCE
org.mockito.internal.creation.MockSettingsImpl	useConstructor(java.lang.Object[])	constructorArgs	org.mockito.internal.creation.MockSettingsImpl	SOURCE
org.mockito.internal.creation.MockSettingsImpl	useConstructor(java.lang.Object[])	this	org.mockito.internal.creation.MockSettingsImpl	SOURCE
org.mockito.internal.creation.MockSettingsImpl	useConstructor(java.lang.Object[])	this	org.mockito.internal.creation.MockSettingsImpl	SOURCE
org.mockito.internal.creation.MockSettingsImpl	outerInstance(java.lang.Object)	outerClassInstance	org.mockito.internal.creation.MockSettingsImpl	SOURCE
org.mockito.internal.creation.MockSettingsImpl	outerInstance(java.lang.Object)	this	org.mockito.internal.creation.MockSettingsImpl	SOURCE
org.mockito.internal.creation.MockSettingsImpl	outerInstance(java.lang.Object)	this	org.mockito.internal.creation.MockSettingsImpl	SOURCE
org.mockito.internal.creation.MockSettingsImpl	withoutAnnotations()	stripAnnotations	org.mockito.internal.creation.settings.CreationSettings	SOURCE
org.mockito.internal.creation.MockSettingsImpl	withoutAnnotations()	this	org.mockito.internal.creation.MockSettingsImpl	SOURCE
org.mockito.internal.creation.MockSettingsImpl	isUsingConstructor()	useConstructor	org.mockito.internal.creation.MockSettingsImpl	SOURCE
org.mockito.internal.creation.MockSettingsImpl	getOuterClassInstance()	outerClassInstance	org.mockito.internal.creation.MockSettingsImpl	SOURCE
org.mockito.internal.creation.MockSettingsImpl	getConstructorArgs()	outerClassInstance	org.mockito.internal.creation.MockSettingsImpl	SOURCE
org.mockito.internal.creation.MockSettingsImpl	getConstructorArgs()	constructorArgs	org.mockito.internal.creation.MockSettingsImpl	SOURCE
org.mockito.internal.creation.MockSettingsImpl	getConstructorArgs()	length	Array	SOURCE
org.mockito.internal.creation.MockSettingsImpl	getConstructorArgs()	constructorArgs	org.mockito.internal.creation.MockSettingsImpl	SOURCE
org.mockito.internal.creation.MockSettingsImpl	getConstructorArgs()	outerClassInstance	org.mockito.internal.creation.MockSettingsImpl	SOURCE
org.mockito.internal.creation.MockSettingsImpl	getConstructorArgs()	constructorArgs	org.mockito.internal.creation.MockSettingsImpl	SOURCE
org.mockito.internal.creation.MockSettingsImpl	getConstructorArgs()	length	Array	SOURCE
org.mockito.internal.creation.MockSettingsImpl	getConstructorArgs()	constructorArgs	org.mockito.internal.creation.MockSettingsImpl	SOURCE
org.mockito.internal.creation.MockSettingsImpl	isStubOnly()	stubOnly	org.mockito.internal.creation.settings.CreationSettings	SOURCE
org.mockito.internal.creation.MockSettingsImpl	isStubOnly()	this	org.mockito.internal.creation.MockSettingsImpl	SOURCE
org.mockito.internal.creation.MockSettingsImpl	verboseLogging()	class	org.mockito.internal.debugging.VerboseMockInvocationLogger	SOURCE
org.mockito.internal.creation.MockSettingsImpl	verboseLogging()	this	org.mockito.internal.creation.MockSettingsImpl	SOURCE
org.mockito.internal.creation.MockSettingsImpl	invocationListeners(org.mockito.listeners.InvocationListener[])	invocationListeners	org.mockito.internal.creation.settings.CreationSettings	SOURCE
org.mockito.internal.creation.MockSettingsImpl	invocationListeners(org.mockito.listeners.InvocationListener[])	this	org.mockito.internal.creation.MockSettingsImpl	SOURCE
org.mockito.internal.creation.MockSettingsImpl	stubbingLookupListeners(org.mockito.listeners.StubbingLookupListener[])	stubbingLookupListeners	org.mockito.internal.creation.settings.CreationSettings	SOURCE
org.mockito.internal.creation.MockSettingsImpl	stubbingLookupListeners(org.mockito.listeners.StubbingLookupListener[])	this	org.mockito.internal.creation.MockSettingsImpl	SOURCE
org.mockito.internal.creation.MockSettingsImpl	addListeners(T[],java.util.List,java.lang.String)	length	Array	SOURCE
org.mockito.internal.creation.MockSettingsImpl	verificationStartedListeners(org.mockito.listeners.VerificationStartedListener[])	verificationStartedListeners	org.mockito.internal.creation.settings.CreationSettings	SOURCE
org.mockito.internal.creation.MockSettingsImpl	verificationStartedListeners(org.mockito.listeners.VerificationStartedListener[])	this	org.mockito.internal.creation.MockSettingsImpl	SOURCE
org.mockito.internal.creation.MockSettingsImpl	verificationStartedListeners(org.mockito.listeners.VerificationStartedListener[])	this	org.mockito.internal.creation.MockSettingsImpl	SOURCE
org.mockito.internal.creation.MockSettingsImpl	invocationListenersContainsType(java.lang.Class)	invocationListeners	org.mockito.internal.creation.settings.CreationSettings	SOURCE
org.mockito.internal.creation.MockSettingsImpl	getTypeToMock()	typeToMock	org.mockito.internal.creation.settings.CreationSettings	SOURCE
org.mockito.internal.creation.MockSettingsImpl	build(java.lang.Class)	this	org.mockito.internal.creation.MockSettingsImpl	SOURCE
org.mockito.internal.creation.MockSettingsImpl	buildStatic(java.lang.Class)	this	org.mockito.internal.creation.MockSettingsImpl	SOURCE
org.mockito.internal.creation.MockSettingsImpl	lenient()	lenient	org.mockito.internal.creation.settings.CreationSettings	SOURCE
org.mockito.internal.creation.MockSettingsImpl	lenient()	this	org.mockito.internal.creation.MockSettingsImpl	SOURCE
org.mockito.internal.creation.MockSettingsImpl	lenient()	this	org.mockito.internal.creation.MockSettingsImpl	SOURCE
org.mockito.internal.creation.MockSettingsImpl	prepareExtraInterfaces(org.mockito.internal.creation.settings.CreationSettings)	class	java.io.Serializable	SOURCE
org.mockito.internal.creation.SuspendMethod	trimSuspendParameterTypes(java.lang.Class[])	length	Array	SOURCE
org.mockito.internal.creation.SuspendMethod	trimSuspendParameterTypes(java.lang.Class[])	length	Array	SOURCE
org.mockito.internal.creation.SuspendMethod	isContinuationType(java.lang.Class)	KOTLIN_CONTINUATION	org.mockito.internal.creation.SuspendMethod	SOURCE
org.mockito.internal.creation.SuspendMethod	isContinuationType(java.lang.Class)	KOTLIN_EXPERIMENTAL_CONTINUATION	org.mockito.internal.creation.SuspendMethod	SOURCE
org.mockito.internal.creation.DelegatingMethod	DelegatingMethod(java.lang.reflect.Method)	method	org.mockito.internal.creation.DelegatingMethod	SOURCE
org.mockito.internal.creation.DelegatingMethod	DelegatingMethod(java.lang.reflect.Method)	this	org.mockito.internal.creation.DelegatingMethod	SOURCE
org.mockito.internal.creation.DelegatingMethod	DelegatingMethod(java.lang.reflect.Method)	parameterTypes	org.mockito.internal.creation.DelegatingMethod	SOURCE
org.mockito.internal.creation.DelegatingMethod	DelegatingMethod(java.lang.reflect.Method)	this	org.mockito.internal.creation.DelegatingMethod	SOURCE
org.mockito.internal.creation.DelegatingMethod	getExceptionTypes()	method	org.mockito.internal.creation.DelegatingMethod	SOURCE
org.mockito.internal.creation.DelegatingMethod	getJavaMethod()	method	org.mockito.internal.creation.DelegatingMethod	SOURCE
org.mockito.internal.creation.DelegatingMethod	getName()	method	org.mockito.internal.creation.DelegatingMethod	SOURCE
org.mockito.internal.creation.DelegatingMethod	getParameterTypes()	parameterTypes	org.mockito.internal.creation.DelegatingMethod	SOURCE
org.mockito.internal.creation.DelegatingMethod	getReturnType()	method	org.mockito.internal.creation.DelegatingMethod	SOURCE
org.mockito.internal.creation.DelegatingMethod	isVarArgs()	method	org.mockito.internal.creation.DelegatingMethod	SOURCE
org.mockito.internal.creation.DelegatingMethod	isAbstract()	method	org.mockito.internal.creation.DelegatingMethod	SOURCE
org.mockito.internal.creation.DelegatingMethod	isAbstract()	ABSTRACT	java.lang.reflect.Modifier	SOURCE
org.mockito.internal.creation.DelegatingMethod	equals(java.lang.Object)	this	org.mockito.internal.creation.DelegatingMethod	SOURCE
org.mockito.internal.creation.DelegatingMethod	equals(java.lang.Object)	method	org.mockito.internal.creation.DelegatingMethod	SOURCE
org.mockito.internal.creation.DelegatingMethod	equals(java.lang.Object)	method	org.mockito.internal.creation.DelegatingMethod	SOURCE
org.mockito.internal.creation.DelegatingMethod	equals(java.lang.Object)	method	org.mockito.internal.creation.DelegatingMethod	SOURCE
org.mockito.internal.creation.DelegatingMethod	hashCode()	method	org.mockito.internal.creation.DelegatingMethod	SOURCE
org.mockito.internal.creation.bytebuddy.TypeCachingBytecodeGenerator	TypeCachingBytecodeGenerator(org.mockito.internal.creation.bytebuddy.BytecodeGenerator,boolean)	bytecodeGenerator	org.mockito.internal.creation.bytebuddy.TypeCachingBytecodeGenerator	SOURCE
org.mockito.internal.creation.bytebuddy.TypeCachingBytecodeGenerator	TypeCachingBytecodeGenerator(org.mockito.internal.creation.bytebuddy.BytecodeGenerator,boolean)	this	org.mockito.internal.creation.bytebuddy.TypeCachingBytecodeGenerator	SOURCE
org.mockito.internal.creation.bytebuddy.TypeCachingBytecodeGenerator	TypeCachingBytecodeGenerator(org.mockito.internal.creation.bytebuddy.BytecodeGenerator,boolean)	typeCache	org.mockito.internal.creation.bytebuddy.TypeCachingBytecodeGenerator	SOURCE
org.mockito.internal.creation.bytebuddy.TypeCachingBytecodeGenerator	mockClass(org.mockito.internal.creation.bytebuddy.MockFeatures)	mockedType	org.mockito.internal.creation.bytebuddy.MockFeatures	SOURCE
org.mockito.internal.creation.bytebuddy.TypeCachingBytecodeGenerator	mockClass(org.mockito.internal.creation.bytebuddy.MockFeatures)	typeCache	org.mockito.internal.creation.bytebuddy.TypeCachingBytecodeGenerator	SOURCE
org.mockito.internal.creation.bytebuddy.TypeCachingBytecodeGenerator	mockClass(org.mockito.internal.creation.bytebuddy.MockFeatures)	mockedType	org.mockito.internal.creation.bytebuddy.MockFeatures	SOURCE
org.mockito.internal.creation.bytebuddy.TypeCachingBytecodeGenerator	mockClass(org.mockito.internal.creation.bytebuddy.MockFeatures)	interfaces	org.mockito.internal.creation.bytebuddy.MockFeatures	SOURCE
org.mockito.internal.creation.bytebuddy.TypeCachingBytecodeGenerator	mockClass(org.mockito.internal.creation.bytebuddy.MockFeatures)	serializableMode	org.mockito.internal.creation.bytebuddy.MockFeatures	SOURCE
org.mockito.internal.creation.bytebuddy.TypeCachingBytecodeGenerator	mockClass(org.mockito.internal.creation.bytebuddy.MockFeatures)	stripAnnotations	org.mockito.internal.creation.bytebuddy.MockFeatures	SOURCE
org.mockito.internal.creation.bytebuddy.TypeCachingBytecodeGenerator$1	call()	bytecodeGenerator	org.mockito.internal.creation.bytebuddy.TypeCachingBytecodeGenerator	SOURCE
org.mockito.internal.creation.bytebuddy.TypeCachingBytecodeGenerator	mockClass(org.mockito.internal.creation.bytebuddy.MockFeatures)	BOOTSTRAP_LOCK	org.mockito.internal.creation.bytebuddy.TypeCachingBytecodeGenerator	SOURCE
org.mockito.internal.creation.bytebuddy.TypeCachingBytecodeGenerator	mockClassStatic(java.lang.Class)	bytecodeGenerator	org.mockito.internal.creation.bytebuddy.TypeCachingBytecodeGenerator	SOURCE
org.mockito.internal.creation.bytebuddy.TypeCachingBytecodeGenerator	mockClassConstruction(java.lang.Class)	bytecodeGenerator	org.mockito.internal.creation.bytebuddy.TypeCachingBytecodeGenerator	SOURCE
org.mockito.internal.creation.bytebuddy.TypeCachingBytecodeGenerator$MockitoMockKey	MockitoMockKey(java.lang.Class,java.util.Set,org.mockito.mock.SerializableMode,boolean)	serializableMode	org.mockito.internal.creation.bytebuddy.TypeCachingBytecodeGenerator$MockitoMockKey	SOURCE
org.mockito.internal.creation.bytebuddy.TypeCachingBytecodeGenerator$MockitoMockKey	MockitoMockKey(java.lang.Class,java.util.Set,org.mockito.mock.SerializableMode,boolean)	this	org.mockito.internal.creation.bytebuddy.TypeCachingBytecodeGenerator$MockitoMockKey	SOURCE
org.mockito.internal.creation.bytebuddy.TypeCachingBytecodeGenerator$MockitoMockKey	MockitoMockKey(java.lang.Class,java.util.Set,org.mockito.mock.SerializableMode,boolean)	stripAnnotations	org.mockito.internal.creation.bytebuddy.TypeCachingBytecodeGenerator$MockitoMockKey	SOURCE
org.mockito.internal.creation.bytebuddy.TypeCachingBytecodeGenerator$MockitoMockKey	MockitoMockKey(java.lang.Class,java.util.Set,org.mockito.mock.SerializableMode,boolean)	this	org.mockito.internal.creation.bytebuddy.TypeCachingBytecodeGenerator$MockitoMockKey	SOURCE
org.mockito.internal.creation.bytebuddy.TypeCachingBytecodeGenerator$MockitoMockKey	equals(java.lang.Object)	this	org.mockito.internal.creation.bytebuddy.TypeCachingBytecodeGenerator$MockitoMockKey	SOURCE
org.mockito.internal.creation.bytebuddy.TypeCachingBytecodeGenerator$MockitoMockKey	equals(java.lang.Object)	super	org.mockito.internal.creation.bytebuddy.TypeCachingBytecodeGenerator$MockitoMockKey	SOURCE
org.mockito.internal.creation.bytebuddy.TypeCachingBytecodeGenerator$MockitoMockKey	equals(java.lang.Object)	stripAnnotations	org.mockito.internal.creation.bytebuddy.TypeCachingBytecodeGenerator$MockitoMockKey	SOURCE
org.mockito.internal.creation.bytebuddy.TypeCachingBytecodeGenerator$MockitoMockKey	equals(java.lang.Object)	stripAnnotations	org.mockito.internal.creation.bytebuddy.TypeCachingBytecodeGenerator$MockitoMockKey	SOURCE
org.mockito.internal.creation.bytebuddy.TypeCachingBytecodeGenerator$MockitoMockKey	equals(java.lang.Object)	serializableMode	org.mockito.internal.creation.bytebuddy.TypeCachingBytecodeGenerator$MockitoMockKey	SOURCE
org.mockito.internal.creation.bytebuddy.TypeCachingBytecodeGenerator$MockitoMockKey	equals(java.lang.Object)	serializableMode	org.mockito.internal.creation.bytebuddy.TypeCachingBytecodeGenerator$MockitoMockKey	SOURCE
org.mockito.internal.creation.bytebuddy.TypeCachingBytecodeGenerator$MockitoMockKey	hashCode()	super	org.mockito.internal.creation.bytebuddy.TypeCachingBytecodeGenerator$MockitoMockKey	SOURCE
org.mockito.internal.creation.bytebuddy.TypeCachingBytecodeGenerator$MockitoMockKey	hashCode()	stripAnnotations	org.mockito.internal.creation.bytebuddy.TypeCachingBytecodeGenerator$MockitoMockKey	SOURCE
org.mockito.internal.creation.bytebuddy.TypeCachingBytecodeGenerator$MockitoMockKey	hashCode()	serializableMode	org.mockito.internal.creation.bytebuddy.TypeCachingBytecodeGenerator$MockitoMockKey	SOURCE
org.mockito.internal.creation.bytebuddy.MockFeatures	MockFeatures(java.lang.Class,java.util.Set,org.mockito.mock.SerializableMode,boolean)	mockedType	org.mockito.internal.creation.bytebuddy.MockFeatures	SOURCE
org.mockito.internal.creation.bytebuddy.MockFeatures	MockFeatures(java.lang.Class,java.util.Set,org.mockito.mock.SerializableMode,boolean)	this	org.mockito.internal.creation.bytebuddy.MockFeatures	SOURCE
org.mockito.internal.creation.bytebuddy.MockFeatures	MockFeatures(java.lang.Class,java.util.Set,org.mockito.mock.SerializableMode,boolean)	interfaces	org.mockito.internal.creation.bytebuddy.MockFeatures	SOURCE
org.mockito.internal.creation.bytebuddy.MockFeatures	MockFeatures(java.lang.Class,java.util.Set,org.mockito.mock.SerializableMode,boolean)	this	org.mockito.internal.creation.bytebuddy.MockFeatures	SOURCE
org.mockito.internal.creation.bytebuddy.MockFeatures	MockFeatures(java.lang.Class,java.util.Set,org.mockito.mock.SerializableMode,boolean)	serializableMode	org.mockito.internal.creation.bytebuddy.MockFeatures	SOURCE
org.mockito.internal.creation.bytebuddy.MockFeatures	MockFeatures(java.lang.Class,java.util.Set,org.mockito.mock.SerializableMode,boolean)	this	org.mockito.internal.creation.bytebuddy.MockFeatures	SOURCE
org.mockito.internal.creation.bytebuddy.MockFeatures	MockFeatures(java.lang.Class,java.util.Set,org.mockito.mock.SerializableMode,boolean)	stripAnnotations	org.mockito.internal.creation.bytebuddy.MockFeatures	SOURCE
org.mockito.internal.creation.bytebuddy.MockFeatures	MockFeatures(java.lang.Class,java.util.Set,org.mockito.mock.SerializableMode,boolean)	this	org.mockito.internal.creation.bytebuddy.MockFeatures	SOURCE
org.mockito.internal.creation.bytebuddy.ModuleHandler$ModuleSystemFound	ModuleSystemFound(net.bytebuddy.ByteBuddy,org.mockito.internal.creation.bytebuddy.SubclassLoader,java.util.Random)	byteBuddy	org.mockito.internal.creation.bytebuddy.ModuleHandler$ModuleSystemFound	SOURCE
org.mockito.internal.creation.bytebuddy.ModuleHandler$ModuleSystemFound	ModuleSystemFound(net.bytebuddy.ByteBuddy,org.mockito.internal.creation.bytebuddy.SubclassLoader,java.util.Random)	this	org.mockito.internal.creation.bytebuddy.ModuleHandler$ModuleSystemFound	SOURCE
org.mockito.internal.creation.bytebuddy.ModuleHandler$ModuleSystemFound	ModuleSystemFound(net.bytebuddy.ByteBuddy,org.mockito.internal.creation.bytebuddy.SubclassLoader,java.util.Random)	loader	org.mockito.internal.creation.bytebuddy.ModuleHandler$ModuleSystemFound	SOURCE
org.mockito.internal.creation.bytebuddy.ModuleHandler$ModuleSystemFound	ModuleSystemFound(net.bytebuddy.ByteBuddy,org.mockito.internal.creation.bytebuddy.SubclassLoader,java.util.Random)	this	org.mockito.internal.creation.bytebuddy.ModuleHandler$ModuleSystemFound	SOURCE
org.mockito.internal.creation.bytebuddy.ModuleHandler$ModuleSystemFound	ModuleSystemFound(net.bytebuddy.ByteBuddy,org.mockito.internal.creation.bytebuddy.SubclassLoader,java.util.Random)	random	org.mockito.internal.creation.bytebuddy.ModuleHandler$ModuleSystemFound	SOURCE
org.mockito.internal.creation.bytebuddy.ModuleHandler$ModuleSystemFound	ModuleSystemFound(net.bytebuddy.ByteBuddy,org.mockito.internal.creation.bytebuddy.SubclassLoader,java.util.Random)	this	org.mockito.internal.creation.bytebuddy.ModuleHandler$ModuleSystemFound	SOURCE
org.mockito.internal.creation.bytebuddy.ModuleHandler$ModuleSystemFound	ModuleSystemFound(net.bytebuddy.ByteBuddy,org.mockito.internal.creation.bytebuddy.SubclassLoader,java.util.Random)	injectonBaseSuffix	org.mockito.internal.creation.bytebuddy.ModuleHandler$ModuleSystemFound	SOURCE
org.mockito.internal.creation.bytebuddy.ModuleHandler$ModuleSystemFound	ModuleSystemFound(net.bytebuddy.ByteBuddy,org.mockito.internal.creation.bytebuddy.SubclassLoader,java.util.Random)	getModule	org.mockito.internal.creation.bytebuddy.ModuleHandler$ModuleSystemFound	SOURCE
org.mockito.internal.creation.bytebuddy.ModuleHandler$ModuleSystemFound	ModuleSystemFound(net.bytebuddy.ByteBuddy,org.mockito.internal.creation.bytebuddy.SubclassLoader,java.util.Random)	class	java.lang.Class	SOURCE
org.mockito.internal.creation.bytebuddy.ModuleHandler$ModuleSystemFound	ModuleSystemFound(net.bytebuddy.ByteBuddy,org.mockito.internal.creation.bytebuddy.SubclassLoader,java.util.Random)	isOpen	org.mockito.internal.creation.bytebuddy.ModuleHandler$ModuleSystemFound	SOURCE
org.mockito.internal.creation.bytebuddy.ModuleHandler$ModuleSystemFound	ModuleSystemFound(net.bytebuddy.ByteBuddy,org.mockito.internal.creation.bytebuddy.SubclassLoader,java.util.Random)	class	java.lang.String	SOURCE
org.mockito.internal.creation.bytebuddy.ModuleHandler$ModuleSystemFound	ModuleSystemFound(net.bytebuddy.ByteBuddy,org.mockito.internal.creation.bytebuddy.SubclassLoader,java.util.Random)	isExported	org.mockito.internal.creation.bytebuddy.ModuleHandler$ModuleSystemFound	SOURCE
org.mockito.internal.creation.bytebuddy.ModuleHandler$ModuleSystemFound	ModuleSystemFound(net.bytebuddy.ByteBuddy,org.mockito.internal.creation.bytebuddy.SubclassLoader,java.util.Random)	class	java.lang.String	SOURCE
org.mockito.internal.creation.bytebuddy.ModuleHandler$ModuleSystemFound	ModuleSystemFound(net.bytebuddy.ByteBuddy,org.mockito.internal.creation.bytebuddy.SubclassLoader,java.util.Random)	isExportedUnqualified	org.mockito.internal.creation.bytebuddy.ModuleHandler$ModuleSystemFound	SOURCE
org.mockito.internal.creation.bytebuddy.ModuleHandler$ModuleSystemFound	ModuleSystemFound(net.bytebuddy.ByteBuddy,org.mockito.internal.creation.bytebuddy.SubclassLoader,java.util.Random)	class	java.lang.String	SOURCE
org.mockito.internal.creation.bytebuddy.ModuleHandler$ModuleSystemFound	ModuleSystemFound(net.bytebuddy.ByteBuddy,org.mockito.internal.creation.bytebuddy.SubclassLoader,java.util.Random)	canRead	org.mockito.internal.creation.bytebuddy.ModuleHandler$ModuleSystemFound	SOURCE
org.mockito.internal.creation.bytebuddy.ModuleHandler$ModuleSystemFound	ModuleSystemFound(net.bytebuddy.ByteBuddy,org.mockito.internal.creation.bytebuddy.SubclassLoader,java.util.Random)	addExports	org.mockito.internal.creation.bytebuddy.ModuleHandler$ModuleSystemFound	SOURCE
org.mockito.internal.creation.bytebuddy.ModuleHandler$ModuleSystemFound	ModuleSystemFound(net.bytebuddy.ByteBuddy,org.mockito.internal.creation.bytebuddy.SubclassLoader,java.util.Random)	class	java.lang.String	SOURCE
org.mockito.internal.creation.bytebuddy.ModuleHandler$ModuleSystemFound	ModuleSystemFound(net.bytebuddy.ByteBuddy,org.mockito.internal.creation.bytebuddy.SubclassLoader,java.util.Random)	addReads	org.mockito.internal.creation.bytebuddy.ModuleHandler$ModuleSystemFound	SOURCE
org.mockito.internal.creation.bytebuddy.ModuleHandler$ModuleSystemFound	ModuleSystemFound(net.bytebuddy.ByteBuddy,org.mockito.internal.creation.bytebuddy.SubclassLoader,java.util.Random)	addOpens	org.mockito.internal.creation.bytebuddy.ModuleHandler$ModuleSystemFound	SOURCE
org.mockito.internal.creation.bytebuddy.ModuleHandler$ModuleSystemFound	ModuleSystemFound(net.bytebuddy.ByteBuddy,org.mockito.internal.creation.bytebuddy.SubclassLoader,java.util.Random)	class	java.lang.String	SOURCE
org.mockito.internal.creation.bytebuddy.ModuleHandler$ModuleSystemFound	ModuleSystemFound(net.bytebuddy.ByteBuddy,org.mockito.internal.creation.bytebuddy.SubclassLoader,java.util.Random)	forName	org.mockito.internal.creation.bytebuddy.ModuleHandler$ModuleSystemFound	SOURCE
org.mockito.internal.creation.bytebuddy.ModuleHandler$ModuleSystemFound	ModuleSystemFound(net.bytebuddy.ByteBuddy,org.mockito.internal.creation.bytebuddy.SubclassLoader,java.util.Random)	class	java.lang.Class	SOURCE
org.mockito.internal.creation.bytebuddy.ModuleHandler$ModuleSystemFound	ModuleSystemFound(net.bytebuddy.ByteBuddy,org.mockito.internal.creation.bytebuddy.SubclassLoader,java.util.Random)	class	java.lang.String	SOURCE
org.mockito.internal.creation.bytebuddy.ModuleHandler$ModuleSystemFound	isOpened(java.lang.Class,java.lang.Class)	isOpen	org.mockito.internal.creation.bytebuddy.ModuleHandler$ModuleSystemFound	SOURCE
org.mockito.internal.creation.bytebuddy.ModuleHandler$ModuleSystemFound	isOpened(java.lang.Class,java.lang.Class)	getModule	org.mockito.internal.creation.bytebuddy.ModuleHandler$ModuleSystemFound	SOURCE
org.mockito.internal.creation.bytebuddy.ModuleHandler$ModuleSystemFound	isOpened(java.lang.Class,java.lang.Class)	getModule	org.mockito.internal.creation.bytebuddy.ModuleHandler$ModuleSystemFound	SOURCE
org.mockito.internal.creation.bytebuddy.ModuleHandler$ModuleSystemFound	canRead(java.lang.Class,java.lang.Class)	canRead	org.mockito.internal.creation.bytebuddy.ModuleHandler$ModuleSystemFound	SOURCE
org.mockito.internal.creation.bytebuddy.ModuleHandler$ModuleSystemFound	canRead(java.lang.Class,java.lang.Class)	getModule	org.mockito.internal.creation.bytebuddy.ModuleHandler$ModuleSystemFound	SOURCE
org.mockito.internal.creation.bytebuddy.ModuleHandler$ModuleSystemFound	canRead(java.lang.Class,java.lang.Class)	getModule	org.mockito.internal.creation.bytebuddy.ModuleHandler$ModuleSystemFound	SOURCE
org.mockito.internal.creation.bytebuddy.ModuleHandler$ModuleSystemFound	isExported(java.lang.Class)	isExportedUnqualified	org.mockito.internal.creation.bytebuddy.ModuleHandler$ModuleSystemFound	SOURCE
org.mockito.internal.creation.bytebuddy.ModuleHandler$ModuleSystemFound	isExported(java.lang.Class)	getModule	org.mockito.internal.creation.bytebuddy.ModuleHandler$ModuleSystemFound	SOURCE
org.mockito.internal.creation.bytebuddy.ModuleHandler$ModuleSystemFound	isExported(java.lang.Class,java.lang.Class)	isExported	org.mockito.internal.creation.bytebuddy.ModuleHandler$ModuleSystemFound	SOURCE
org.mockito.internal.creation.bytebuddy.ModuleHandler$ModuleSystemFound	isExported(java.lang.Class,java.lang.Class)	getModule	org.mockito.internal.creation.bytebuddy.ModuleHandler$ModuleSystemFound	SOURCE
org.mockito.internal.creation.bytebuddy.ModuleHandler$ModuleSystemFound	isExported(java.lang.Class,java.lang.Class)	getModule	org.mockito.internal.creation.bytebuddy.ModuleHandler$ModuleSystemFound	SOURCE
org.mockito.internal.creation.bytebuddy.ModuleHandler$ModuleSystemFound	injectionBase(java.lang.ClassLoader,java.lang.String)	class	org.mockito.codegen.InjectionBase	SOURCE
org.mockito.internal.creation.bytebuddy.ModuleHandler$ModuleSystemFound	injectionBase(java.lang.ClassLoader,java.lang.String)	class	org.mockito.codegen.InjectionBase	SOURCE
org.mockito.internal.creation.bytebuddy.ModuleHandler$ModuleSystemFound	injectionBase(java.lang.ClassLoader,java.lang.String)	class	org.mockito.codegen.InjectionBase	SOURCE
org.mockito.internal.creation.bytebuddy.ModuleHandler$ModuleSystemFound	injectionBase(java.lang.ClassLoader,java.lang.String)	this	org.mockito.internal.creation.bytebuddy.ModuleHandler$ModuleSystemFound	SOURCE
org.mockito.internal.creation.bytebuddy.ModuleHandler$ModuleSystemFound	injectionBase(java.lang.ClassLoader,java.lang.String)	injectonBaseSuffix	org.mockito.internal.creation.bytebuddy.ModuleHandler$ModuleSystemFound	SOURCE
org.mockito.internal.creation.bytebuddy.ModuleHandler$ModuleSystemFound	injectionBase(java.lang.ClassLoader,java.lang.String)	injectonBaseSuffix	org.mockito.internal.creation.bytebuddy.ModuleHandler$ModuleSystemFound	SOURCE
org.mockito.internal.creation.bytebuddy.ModuleHandler$ModuleSystemFound	injectionBase(java.lang.ClassLoader,java.lang.String)	class	org.mockito.codegen.InjectionBase	SOURCE
org.mockito.internal.creation.bytebuddy.ModuleHandler$ModuleSystemFound	injectionBase(java.lang.ClassLoader,java.lang.String)	byteBuddy	org.mockito.internal.creation.bytebuddy.ModuleHandler$ModuleSystemFound	SOURCE
org.mockito.internal.creation.bytebuddy.ModuleHandler$ModuleSystemFound	injectionBase(java.lang.ClassLoader,java.lang.String)	class	java.lang.Object	SOURCE
org.mockito.internal.creation.bytebuddy.ModuleHandler$ModuleSystemFound	injectionBase(java.lang.ClassLoader,java.lang.String)	loader	org.mockito.internal.creation.bytebuddy.ModuleHandler$ModuleSystemFound	SOURCE
org.mockito.internal.creation.bytebuddy.ModuleHandler$ModuleSystemFound	injectionBase(java.lang.ClassLoader,java.lang.String)	class	org.mockito.codegen.InjectionBase	SOURCE
org.mockito.internal.creation.bytebuddy.ModuleHandler$ModuleSystemFound	adjustModuleGraph(java.lang.Class,java.lang.Class,boolean,boolean)	getModule	org.mockito.internal.creation.bytebuddy.ModuleHandler$ModuleSystemFound	SOURCE
org.mockito.internal.creation.bytebuddy.ModuleHandler$ModuleSystemFound	adjustModuleGraph(java.lang.Class,java.lang.Class,boolean,boolean)	forName	org.mockito.internal.creation.bytebuddy.ModuleHandler$ModuleSystemFound	SOURCE
org.mockito.internal.creation.bytebuddy.ModuleHandler$ModuleSystemFound	adjustModuleGraph(java.lang.Class,java.lang.Class,boolean,boolean)	byteBuddy	org.mockito.internal.creation.bytebuddy.ModuleHandler$ModuleSystemFound	SOURCE
org.mockito.internal.creation.bytebuddy.ModuleHandler$ModuleSystemFound	adjustModuleGraph(java.lang.Class,java.lang.Class,boolean,boolean)	class	java.lang.Object	SOURCE
org.mockito.internal.creation.bytebuddy.ModuleHandler$ModuleSystemFound	adjustModuleGraph(java.lang.Class,java.lang.Class,boolean,boolean)	random	org.mockito.internal.creation.bytebuddy.ModuleHandler$ModuleSystemFound	SOURCE
org.mockito.internal.creation.bytebuddy.ModuleHandler$ModuleSystemFound	adjustModuleGraph(java.lang.Class,java.lang.Class,boolean,boolean)	class	java.lang.Class	SOURCE
org.mockito.internal.creation.bytebuddy.ModuleHandler$ModuleSystemFound	adjustModuleGraph(java.lang.Class,java.lang.Class,boolean,boolean)	loader	org.mockito.internal.creation.bytebuddy.ModuleHandler$ModuleSystemFound	SOURCE
org.mockito.internal.creation.bytebuddy.ModuleHandler$ModuleSystemFound	adjustModuleGraph(java.lang.Class,java.lang.Class,boolean,boolean)	getModule	org.mockito.internal.creation.bytebuddy.ModuleHandler$ModuleSystemFound	SOURCE
org.mockito.internal.creation.bytebuddy.ModuleHandler$ModuleSystemFound	adjustModuleGraph(java.lang.Class,java.lang.Class,boolean,boolean)	getModule	org.mockito.internal.creation.bytebuddy.ModuleHandler$ModuleSystemFound	SOURCE
org.mockito.internal.creation.bytebuddy.ModuleHandler$ModuleSystemFound	adjustModuleGraph(java.lang.Class,java.lang.Class,boolean,boolean)	forName	org.mockito.internal.creation.bytebuddy.ModuleHandler$ModuleSystemFound	SOURCE
org.mockito.internal.creation.bytebuddy.ModuleHandler$ModuleSystemFound	adjustModuleGraph(java.lang.Class,java.lang.Class,boolean,boolean)	getModule	org.mockito.internal.creation.bytebuddy.ModuleHandler$ModuleSystemFound	SOURCE
org.mockito.internal.creation.bytebuddy.ModuleHandler$ModuleSystemFound	adjustModuleGraph(java.lang.Class,java.lang.Class,boolean,boolean)	forName	org.mockito.internal.creation.bytebuddy.ModuleHandler$ModuleSystemFound	SOURCE
org.mockito.internal.creation.bytebuddy.ModuleHandler$ModuleSystemFound	adjustModuleGraph(java.lang.Class,java.lang.Class,boolean,boolean)	addExports	org.mockito.internal.creation.bytebuddy.ModuleHandler$ModuleSystemFound	SOURCE
org.mockito.internal.creation.bytebuddy.ModuleHandler$ModuleSystemFound	adjustModuleGraph(java.lang.Class,java.lang.Class,boolean,boolean)	addReads	org.mockito.internal.creation.bytebuddy.ModuleHandler$ModuleSystemFound	SOURCE
org.mockito.internal.creation.bytebuddy.ModuleHandler$ModuleSystemFound	adjustModuleGraph(java.lang.Class,java.lang.Class,boolean,boolean)	byteBuddy	org.mockito.internal.creation.bytebuddy.ModuleHandler$ModuleSystemFound	SOURCE
org.mockito.internal.creation.bytebuddy.ModuleHandler$ModuleSystemFound	adjustModuleGraph(java.lang.Class,java.lang.Class,boolean,boolean)	class	java.lang.Object	SOURCE
org.mockito.internal.creation.bytebuddy.ModuleHandler$ModuleSystemFound	adjustModuleGraph(java.lang.Class,java.lang.Class,boolean,boolean)	random	org.mockito.internal.creation.bytebuddy.ModuleHandler$ModuleSystemFound	SOURCE
org.mockito.internal.creation.bytebuddy.ModuleHandler$ModuleSystemFound	adjustModuleGraph(java.lang.Class,java.lang.Class,boolean,boolean)	loader	org.mockito.internal.creation.bytebuddy.ModuleHandler$ModuleSystemFound	SOURCE
org.mockito.internal.creation.bytebuddy.ModuleHandler$NoModuleSystemFound	injectionBase(java.lang.ClassLoader,java.lang.String)	class	org.mockito.codegen.InjectionBase	SOURCE
org.mockito.internal.creation.bytebuddy.inject.MockMethodDispatcher	get(java.lang.String,java.lang.Object)	DISPATCHERS	org.mockito.internal.creation.bytebuddy.inject.MockMethodDispatcher	SOURCE
org.mockito.internal.creation.bytebuddy.inject.MockMethodDispatcher	get(java.lang.String,java.lang.Object)	DISPATCHERS	org.mockito.internal.creation.bytebuddy.inject.MockMethodDispatcher	SOURCE
org.mockito.internal.creation.bytebuddy.inject.MockMethodDispatcher	getStatic(java.lang.String,java.lang.Class)	class	org.mockito.internal.creation.bytebuddy.inject.MockMethodDispatcher	SOURCE
org.mockito.internal.creation.bytebuddy.inject.MockMethodDispatcher	getStatic(java.lang.String,java.lang.Class)	class	java.util.concurrent.ConcurrentHashMap	SOURCE
org.mockito.internal.creation.bytebuddy.inject.MockMethodDispatcher	getStatic(java.lang.String,java.lang.Class)	DISPATCHERS	org.mockito.internal.creation.bytebuddy.inject.MockMethodDispatcher	SOURCE
org.mockito.internal.creation.bytebuddy.inject.MockMethodDispatcher	set(java.lang.String,org.mockito.internal.creation.bytebuddy.inject.MockMethodDispatcher)	DISPATCHERS	org.mockito.internal.creation.bytebuddy.inject.MockMethodDispatcher	SOURCE
org.mockito.internal.creation.bytebuddy.inject.MockMethodDispatcher	isConstructorMock(java.lang.String,java.lang.Class)	DISPATCHERS	org.mockito.internal.creation.bytebuddy.inject.MockMethodDispatcher	SOURCE
org.mockito.internal.creation.bytebuddy.inject.MockMethodDispatcher	handleConstruction(java.lang.String,java.lang.Class,java.lang.Object,java.lang.Object[],java.lang.String[])	DISPATCHERS	org.mockito.internal.creation.bytebuddy.inject.MockMethodDispatcher	SOURCE
org.mockito.internal.creation.bytebuddy.InlineBytecodeGenerator	EXCLUDES	class	java.lang.Class	SOURCE
org.mockito.internal.creation.bytebuddy.InlineBytecodeGenerator	EXCLUDES	class	java.lang.Boolean	SOURCE
org.mockito.internal.creation.bytebuddy.InlineBytecodeGenerator	EXCLUDES	class	java.lang.Byte	SOURCE
org.mockito.internal.creation.bytebuddy.InlineBytecodeGenerator	EXCLUDES	class	java.lang.Short	SOURCE
org.mockito.internal.creation.bytebuddy.InlineBytecodeGenerator	EXCLUDES	class	java.lang.Character	SOURCE
org.mockito.internal.creation.bytebuddy.InlineBytecodeGenerator	EXCLUDES	class	java.lang.Integer	SOURCE
org.mockito.internal.creation.bytebuddy.InlineBytecodeGenerator	EXCLUDES	class	java.lang.Long	SOURCE
org.mockito.internal.creation.bytebuddy.InlineBytecodeGenerator	EXCLUDES	class	java.lang.Float	SOURCE
org.mockito.internal.creation.bytebuddy.InlineBytecodeGenerator	EXCLUDES	class	java.lang.Double	SOURCE
org.mockito.internal.creation.bytebuddy.InlineBytecodeGenerator	EXCLUDES	class	java.lang.String	SOURCE
org.mockito.internal.creation.bytebuddy.InlineBytecodeGenerator	InlineBytecodeGenerator(java.lang.instrument.Instrumentation,org.mockito.internal.util.concurrent.WeakConcurrentMap,org.mockito.internal.util.concurrent.DetachedThreadLocal,java.util.function.Predicate,org.mockito.internal.creation.bytebuddy.ConstructionCallback)	instrumentation	org.mockito.internal.creation.bytebuddy.InlineBytecodeGenerator	SOURCE
org.mockito.internal.creation.bytebuddy.InlineBytecodeGenerator	InlineBytecodeGenerator(java.lang.instrument.Instrumentation,org.mockito.internal.util.concurrent.WeakConcurrentMap,org.mockito.internal.util.concurrent.DetachedThreadLocal,java.util.function.Predicate,org.mockito.internal.creation.bytebuddy.ConstructionCallback)	this	org.mockito.internal.creation.bytebuddy.InlineBytecodeGenerator	SOURCE
org.mockito.internal.creation.bytebuddy.InlineBytecodeGenerator	InlineBytecodeGenerator(java.lang.instrument.Instrumentation,org.mockito.internal.util.concurrent.WeakConcurrentMap,org.mockito.internal.util.concurrent.DetachedThreadLocal,java.util.function.Predicate,org.mockito.internal.creation.bytebuddy.ConstructionCallback)	byteBuddy	org.mockito.internal.creation.bytebuddy.InlineBytecodeGenerator	SOURCE
org.mockito.internal.creation.bytebuddy.InlineBytecodeGenerator	InlineBytecodeGenerator(java.lang.instrument.Instrumentation,org.mockito.internal.util.concurrent.WeakConcurrentMap,org.mockito.internal.util.concurrent.DetachedThreadLocal,java.util.function.Predicate,org.mockito.internal.creation.bytebuddy.ConstructionCallback)	mocked	org.mockito.internal.creation.bytebuddy.InlineBytecodeGenerator	SOURCE
org.mockito.internal.creation.bytebuddy.InlineBytecodeGenerator	InlineBytecodeGenerator(java.lang.instrument.Instrumentation,org.mockito.internal.util.concurrent.WeakConcurrentMap,org.mockito.internal.util.concurrent.DetachedThreadLocal,java.util.function.Predicate,org.mockito.internal.creation.bytebuddy.ConstructionCallback)	flatMocked	org.mockito.internal.creation.bytebuddy.InlineBytecodeGenerator	SOURCE
org.mockito.internal.creation.bytebuddy.InlineBytecodeGenerator	InlineBytecodeGenerator(java.lang.instrument.Instrumentation,org.mockito.internal.util.concurrent.WeakConcurrentMap,org.mockito.internal.util.concurrent.DetachedThreadLocal,java.util.function.Predicate,org.mockito.internal.creation.bytebuddy.ConstructionCallback)	subclassEngine	org.mockito.internal.creation.bytebuddy.InlineBytecodeGenerator	SOURCE
org.mockito.internal.creation.bytebuddy.InlineBytecodeGenerator	InlineBytecodeGenerator(java.lang.instrument.Instrumentation,org.mockito.internal.util.concurrent.WeakConcurrentMap,org.mockito.internal.util.concurrent.DetachedThreadLocal,java.util.function.Predicate,org.mockito.internal.creation.bytebuddy.ConstructionCallback)	class	org.mockito.internal.creation.bytebuddy.MockMethodAdvice$Identifier	SOURCE
org.mockito.internal.creation.bytebuddy.InlineBytecodeGenerator	InlineBytecodeGenerator(java.lang.instrument.Instrumentation,org.mockito.internal.util.concurrent.WeakConcurrentMap,org.mockito.internal.util.concurrent.DetachedThreadLocal,java.util.function.Predicate,org.mockito.internal.creation.bytebuddy.ConstructionCallback)	class	org.mockito.internal.creation.bytebuddy.MockMethodAdvice$ForReadObject	SOURCE
org.mockito.internal.creation.bytebuddy.InlineBytecodeGenerator	InlineBytecodeGenerator(java.lang.instrument.Instrumentation,org.mockito.internal.util.concurrent.WeakConcurrentMap,org.mockito.internal.util.concurrent.DetachedThreadLocal,java.util.function.Predicate,org.mockito.internal.creation.bytebuddy.ConstructionCallback)	mockTransformer	org.mockito.internal.creation.bytebuddy.InlineBytecodeGenerator	SOURCE
org.mockito.internal.creation.bytebuddy.InlineBytecodeGenerator	InlineBytecodeGenerator(java.lang.instrument.Instrumentation,org.mockito.internal.util.concurrent.WeakConcurrentMap,org.mockito.internal.util.concurrent.DetachedThreadLocal,java.util.function.Predicate,org.mockito.internal.creation.bytebuddy.ConstructionCallback)	class	org.mockito.internal.creation.bytebuddy.MockMethodAdvice$Identifier	SOURCE
org.mockito.internal.creation.bytebuddy.InlineBytecodeGenerator	InlineBytecodeGenerator(java.lang.instrument.Instrumentation,org.mockito.internal.util.concurrent.WeakConcurrentMap,org.mockito.internal.util.concurrent.DetachedThreadLocal,java.util.function.Predicate,org.mockito.internal.creation.bytebuddy.ConstructionCallback)	class	org.mockito.internal.creation.bytebuddy.MockMethodAdvice	SOURCE
org.mockito.internal.creation.bytebuddy.InlineBytecodeGenerator	InlineBytecodeGenerator(java.lang.instrument.Instrumentation,org.mockito.internal.util.concurrent.WeakConcurrentMap,org.mockito.internal.util.concurrent.DetachedThreadLocal,java.util.function.Predicate,org.mockito.internal.creation.bytebuddy.ConstructionCallback)	class	org.mockito.internal.creation.bytebuddy.MockMethodAdvice$Identifier	SOURCE
org.mockito.internal.creation.bytebuddy.InlineBytecodeGenerator	InlineBytecodeGenerator(java.lang.instrument.Instrumentation,org.mockito.internal.util.concurrent.WeakConcurrentMap,org.mockito.internal.util.concurrent.DetachedThreadLocal,java.util.function.Predicate,org.mockito.internal.creation.bytebuddy.ConstructionCallback)	class	org.mockito.internal.creation.bytebuddy.MockMethodAdvice$ForStatic	SOURCE
org.mockito.internal.creation.bytebuddy.InlineBytecodeGenerator	InlineBytecodeGenerator(java.lang.instrument.Instrumentation,org.mockito.internal.util.concurrent.WeakConcurrentMap,org.mockito.internal.util.concurrent.DetachedThreadLocal,java.util.function.Predicate,org.mockito.internal.creation.bytebuddy.ConstructionCallback)	class	org.mockito.internal.creation.bytebuddy.MockMethodAdvice$Identifier	SOURCE
org.mockito.internal.creation.bytebuddy.InlineBytecodeGenerator	InlineBytecodeGenerator(java.lang.instrument.Instrumentation,org.mockito.internal.util.concurrent.WeakConcurrentMap,org.mockito.internal.util.concurrent.DetachedThreadLocal,java.util.function.Predicate,org.mockito.internal.creation.bytebuddy.ConstructionCallback)	class	org.mockito.internal.creation.bytebuddy.MockMethodAdvice$ForHashCode	SOURCE
org.mockito.internal.creation.bytebuddy.InlineBytecodeGenerator	InlineBytecodeGenerator(java.lang.instrument.Instrumentation,org.mockito.internal.util.concurrent.WeakConcurrentMap,org.mockito.internal.util.concurrent.DetachedThreadLocal,java.util.function.Predicate,org.mockito.internal.creation.bytebuddy.ConstructionCallback)	class	org.mockito.internal.creation.bytebuddy.MockMethodAdvice$Identifier	SOURCE
org.mockito.internal.creation.bytebuddy.InlineBytecodeGenerator	InlineBytecodeGenerator(java.lang.instrument.Instrumentation,org.mockito.internal.util.concurrent.WeakConcurrentMap,org.mockito.internal.util.concurrent.DetachedThreadLocal,java.util.function.Predicate,org.mockito.internal.creation.bytebuddy.ConstructionCallback)	class	org.mockito.internal.creation.bytebuddy.MockMethodAdvice$ForEquals	SOURCE
org.mockito.internal.creation.bytebuddy.InlineBytecodeGenerator	InlineBytecodeGenerator(java.lang.instrument.Instrumentation,org.mockito.internal.util.concurrent.WeakConcurrentMap,org.mockito.internal.util.concurrent.DetachedThreadLocal,java.util.function.Predicate,org.mockito.internal.creation.bytebuddy.ConstructionCallback)	class	java.lang.Class	SOURCE
org.mockito.internal.creation.bytebuddy.InlineBytecodeGenerator	InlineBytecodeGenerator(java.lang.instrument.Instrumentation,org.mockito.internal.util.concurrent.WeakConcurrentMap,org.mockito.internal.util.concurrent.DetachedThreadLocal,java.util.function.Predicate,org.mockito.internal.creation.bytebuddy.ConstructionCallback)	class	java.lang.instrument.Instrumentation	SOURCE
org.mockito.internal.creation.bytebuddy.InlineBytecodeGenerator	InlineBytecodeGenerator(java.lang.instrument.Instrumentation,org.mockito.internal.util.concurrent.WeakConcurrentMap,org.mockito.internal.util.concurrent.DetachedThreadLocal,java.util.function.Predicate,org.mockito.internal.creation.bytebuddy.ConstructionCallback)	class	java.util.Set	SOURCE
org.mockito.internal.creation.bytebuddy.InlineBytecodeGenerator	InlineBytecodeGenerator(java.lang.instrument.Instrumentation,org.mockito.internal.util.concurrent.WeakConcurrentMap,org.mockito.internal.util.concurrent.DetachedThreadLocal,java.util.function.Predicate,org.mockito.internal.creation.bytebuddy.ConstructionCallback)	class	java.util.Map	SOURCE
org.mockito.internal.creation.bytebuddy.InlineBytecodeGenerator	InlineBytecodeGenerator(java.lang.instrument.Instrumentation,org.mockito.internal.util.concurrent.WeakConcurrentMap,org.mockito.internal.util.concurrent.DetachedThreadLocal,java.util.function.Predicate,org.mockito.internal.creation.bytebuddy.ConstructionCallback)	class	java.util.Map	SOURCE
org.mockito.internal.creation.bytebuddy.InlineBytecodeGenerator	InlineBytecodeGenerator(java.lang.instrument.Instrumentation,org.mockito.internal.util.concurrent.WeakConcurrentMap,org.mockito.internal.util.concurrent.DetachedThreadLocal,java.util.function.Predicate,org.mockito.internal.creation.bytebuddy.ConstructionCallback)	class	java.util.Set	SOURCE
org.mockito.internal.creation.bytebuddy.InlineBytecodeGenerator	InlineBytecodeGenerator(java.lang.instrument.Instrumentation,org.mockito.internal.util.concurrent.WeakConcurrentMap,org.mockito.internal.util.concurrent.DetachedThreadLocal,java.util.function.Predicate,org.mockito.internal.creation.bytebuddy.ConstructionCallback)	class	java.util.Map	SOURCE
org.mockito.internal.creation.bytebuddy.InlineBytecodeGenerator	InlineBytecodeGenerator(java.lang.instrument.Instrumentation,org.mockito.internal.util.concurrent.WeakConcurrentMap,org.mockito.internal.util.concurrent.DetachedThreadLocal,java.util.function.Predicate,org.mockito.internal.creation.bytebuddy.ConstructionCallback)	getModule	org.mockito.internal.creation.bytebuddy.InlineBytecodeGenerator	SOURCE
org.mockito.internal.creation.bytebuddy.InlineBytecodeGenerator	InlineBytecodeGenerator(java.lang.instrument.Instrumentation,org.mockito.internal.util.concurrent.WeakConcurrentMap,org.mockito.internal.util.concurrent.DetachedThreadLocal,java.util.function.Predicate,org.mockito.internal.creation.bytebuddy.ConstructionCallback)	this	org.mockito.internal.creation.bytebuddy.InlineBytecodeGenerator	SOURCE
org.mockito.internal.creation.bytebuddy.InlineBytecodeGenerator	InlineBytecodeGenerator(java.lang.instrument.Instrumentation,org.mockito.internal.util.concurrent.WeakConcurrentMap,org.mockito.internal.util.concurrent.DetachedThreadLocal,java.util.function.Predicate,org.mockito.internal.creation.bytebuddy.ConstructionCallback)	canRead	org.mockito.internal.creation.bytebuddy.InlineBytecodeGenerator	SOURCE
org.mockito.internal.creation.bytebuddy.InlineBytecodeGenerator	InlineBytecodeGenerator(java.lang.instrument.Instrumentation,org.mockito.internal.util.concurrent.WeakConcurrentMap,org.mockito.internal.util.concurrent.DetachedThreadLocal,java.util.function.Predicate,org.mockito.internal.creation.bytebuddy.ConstructionCallback)	this	org.mockito.internal.creation.bytebuddy.InlineBytecodeGenerator	SOURCE
org.mockito.internal.creation.bytebuddy.InlineBytecodeGenerator	InlineBytecodeGenerator(java.lang.instrument.Instrumentation,org.mockito.internal.util.concurrent.WeakConcurrentMap,org.mockito.internal.util.concurrent.DetachedThreadLocal,java.util.function.Predicate,org.mockito.internal.creation.bytebuddy.ConstructionCallback)	redefineModule	org.mockito.internal.creation.bytebuddy.InlineBytecodeGenerator	SOURCE
org.mockito.internal.creation.bytebuddy.InlineBytecodeGenerator	InlineBytecodeGenerator(java.lang.instrument.Instrumentation,org.mockito.internal.util.concurrent.WeakConcurrentMap,org.mockito.internal.util.concurrent.DetachedThreadLocal,java.util.function.Predicate,org.mockito.internal.creation.bytebuddy.ConstructionCallback)	this	org.mockito.internal.creation.bytebuddy.InlineBytecodeGenerator	SOURCE
org.mockito.internal.creation.bytebuddy.InlineBytecodeGenerator	InlineBytecodeGenerator(java.lang.instrument.Instrumentation,org.mockito.internal.util.concurrent.WeakConcurrentMap,org.mockito.internal.util.concurrent.DetachedThreadLocal,java.util.function.Predicate,org.mockito.internal.creation.bytebuddy.ConstructionCallback)	this	org.mockito.internal.creation.bytebuddy.InlineBytecodeGenerator	SOURCE
org.mockito.internal.creation.bytebuddy.InlineBytecodeGenerator	preload()	PRELOAD	org.mockito.internal.creation.bytebuddy.InlineBytecodeGenerator	SOURCE
org.mockito.internal.creation.bytebuddy.InlineBytecodeGenerator	mockClass(org.mockito.internal.creation.bytebuddy.MockFeatures)	interfaces	org.mockito.internal.creation.bytebuddy.MockFeatures	SOURCE
org.mockito.internal.creation.bytebuddy.InlineBytecodeGenerator	mockClass(org.mockito.internal.creation.bytebuddy.MockFeatures)	serializableMode	org.mockito.internal.creation.bytebuddy.MockFeatures	SOURCE
org.mockito.internal.creation.bytebuddy.InlineBytecodeGenerator	mockClass(org.mockito.internal.creation.bytebuddy.MockFeatures)	mockedType	org.mockito.internal.creation.bytebuddy.MockFeatures	SOURCE
org.mockito.internal.creation.bytebuddy.InlineBytecodeGenerator	mockClass(org.mockito.internal.creation.bytebuddy.MockFeatures)	mockedType	org.mockito.internal.creation.bytebuddy.MockFeatures	SOURCE
org.mockito.internal.creation.bytebuddy.InlineBytecodeGenerator	mockClass(org.mockito.internal.creation.bytebuddy.MockFeatures)	interfaces	org.mockito.internal.creation.bytebuddy.MockFeatures	SOURCE
org.mockito.internal.creation.bytebuddy.InlineBytecodeGenerator	mockClass(org.mockito.internal.creation.bytebuddy.MockFeatures)	this	org.mockito.internal.creation.bytebuddy.InlineBytecodeGenerator	SOURCE
org.mockito.internal.creation.bytebuddy.InlineBytecodeGenerator	mockClass(org.mockito.internal.creation.bytebuddy.MockFeatures)	subclassEngine	org.mockito.internal.creation.bytebuddy.InlineBytecodeGenerator	SOURCE
org.mockito.internal.creation.bytebuddy.InlineBytecodeGenerator	mockClass(org.mockito.internal.creation.bytebuddy.MockFeatures)	mockedType	org.mockito.internal.creation.bytebuddy.MockFeatures	SOURCE
org.mockito.internal.creation.bytebuddy.InlineBytecodeGenerator	triggerRetransformation(java.util.Set,boolean)	mocked	org.mockito.internal.creation.bytebuddy.InlineBytecodeGenerator	SOURCE
org.mockito.internal.creation.bytebuddy.InlineBytecodeGenerator	triggerRetransformation(java.util.Set,boolean)	flatMocked	org.mockito.internal.creation.bytebuddy.InlineBytecodeGenerator	SOURCE
org.mockito.internal.creation.bytebuddy.InlineBytecodeGenerator	triggerRetransformation(java.util.Set,boolean)	mocked	org.mockito.internal.creation.bytebuddy.InlineBytecodeGenerator	SOURCE
org.mockito.internal.creation.bytebuddy.InlineBytecodeGenerator	triggerRetransformation(java.util.Set,boolean)	flatMocked	org.mockito.internal.creation.bytebuddy.InlineBytecodeGenerator	SOURCE
org.mockito.internal.creation.bytebuddy.InlineBytecodeGenerator	triggerRetransformation(java.util.Set,boolean)	instrumentation	org.mockito.internal.creation.bytebuddy.InlineBytecodeGenerator	SOURCE
org.mockito.internal.creation.bytebuddy.InlineBytecodeGenerator	triggerRetransformation(java.util.Set,boolean)	lastException	org.mockito.internal.creation.bytebuddy.InlineBytecodeGenerator	SOURCE
org.mockito.internal.creation.bytebuddy.InlineBytecodeGenerator	triggerRetransformation(java.util.Set,boolean)	lastException	org.mockito.internal.creation.bytebuddy.InlineBytecodeGenerator	SOURCE
org.mockito.internal.creation.bytebuddy.InlineBytecodeGenerator	triggerRetransformation(java.util.Set,boolean)	mocked	org.mockito.internal.creation.bytebuddy.InlineBytecodeGenerator	SOURCE
org.mockito.internal.creation.bytebuddy.InlineBytecodeGenerator	triggerRetransformation(java.util.Set,boolean)	flatMocked	org.mockito.internal.creation.bytebuddy.InlineBytecodeGenerator	SOURCE
org.mockito.internal.creation.bytebuddy.InlineBytecodeGenerator	triggerRetransformation(java.util.Set,boolean)	lastException	org.mockito.internal.creation.bytebuddy.InlineBytecodeGenerator	SOURCE
org.mockito.internal.creation.bytebuddy.InlineBytecodeGenerator	assureCanReadMockito(java.util.Set)	redefineModule	org.mockito.internal.creation.bytebuddy.InlineBytecodeGenerator	SOURCE
org.mockito.internal.creation.bytebuddy.InlineBytecodeGenerator	assureCanReadMockito(java.util.Set)	getModule	org.mockito.internal.creation.bytebuddy.InlineBytecodeGenerator	SOURCE
org.mockito.internal.creation.bytebuddy.InlineBytecodeGenerator	assureCanReadMockito(java.util.Set)	getModule	org.mockito.internal.creation.bytebuddy.InlineBytecodeGenerator	SOURCE
org.mockito.internal.creation.bytebuddy.InlineBytecodeGenerator	assureCanReadMockito(java.util.Set)	canRead	org.mockito.internal.creation.bytebuddy.InlineBytecodeGenerator	SOURCE
org.mockito.internal.creation.bytebuddy.InlineBytecodeGenerator	assureCanReadMockito(java.util.Set)	redefineModule	org.mockito.internal.creation.bytebuddy.InlineBytecodeGenerator	SOURCE
org.mockito.internal.creation.bytebuddy.InlineBytecodeGenerator	assureCanReadMockito(java.util.Set)	instrumentation	org.mockito.internal.creation.bytebuddy.InlineBytecodeGenerator	SOURCE
org.mockito.internal.creation.bytebuddy.InlineBytecodeGenerator	checkSupportedCombination(boolean,org.mockito.internal.creation.bytebuddy.MockFeatures)	mockedType	org.mockito.internal.creation.bytebuddy.MockFeatures	SOURCE
org.mockito.internal.creation.bytebuddy.InlineBytecodeGenerator	checkSupportedCombination(boolean,org.mockito.internal.creation.bytebuddy.MockFeatures)	mockedType	org.mockito.internal.creation.bytebuddy.MockFeatures	SOURCE
org.mockito.internal.creation.bytebuddy.InlineBytecodeGenerator	checkSupportedCombination(boolean,org.mockito.internal.creation.bytebuddy.MockFeatures)	mockedType	org.mockito.internal.creation.bytebuddy.MockFeatures	SOURCE
org.mockito.internal.creation.bytebuddy.InlineBytecodeGenerator	checkSupportedCombination(boolean,org.mockito.internal.creation.bytebuddy.MockFeatures)	mockedType	org.mockito.internal.creation.bytebuddy.MockFeatures	SOURCE
org.mockito.internal.creation.bytebuddy.InlineBytecodeGenerator	addInterfaces(java.util.Set,java.lang.Class[])	mocked	org.mockito.internal.creation.bytebuddy.InlineBytecodeGenerator	SOURCE
org.mockito.internal.creation.bytebuddy.InlineBytecodeGenerator	addInterfaces(java.util.Set,java.lang.Class[])	flatMocked	org.mockito.internal.creation.bytebuddy.InlineBytecodeGenerator	SOURCE
org.mockito.internal.creation.bytebuddy.InlineBytecodeGenerator	transform(java.lang.ClassLoader,java.lang.String,java.lang.Class,java.security.ProtectionDomain,byte[])	mocked	org.mockito.internal.creation.bytebuddy.InlineBytecodeGenerator	SOURCE
org.mockito.internal.creation.bytebuddy.InlineBytecodeGenerator	transform(java.lang.ClassLoader,java.lang.String,java.lang.Class,java.security.ProtectionDomain,byte[])	flatMocked	org.mockito.internal.creation.bytebuddy.InlineBytecodeGenerator	SOURCE
org.mockito.internal.creation.bytebuddy.InlineBytecodeGenerator	transform(java.lang.ClassLoader,java.lang.String,java.lang.Class,java.security.ProtectionDomain,byte[])	EXCLUDES	org.mockito.internal.creation.bytebuddy.InlineBytecodeGenerator	SOURCE
org.mockito.internal.creation.bytebuddy.InlineBytecodeGenerator	transform(java.lang.ClassLoader,java.lang.String,java.lang.Class,java.security.ProtectionDomain,byte[])	byteBuddy	org.mockito.internal.creation.bytebuddy.InlineBytecodeGenerator	SOURCE
org.mockito.internal.creation.bytebuddy.InlineBytecodeGenerator	transform(java.lang.ClassLoader,java.lang.String,java.lang.Class,java.security.ProtectionDomain,byte[])	mockTransformer	org.mockito.internal.creation.bytebuddy.InlineBytecodeGenerator	SOURCE
org.mockito.internal.creation.bytebuddy.InlineBytecodeGenerator	transform(java.lang.ClassLoader,java.lang.String,java.lang.Class,java.security.ProtectionDomain,byte[])	lastException	org.mockito.internal.creation.bytebuddy.InlineBytecodeGenerator	SOURCE
org.mockito.internal.creation.bytebuddy.InlineBytecodeGenerator$ParameterWritingVisitorWrapper	ParameterWritingVisitorWrapper(java.lang.Class)	type	org.mockito.internal.creation.bytebuddy.InlineBytecodeGenerator$ParameterWritingVisitorWrapper	SOURCE
org.mockito.internal.creation.bytebuddy.InlineBytecodeGenerator$ParameterWritingVisitorWrapper	ParameterWritingVisitorWrapper(java.lang.Class)	this	org.mockito.internal.creation.bytebuddy.InlineBytecodeGenerator$ParameterWritingVisitorWrapper	SOURCE
org.mockito.internal.creation.bytebuddy.InlineBytecodeGenerator$ParameterWritingVisitorWrapper	wrap(net.bytebuddy.description.type.TypeDescription,net.bytebuddy.jar.asm.ClassVisitor,net.bytebuddy.implementation.Implementation.Context,net.bytebuddy.pool.TypePool,net.bytebuddy.description.field.FieldList,net.bytebuddy.description.method.MethodList,int,int)	JAVA_V8	net.bytebuddy.ClassFileVersion	SOURCE
org.mockito.internal.creation.bytebuddy.InlineBytecodeGenerator$ParameterWritingVisitorWrapper	wrap(net.bytebuddy.description.type.TypeDescription,net.bytebuddy.jar.asm.ClassVisitor,net.bytebuddy.implementation.Implementation.Context,net.bytebuddy.pool.TypePool,net.bytebuddy.description.field.FieldList,net.bytebuddy.description.method.MethodList,int,int)	type	org.mockito.internal.creation.bytebuddy.InlineBytecodeGenerator$ParameterWritingVisitorWrapper	SOURCE
org.mockito.internal.creation.bytebuddy.InlineBytecodeGenerator$ParameterWritingVisitorWrapper$ParameterAddingClassVisitor	ParameterAddingClassVisitor(net.bytebuddy.jar.asm.ClassVisitor,net.bytebuddy.description.type.TypeDescription)	ASM_API	net.bytebuddy.utility.OpenedClassReader	SOURCE
org.mockito.internal.creation.bytebuddy.InlineBytecodeGenerator$ParameterWritingVisitorWrapper$ParameterAddingClassVisitor	ParameterAddingClassVisitor(net.bytebuddy.jar.asm.ClassVisitor,net.bytebuddy.description.type.TypeDescription)	typeDescription	org.mockito.internal.creation.bytebuddy.InlineBytecodeGenerator$ParameterWritingVisitorWrapper$ParameterAddingClassVisitor	SOURCE
org.mockito.internal.creation.bytebuddy.InlineBytecodeGenerator$ParameterWritingVisitorWrapper$ParameterAddingClassVisitor	ParameterAddingClassVisitor(net.bytebuddy.jar.asm.ClassVisitor,net.bytebuddy.description.type.TypeDescription)	this	org.mockito.internal.creation.bytebuddy.InlineBytecodeGenerator$ParameterWritingVisitorWrapper$ParameterAddingClassVisitor	SOURCE
org.mockito.internal.creation.bytebuddy.InlineBytecodeGenerator$ParameterWritingVisitorWrapper$ParameterAddingClassVisitor	visitMethod(int,java.lang.String,java.lang.String,java.lang.String,java.lang.String[])	super	org.mockito.internal.creation.bytebuddy.InlineBytecodeGenerator$ParameterWritingVisitorWrapper$ParameterAddingClassVisitor	SOURCE
org.mockito.internal.creation.bytebuddy.InlineBytecodeGenerator$ParameterWritingVisitorWrapper$ParameterAddingClassVisitor	visitMethod(int,java.lang.String,java.lang.String,java.lang.String,java.lang.String[])	typeDescription	org.mockito.internal.creation.bytebuddy.InlineBytecodeGenerator$ParameterWritingVisitorWrapper$ParameterAddingClassVisitor	SOURCE
org.mockito.internal.creation.bytebuddy.InlineBytecodeGenerator$ParameterWritingVisitorWrapper$ParameterAddingClassVisitor	visitMethod(int,java.lang.String,java.lang.String,java.lang.String,java.lang.String[])	CONSTRUCTOR_INTERNAL_NAME	net.bytebuddy.description.method.MethodDescription	SOURCE
org.mockito.internal.creation.bytebuddy.InlineBytecodeGenerator$ParameterWritingVisitorWrapper$MethodParameterStrippingMethodVisitor	MethodParameterStrippingMethodVisitor(net.bytebuddy.jar.asm.MethodVisitor)	ASM_API	net.bytebuddy.utility.OpenedClassReader	SOURCE
org.mockito.internal.util.concurrent.WeakConcurrentSet	WeakConcurrentSet(org.mockito.internal.util.concurrent.WeakConcurrentSet.Cleaner)	target	org.mockito.internal.util.concurrent.WeakConcurrentSet	SOURCE
org.mockito.internal.util.concurrent.WeakConcurrentSet	WeakConcurrentSet(org.mockito.internal.util.concurrent.WeakConcurrentSet.Cleaner)	target	org.mockito.internal.util.concurrent.WeakConcurrentSet	SOURCE
org.mockito.internal.util.concurrent.WeakConcurrentSet	add(V)	target	org.mockito.internal.util.concurrent.WeakConcurrentSet	SOURCE
org.mockito.internal.util.concurrent.WeakConcurrentSet	add(V)	TRUE	java.lang.Boolean	SOURCE
org.mockito.internal.util.concurrent.WeakConcurrentSet	contains(V)	target	org.mockito.internal.util.concurrent.WeakConcurrentSet	SOURCE
org.mockito.internal.util.concurrent.WeakConcurrentSet	remove(V)	target	org.mockito.internal.util.concurrent.WeakConcurrentSet	SOURCE
org.mockito.internal.util.concurrent.WeakConcurrentSet	clear()	target	org.mockito.internal.util.concurrent.WeakConcurrentSet	SOURCE
org.mockito.internal.util.concurrent.WeakConcurrentSet	approximateSize()	target	org.mockito.internal.util.concurrent.WeakConcurrentSet	SOURCE
org.mockito.internal.util.concurrent.WeakConcurrentSet	run()	target	org.mockito.internal.util.concurrent.WeakConcurrentSet	SOURCE
org.mockito.internal.util.concurrent.WeakConcurrentSet	expungeStaleEntries()	target	org.mockito.internal.util.concurrent.WeakConcurrentSet	SOURCE
org.mockito.internal.util.concurrent.WeakConcurrentSet	getCleanerThread()	target	org.mockito.internal.util.concurrent.WeakConcurrentSet	SOURCE
org.mockito.internal.util.concurrent.WeakConcurrentSet	iterator()	target	org.mockito.internal.util.concurrent.WeakConcurrentSet	SOURCE
org.mockito.internal.util.concurrent.WeakConcurrentSet$ReducingIterator	ReducingIterator(java.util.Iterator)	iterator	org.mockito.internal.util.concurrent.WeakConcurrentSet$ReducingIterator	SOURCE
org.mockito.internal.util.concurrent.WeakConcurrentSet$ReducingIterator	ReducingIterator(java.util.Iterator)	this	org.mockito.internal.util.concurrent.WeakConcurrentSet$ReducingIterator	SOURCE
org.mockito.internal.util.concurrent.WeakConcurrentSet$ReducingIterator	remove()	iterator	org.mockito.internal.util.concurrent.WeakConcurrentSet$ReducingIterator	SOURCE
org.mockito.internal.util.concurrent.WeakConcurrentSet$ReducingIterator	next()	iterator	org.mockito.internal.util.concurrent.WeakConcurrentSet$ReducingIterator	SOURCE
org.mockito.internal.util.concurrent.WeakConcurrentSet$ReducingIterator	hasNext()	iterator	org.mockito.internal.util.concurrent.WeakConcurrentSet$ReducingIterator	SOURCE
org.mockito.internal.util.concurrent.WeakConcurrentMap	WeakConcurrentMap(boolean)	target	org.mockito.internal.util.concurrent.WeakConcurrentMap	SOURCE
org.mockito.internal.util.concurrent.WeakConcurrentMap	WeakConcurrentMap(boolean)	thread	org.mockito.internal.util.concurrent.WeakConcurrentMap	SOURCE
org.mockito.internal.util.concurrent.WeakConcurrentMap	WeakConcurrentMap(boolean)	this	org.mockito.internal.util.concurrent.WeakConcurrentMap	SOURCE
org.mockito.internal.util.concurrent.WeakConcurrentMap	WeakConcurrentMap(boolean)	thread	org.mockito.internal.util.concurrent.WeakConcurrentMap	SOURCE
org.mockito.internal.util.concurrent.WeakConcurrentMap	WeakConcurrentMap(boolean)	ID	org.mockito.internal.util.concurrent.WeakConcurrentMap	SOURCE
org.mockito.internal.util.concurrent.WeakConcurrentMap	WeakConcurrentMap(boolean)	thread	org.mockito.internal.util.concurrent.WeakConcurrentMap	SOURCE
org.mockito.internal.util.concurrent.WeakConcurrentMap	WeakConcurrentMap(boolean)	MIN_PRIORITY	java.lang.Thread	SOURCE
org.mockito.internal.util.concurrent.WeakConcurrentMap	WeakConcurrentMap(boolean)	thread	org.mockito.internal.util.concurrent.WeakConcurrentMap	SOURCE
org.mockito.internal.util.concurrent.WeakConcurrentMap	WeakConcurrentMap(boolean)	thread	org.mockito.internal.util.concurrent.WeakConcurrentMap	SOURCE
org.mockito.internal.util.concurrent.WeakConcurrentMap	WeakConcurrentMap(boolean)	thread	org.mockito.internal.util.concurrent.WeakConcurrentMap	SOURCE
org.mockito.internal.util.concurrent.WeakConcurrentMap	get(K)	target	org.mockito.internal.util.concurrent.WeakConcurrentMap	SOURCE
org.mockito.internal.util.concurrent.WeakConcurrentMap	get(K)	target	org.mockito.internal.util.concurrent.WeakConcurrentMap	SOURCE
org.mockito.internal.util.concurrent.WeakConcurrentMap	get(K)	this	org.mockito.internal.util.concurrent.WeakConcurrentMap	SOURCE
org.mockito.internal.util.concurrent.WeakConcurrentMap	containsKey(K)	target	org.mockito.internal.util.concurrent.WeakConcurrentMap	SOURCE
org.mockito.internal.util.concurrent.WeakConcurrentMap	put(K,V)	target	org.mockito.internal.util.concurrent.WeakConcurrentMap	SOURCE
org.mockito.internal.util.concurrent.WeakConcurrentMap	put(K,V)	this	org.mockito.internal.util.concurrent.WeakConcurrentMap	SOURCE
org.mockito.internal.util.concurrent.WeakConcurrentMap	remove(K)	target	org.mockito.internal.util.concurrent.WeakConcurrentMap	SOURCE
org.mockito.internal.util.concurrent.WeakConcurrentMap	clear()	target	org.mockito.internal.util.concurrent.WeakConcurrentMap	SOURCE
org.mockito.internal.util.concurrent.WeakConcurrentMap	getCleanerThread()	thread	org.mockito.internal.util.concurrent.WeakConcurrentMap	SOURCE
org.mockito.internal.util.concurrent.WeakConcurrentMap	expungeStaleEntries()	target	org.mockito.internal.util.concurrent.WeakConcurrentMap	SOURCE
org.mockito.internal.util.concurrent.WeakConcurrentMap	approximateSize()	target	org.mockito.internal.util.concurrent.WeakConcurrentMap	SOURCE
org.mockito.internal.util.concurrent.WeakConcurrentMap	run()	target	org.mockito.internal.util.concurrent.WeakConcurrentMap	SOURCE
org.mockito.internal.util.concurrent.WeakConcurrentMap	iterator()	target	org.mockito.internal.util.concurrent.WeakConcurrentMap	SOURCE
org.mockito.internal.util.concurrent.WeakConcurrentMap$WeakKey	WeakKey(T,java.lang.ref.ReferenceQueue)	hashCode	org.mockito.internal.util.concurrent.WeakConcurrentMap$WeakKey	SOURCE
org.mockito.internal.util.concurrent.WeakConcurrentMap$WeakKey	hashCode()	hashCode	org.mockito.internal.util.concurrent.WeakConcurrentMap$WeakKey	SOURCE
org.mockito.internal.util.concurrent.WeakConcurrentMap$WeakKey	equals(java.lang.Object)	key	org.mockito.internal.util.concurrent.WeakConcurrentMap$LatentKey	SOURCE
org.mockito.internal.util.concurrent.WeakConcurrentMap$LatentKey	LatentKey(T)	key	org.mockito.internal.util.concurrent.WeakConcurrentMap$LatentKey	SOURCE
org.mockito.internal.util.concurrent.WeakConcurrentMap$LatentKey	LatentKey(T)	this	org.mockito.internal.util.concurrent.WeakConcurrentMap$LatentKey	SOURCE
org.mockito.internal.util.concurrent.WeakConcurrentMap$LatentKey	LatentKey(T)	hashCode	org.mockito.internal.util.concurrent.WeakConcurrentMap$LatentKey	SOURCE
org.mockito.internal.util.concurrent.WeakConcurrentMap$LatentKey	equals(java.lang.Object)	key	org.mockito.internal.util.concurrent.WeakConcurrentMap$LatentKey	SOURCE
org.mockito.internal.util.concurrent.WeakConcurrentMap$LatentKey	equals(java.lang.Object)	key	org.mockito.internal.util.concurrent.WeakConcurrentMap$LatentKey	SOURCE
org.mockito.internal.util.concurrent.WeakConcurrentMap$LatentKey	equals(java.lang.Object)	key	org.mockito.internal.util.concurrent.WeakConcurrentMap$LatentKey	SOURCE
org.mockito.internal.util.concurrent.WeakConcurrentMap$LatentKey	hashCode()	hashCode	org.mockito.internal.util.concurrent.WeakConcurrentMap$LatentKey	SOURCE
org.mockito.internal.util.concurrent.WeakConcurrentMap$WithInlinedExpunction	get(K)	super	org.mockito.internal.util.concurrent.WeakConcurrentMap$WithInlinedExpunction	SOURCE
org.mockito.internal.util.concurrent.WeakConcurrentMap$WithInlinedExpunction	containsKey(K)	super	org.mockito.internal.util.concurrent.WeakConcurrentMap$WithInlinedExpunction	SOURCE
org.mockito.internal.util.concurrent.WeakConcurrentMap$WithInlinedExpunction	put(K,V)	super	org.mockito.internal.util.concurrent.WeakConcurrentMap$WithInlinedExpunction	SOURCE
org.mockito.internal.util.concurrent.WeakConcurrentMap$WithInlinedExpunction	remove(K)	super	org.mockito.internal.util.concurrent.WeakConcurrentMap$WithInlinedExpunction	SOURCE
org.mockito.internal.util.concurrent.WeakConcurrentMap$WithInlinedExpunction	iterator()	super	org.mockito.internal.util.concurrent.WeakConcurrentMap$WithInlinedExpunction	SOURCE
org.mockito.internal.util.concurrent.WeakConcurrentMap$WithInlinedExpunction	approximateSize()	super	org.mockito.internal.util.concurrent.WeakConcurrentMap$WithInlinedExpunction	SOURCE
org.mockito.internal.util.concurrent.WeakConcurrentMap$EntryIterator	EntryIterator(java.util.Iterator)	iterator	org.mockito.internal.util.concurrent.WeakConcurrentMap$EntryIterator	SOURCE
org.mockito.internal.util.concurrent.WeakConcurrentMap$EntryIterator	EntryIterator(java.util.Iterator)	this	org.mockito.internal.util.concurrent.WeakConcurrentMap$EntryIterator	SOURCE
org.mockito.internal.util.concurrent.WeakConcurrentMap$EntryIterator	findNext()	iterator	org.mockito.internal.util.concurrent.WeakConcurrentMap$EntryIterator	SOURCE
org.mockito.internal.util.concurrent.WeakConcurrentMap$EntryIterator	findNext()	nextEntry	org.mockito.internal.util.concurrent.WeakConcurrentMap$EntryIterator	SOURCE
org.mockito.internal.util.concurrent.WeakConcurrentMap$EntryIterator	findNext()	iterator	org.mockito.internal.util.concurrent.WeakConcurrentMap$EntryIterator	SOURCE
org.mockito.internal.util.concurrent.WeakConcurrentMap$EntryIterator	findNext()	nextKey	org.mockito.internal.util.concurrent.WeakConcurrentMap$EntryIterator	SOURCE
org.mockito.internal.util.concurrent.WeakConcurrentMap$EntryIterator	findNext()	nextEntry	org.mockito.internal.util.concurrent.WeakConcurrentMap$EntryIterator	SOURCE
org.mockito.internal.util.concurrent.WeakConcurrentMap$EntryIterator	findNext()	nextKey	org.mockito.internal.util.concurrent.WeakConcurrentMap$EntryIterator	SOURCE
org.mockito.internal.util.concurrent.WeakConcurrentMap$EntryIterator	findNext()	nextEntry	org.mockito.internal.util.concurrent.WeakConcurrentMap$EntryIterator	SOURCE
org.mockito.internal.util.concurrent.WeakConcurrentMap$EntryIterator	findNext()	nextKey	org.mockito.internal.util.concurrent.WeakConcurrentMap$EntryIterator	SOURCE
org.mockito.internal.util.concurrent.WeakConcurrentMap$EntryIterator	hasNext()	nextKey	org.mockito.internal.util.concurrent.WeakConcurrentMap$EntryIterator	SOURCE
org.mockito.internal.util.concurrent.WeakConcurrentMap$EntryIterator	next()	nextKey	org.mockito.internal.util.concurrent.WeakConcurrentMap$EntryIterator	SOURCE
org.mockito.internal.util.concurrent.WeakConcurrentMap$EntryIterator	next()	nextKey	org.mockito.internal.util.concurrent.WeakConcurrentMap$EntryIterator	SOURCE
org.mockito.internal.util.concurrent.WeakConcurrentMap$EntryIterator	next()	nextEntry	org.mockito.internal.util.concurrent.WeakConcurrentMap$EntryIterator	SOURCE
org.mockito.internal.util.concurrent.WeakConcurrentMap$SimpleEntry	SimpleEntry(K,java.util.Map.Entry)	key	org.mockito.internal.util.concurrent.WeakConcurrentMap$SimpleEntry	SOURCE
org.mockito.internal.util.concurrent.WeakConcurrentMap$SimpleEntry	SimpleEntry(K,java.util.Map.Entry)	this	org.mockito.internal.util.concurrent.WeakConcurrentMap$SimpleEntry	SOURCE
org.mockito.internal.util.concurrent.WeakConcurrentMap$SimpleEntry	SimpleEntry(K,java.util.Map.Entry)	entry	org.mockito.internal.util.concurrent.WeakConcurrentMap$SimpleEntry	SOURCE
org.mockito.internal.util.concurrent.WeakConcurrentMap$SimpleEntry	SimpleEntry(K,java.util.Map.Entry)	this	org.mockito.internal.util.concurrent.WeakConcurrentMap$SimpleEntry	SOURCE
org.mockito.internal.util.concurrent.WeakConcurrentMap$SimpleEntry	getKey()	key	org.mockito.internal.util.concurrent.WeakConcurrentMap$SimpleEntry	SOURCE
org.mockito.internal.util.concurrent.WeakConcurrentMap$SimpleEntry	getValue()	entry	org.mockito.internal.util.concurrent.WeakConcurrentMap$SimpleEntry	SOURCE
org.mockito.internal.util.concurrent.WeakConcurrentMap$SimpleEntry	setValue(V)	entry	org.mockito.internal.util.concurrent.WeakConcurrentMap$SimpleEntry	SOURCE
org.mockito.internal.creation.bytebuddy.MockMethodInterceptor	MockMethodInterceptor(org.mockito.invocation.MockHandler,org.mockito.mock.MockCreationSettings)	handler	org.mockito.internal.creation.bytebuddy.MockMethodInterceptor	SOURCE
org.mockito.internal.creation.bytebuddy.MockMethodInterceptor	MockMethodInterceptor(org.mockito.invocation.MockHandler,org.mockito.mock.MockCreationSettings)	this	org.mockito.internal.creation.bytebuddy.MockMethodInterceptor	SOURCE
org.mockito.internal.creation.bytebuddy.MockMethodInterceptor	MockMethodInterceptor(org.mockito.invocation.MockHandler,org.mockito.mock.MockCreationSettings)	mockCreationSettings	org.mockito.internal.creation.bytebuddy.MockMethodInterceptor	SOURCE
org.mockito.internal.creation.bytebuddy.MockMethodInterceptor	MockMethodInterceptor(org.mockito.invocation.MockHandler,org.mockito.mock.MockCreationSettings)	this	org.mockito.internal.creation.bytebuddy.MockMethodInterceptor	SOURCE
org.mockito.internal.creation.bytebuddy.MockMethodInterceptor	MockMethodInterceptor(org.mockito.invocation.MockHandler,org.mockito.mock.MockCreationSettings)	serializationSupport	org.mockito.internal.creation.bytebuddy.MockMethodInterceptor	SOURCE
org.mockito.internal.creation.bytebuddy.MockMethodInterceptor	doIntercept(java.lang.Object,java.lang.reflect.Method,java.lang.Object[],org.mockito.internal.invocation.RealMethod,org.mockito.invocation.Location)	handler	org.mockito.internal.creation.bytebuddy.MockMethodInterceptor	SOURCE
org.mockito.internal.creation.bytebuddy.MockMethodInterceptor	doIntercept(java.lang.Object,java.lang.reflect.Method,java.lang.Object[],org.mockito.internal.invocation.RealMethod,org.mockito.invocation.Location)	mockCreationSettings	org.mockito.internal.creation.bytebuddy.MockMethodInterceptor	SOURCE
org.mockito.internal.creation.bytebuddy.MockMethodInterceptor	getMockHandler()	handler	org.mockito.internal.creation.bytebuddy.MockMethodInterceptor	SOURCE
org.mockito.internal.creation.bytebuddy.MockMethodInterceptor	getSerializationSupport()	serializationSupport	org.mockito.internal.creation.bytebuddy.MockMethodInterceptor	SOURCE
org.mockito.internal.creation.bytebuddy.MockMethodInterceptor$DispatcherDefaultingToRealMethod	interceptSuperCallable(java.lang.Object,org.mockito.internal.creation.bytebuddy.MockMethodInterceptor,java.lang.reflect.Method,java.lang.Object[],java.util.concurrent.Callable)	DEFAULT	net.bytebuddy.implementation.bind.annotation.BindingPriority	SOURCE
org.mockito.internal.util.concurrent.DetachedThreadLocal	DetachedThreadLocal(org.mockito.internal.util.concurrent.DetachedThreadLocal.Cleaner)	map	org.mockito.internal.util.concurrent.DetachedThreadLocal	SOURCE
org.mockito.internal.util.concurrent.DetachedThreadLocal$1	defaultValue(java.lang.Thread)	this	org.mockito.internal.util.concurrent.DetachedThreadLocal	SOURCE
org.mockito.internal.util.concurrent.DetachedThreadLocal	DetachedThreadLocal(org.mockito.internal.util.concurrent.DetachedThreadLocal.Cleaner)	map	org.mockito.internal.util.concurrent.DetachedThreadLocal	SOURCE
org.mockito.internal.util.concurrent.DetachedThreadLocal$2	defaultValue(java.lang.Thread)	this	org.mockito.internal.util.concurrent.DetachedThreadLocal	SOURCE
org.mockito.internal.util.concurrent.DetachedThreadLocal	get()	map	org.mockito.internal.util.concurrent.DetachedThreadLocal	SOURCE
org.mockito.internal.util.concurrent.DetachedThreadLocal	set(T)	map	org.mockito.internal.util.concurrent.DetachedThreadLocal	SOURCE
org.mockito.internal.util.concurrent.DetachedThreadLocal	clear()	map	org.mockito.internal.util.concurrent.DetachedThreadLocal	SOURCE
org.mockito.internal.util.concurrent.DetachedThreadLocal	clearAll()	map	org.mockito.internal.util.concurrent.DetachedThreadLocal	SOURCE
org.mockito.internal.util.concurrent.DetachedThreadLocal	pushTo(java.lang.Thread)	map	org.mockito.internal.util.concurrent.DetachedThreadLocal	SOURCE
org.mockito.internal.util.concurrent.DetachedThreadLocal	fetchFrom(java.lang.Thread)	map	org.mockito.internal.util.concurrent.DetachedThreadLocal	SOURCE
org.mockito.internal.util.concurrent.DetachedThreadLocal	get(java.lang.Thread)	map	org.mockito.internal.util.concurrent.DetachedThreadLocal	SOURCE
org.mockito.internal.util.concurrent.DetachedThreadLocal	define(java.lang.Thread,T)	map	org.mockito.internal.util.concurrent.DetachedThreadLocal	SOURCE
org.mockito.internal.util.concurrent.DetachedThreadLocal	getBackingMap()	map	org.mockito.internal.util.concurrent.DetachedThreadLocal	SOURCE
org.mockito.internal.util.concurrent.DetachedThreadLocal	run()	map	org.mockito.internal.util.concurrent.DetachedThreadLocal	SOURCE
org.mockito.internal.creation.bytebuddy.ByteBuddyCrossClassLoaderSerializationSupport	writeReplace(java.lang.Object)	mutex	org.mockito.internal.creation.bytebuddy.ByteBuddyCrossClassLoaderSerializationSupport	SOURCE
org.mockito.internal.creation.bytebuddy.ByteBuddyCrossClassLoaderSerializationSupport	writeReplace(java.lang.Object)	mutex	org.mockito.internal.creation.bytebuddy.ByteBuddyCrossClassLoaderSerializationSupport	SOURCE
org.mockito.internal.creation.bytebuddy.ByteBuddyCrossClassLoaderSerializationSupport	mockReplacementCompleted()	instanceLocalCurrentlySerializingFlag	org.mockito.internal.creation.bytebuddy.ByteBuddyCrossClassLoaderSerializationSupport	SOURCE
org.mockito.internal.creation.bytebuddy.ByteBuddyCrossClassLoaderSerializationSupport	mockReplacementStarted()	instanceLocalCurrentlySerializingFlag	org.mockito.internal.creation.bytebuddy.ByteBuddyCrossClassLoaderSerializationSupport	SOURCE
org.mockito.internal.creation.bytebuddy.ByteBuddyCrossClassLoaderSerializationSupport	mockIsCurrentlyBeingReplaced()	instanceLocalCurrentlySerializingFlag	org.mockito.internal.creation.bytebuddy.ByteBuddyCrossClassLoaderSerializationSupport	SOURCE
org.mockito.internal.creation.bytebuddy.ByteBuddyCrossClassLoaderSerializationSupport$CrossClassLoaderSerializationProxy	CrossClassLoaderSerializationProxy(java.lang.Object)	serializedMock	org.mockito.internal.creation.bytebuddy.ByteBuddyCrossClassLoaderSerializationSupport$CrossClassLoaderSerializationProxy	SOURCE
org.mockito.internal.creation.bytebuddy.ByteBuddyCrossClassLoaderSerializationSupport$CrossClassLoaderSerializationProxy	CrossClassLoaderSerializationProxy(java.lang.Object)	this	org.mockito.internal.creation.bytebuddy.ByteBuddyCrossClassLoaderSerializationSupport$CrossClassLoaderSerializationProxy	SOURCE
org.mockito.internal.creation.bytebuddy.ByteBuddyCrossClassLoaderSerializationSupport$CrossClassLoaderSerializationProxy	CrossClassLoaderSerializationProxy(java.lang.Object)	typeToMock	org.mockito.internal.creation.bytebuddy.ByteBuddyCrossClassLoaderSerializationSupport$CrossClassLoaderSerializationProxy	SOURCE
org.mockito.internal.creation.bytebuddy.ByteBuddyCrossClassLoaderSerializationSupport$CrossClassLoaderSerializationProxy	CrossClassLoaderSerializationProxy(java.lang.Object)	this	org.mockito.internal.creation.bytebuddy.ByteBuddyCrossClassLoaderSerializationSupport$CrossClassLoaderSerializationProxy	SOURCE
org.mockito.internal.creation.bytebuddy.ByteBuddyCrossClassLoaderSerializationSupport$CrossClassLoaderSerializationProxy	CrossClassLoaderSerializationProxy(java.lang.Object)	extraInterfaces	org.mockito.internal.creation.bytebuddy.ByteBuddyCrossClassLoaderSerializationSupport$CrossClassLoaderSerializationProxy	SOURCE
org.mockito.internal.creation.bytebuddy.ByteBuddyCrossClassLoaderSerializationSupport$CrossClassLoaderSerializationProxy	CrossClassLoaderSerializationProxy(java.lang.Object)	this	org.mockito.internal.creation.bytebuddy.ByteBuddyCrossClassLoaderSerializationSupport$CrossClassLoaderSerializationProxy	SOURCE
org.mockito.internal.creation.bytebuddy.ByteBuddyCrossClassLoaderSerializationSupport$CrossClassLoaderSerializationProxy	readResolve()	serializedMock	org.mockito.internal.creation.bytebuddy.ByteBuddyCrossClassLoaderSerializationSupport$CrossClassLoaderSerializationProxy	SOURCE
org.mockito.internal.creation.bytebuddy.ByteBuddyCrossClassLoaderSerializationSupport$CrossClassLoaderSerializationProxy	readResolve()	typeToMock	org.mockito.internal.creation.bytebuddy.ByteBuddyCrossClassLoaderSerializationSupport$CrossClassLoaderSerializationProxy	SOURCE
org.mockito.internal.creation.bytebuddy.ByteBuddyCrossClassLoaderSerializationSupport$CrossClassLoaderSerializationProxy	readResolve()	extraInterfaces	org.mockito.internal.creation.bytebuddy.ByteBuddyCrossClassLoaderSerializationSupport$CrossClassLoaderSerializationProxy	SOURCE
org.mockito.internal.creation.bytebuddy.ByteBuddyCrossClassLoaderSerializationSupport$CrossClassLoaderSerializationProxy	readResolve()	typeToMock	org.mockito.internal.creation.bytebuddy.ByteBuddyCrossClassLoaderSerializationSupport$CrossClassLoaderSerializationProxy	SOURCE
org.mockito.internal.creation.bytebuddy.ByteBuddyCrossClassLoaderSerializationSupport$MockitoMockObjectInputStream	MockitoMockObjectInputStream(java.io.InputStream,java.lang.Class,java.util.Set)	typeToMock	org.mockito.internal.creation.bytebuddy.ByteBuddyCrossClassLoaderSerializationSupport$MockitoMockObjectInputStream	SOURCE
org.mockito.internal.creation.bytebuddy.ByteBuddyCrossClassLoaderSerializationSupport$MockitoMockObjectInputStream	MockitoMockObjectInputStream(java.io.InputStream,java.lang.Class,java.util.Set)	this	org.mockito.internal.creation.bytebuddy.ByteBuddyCrossClassLoaderSerializationSupport$MockitoMockObjectInputStream	SOURCE
org.mockito.internal.creation.bytebuddy.ByteBuddyCrossClassLoaderSerializationSupport$MockitoMockObjectInputStream	MockitoMockObjectInputStream(java.io.InputStream,java.lang.Class,java.util.Set)	extraInterfaces	org.mockito.internal.creation.bytebuddy.ByteBuddyCrossClassLoaderSerializationSupport$MockitoMockObjectInputStream	SOURCE
org.mockito.internal.creation.bytebuddy.ByteBuddyCrossClassLoaderSerializationSupport$MockitoMockObjectInputStream	MockitoMockObjectInputStream(java.io.InputStream,java.lang.Class,java.util.Set)	this	org.mockito.internal.creation.bytebuddy.ByteBuddyCrossClassLoaderSerializationSupport$MockitoMockObjectInputStream	SOURCE
org.mockito.internal.creation.bytebuddy.ByteBuddyCrossClassLoaderSerializationSupport$MockitoMockObjectInputStream	resolveClass(java.io.ObjectStreamClass)	super	org.mockito.internal.creation.bytebuddy.ByteBuddyCrossClassLoaderSerializationSupport$MockitoMockObjectInputStream	SOURCE
org.mockito.internal.creation.bytebuddy.ByteBuddyCrossClassLoaderSerializationSupport$MockitoMockObjectInputStream	resolveClass(java.io.ObjectStreamClass)	typeToMock	org.mockito.internal.creation.bytebuddy.ByteBuddyCrossClassLoaderSerializationSupport$MockitoMockObjectInputStream	SOURCE
org.mockito.internal.creation.bytebuddy.ByteBuddyCrossClassLoaderSerializationSupport$MockitoMockObjectInputStream	resolveClass(java.io.ObjectStreamClass)	extraInterfaces	org.mockito.internal.creation.bytebuddy.ByteBuddyCrossClassLoaderSerializationSupport$MockitoMockObjectInputStream	SOURCE
org.mockito.internal.creation.bytebuddy.ByteBuddyCrossClassLoaderSerializationSupport$MockitoMockObjectInputStream	notMarkedAsAMockitoMock(java.lang.Object)	MOCKITO_PROXY_MARKER	org.mockito.internal.creation.bytebuddy.ByteBuddyCrossClassLoaderSerializationSupport	SOURCE
org.mockito.internal.creation.bytebuddy.ByteBuddyCrossClassLoaderSerializationSupport$MockitoMockObjectOutputStream	mockitoProxyClassMarker(java.lang.Class)	class	org.mockito.internal.creation.bytebuddy.ByteBuddyCrossClassLoaderSerializationSupport$CrossClassLoaderSerializableMock	SOURCE
org.mockito.internal.creation.bytebuddy.ByteBuddyCrossClassLoaderSerializationSupport$MockitoMockObjectOutputStream	mockitoProxyClassMarker(java.lang.Class)	MOCKITO_PROXY_MARKER	org.mockito.internal.creation.bytebuddy.ByteBuddyCrossClassLoaderSerializationSupport	SOURCE
org.mockito.internal.creation.bytebuddy.ByteBuddyCrossClassLoaderSerializationSupport$MockitoMockObjectOutputStream	mockitoProxyClassMarker(java.lang.Class)	NOTHING	org.mockito.internal.creation.bytebuddy.ByteBuddyCrossClassLoaderSerializationSupport$MockitoMockObjectOutputStream	SOURCE
org.mockito.internal.invocation.RealMethod$FromBehavior	FromBehavior(org.mockito.invocation.InvocationFactory.RealMethodBehavior)	behavior	org.mockito.internal.invocation.RealMethod$FromBehavior	SOURCE
org.mockito.internal.invocation.RealMethod$FromBehavior	FromBehavior(org.mockito.invocation.InvocationFactory.RealMethodBehavior)	this	org.mockito.internal.invocation.RealMethod$FromBehavior	SOURCE
org.mockito.internal.invocation.RealMethod$FromBehavior	invoke()	behavior	org.mockito.internal.invocation.RealMethod$FromBehavior	SOURCE
org.mockito.internal.invocation.ArgumentsProcessor	expandArgs(org.mockito.internal.invocation.MockitoMethod,java.lang.Object[])	length	Array	SOURCE
org.mockito.internal.invocation.ArgumentsProcessor	expandArgs(org.mockito.internal.invocation.MockitoMethod,java.lang.Object[])	length	Array	SOURCE
org.mockito.internal.invocation.ArgumentsProcessor	expandArgs(org.mockito.internal.invocation.MockitoMethod,java.lang.Object[])	length	Array	SOURCE
org.mockito.internal.invocation.ArgumentsProcessor	expandVarArgs(boolean,java.lang.Object[])	length	Array	SOURCE
org.mockito.internal.invocation.ArgumentsProcessor	expandVarArgs(boolean,java.lang.Object[])	length	Array	SOURCE
org.mockito.internal.invocation.ArgumentsProcessor	expandVarArgs(boolean,java.lang.Object[])	length	Array	SOURCE
org.mockito.internal.invocation.ArgumentsProcessor	expandVarArgs(boolean,java.lang.Object[])	length	Array	SOURCE
org.mockito.internal.invocation.ArgumentsProcessor	expandVarArgs(boolean,java.lang.Object[])	length	Array	SOURCE
org.mockito.internal.invocation.ArgumentsProcessor	isNullOrEmpty(T[])	length	Array	SOURCE
org.mockito.internal.invocation.ArgumentsProcessor	argumentsToMatchers(java.lang.Object[])	length	Array	SOURCE
org.mockito.internal.invocation.InterceptedInvocation	InterceptedInvocation(org.mockito.internal.invocation.mockref.MockReference,org.mockito.internal.invocation.MockitoMethod,java.lang.Object[],org.mockito.internal.invocation.RealMethod,org.mockito.invocation.Location,int)	mockRef	org.mockito.internal.invocation.InterceptedInvocation	SOURCE
org.mockito.internal.invocation.InterceptedInvocation	InterceptedInvocation(org.mockito.internal.invocation.mockref.MockReference,org.mockito.internal.invocation.MockitoMethod,java.lang.Object[],org.mockito.internal.invocation.RealMethod,org.mockito.invocation.Location,int)	this	org.mockito.internal.invocation.InterceptedInvocation	SOURCE
org.mockito.internal.invocation.InterceptedInvocation	InterceptedInvocation(org.mockito.internal.invocation.mockref.MockReference,org.mockito.internal.invocation.MockitoMethod,java.lang.Object[],org.mockito.internal.invocation.RealMethod,org.mockito.invocation.Location,int)	mockitoMethod	org.mockito.internal.invocation.InterceptedInvocation	SOURCE
org.mockito.internal.invocation.InterceptedInvocation	InterceptedInvocation(org.mockito.internal.invocation.mockref.MockReference,org.mockito.internal.invocation.MockitoMethod,java.lang.Object[],org.mockito.internal.invocation.RealMethod,org.mockito.invocation.Location,int)	this	org.mockito.internal.invocation.InterceptedInvocation	SOURCE
org.mockito.internal.invocation.InterceptedInvocation	InterceptedInvocation(org.mockito.internal.invocation.mockref.MockReference,org.mockito.internal.invocation.MockitoMethod,java.lang.Object[],org.mockito.internal.invocation.RealMethod,org.mockito.invocation.Location,int)	arguments	org.mockito.internal.invocation.InterceptedInvocation	SOURCE
org.mockito.internal.invocation.InterceptedInvocation	InterceptedInvocation(org.mockito.internal.invocation.mockref.MockReference,org.mockito.internal.invocation.MockitoMethod,java.lang.Object[],org.mockito.internal.invocation.RealMethod,org.mockito.invocation.Location,int)	this	org.mockito.internal.invocation.InterceptedInvocation	SOURCE
org.mockito.internal.invocation.InterceptedInvocation	InterceptedInvocation(org.mockito.internal.invocation.mockref.MockReference,org.mockito.internal.invocation.MockitoMethod,java.lang.Object[],org.mockito.internal.invocation.RealMethod,org.mockito.invocation.Location,int)	rawArguments	org.mockito.internal.invocation.InterceptedInvocation	SOURCE
org.mockito.internal.invocation.InterceptedInvocation	InterceptedInvocation(org.mockito.internal.invocation.mockref.MockReference,org.mockito.internal.invocation.MockitoMethod,java.lang.Object[],org.mockito.internal.invocation.RealMethod,org.mockito.invocation.Location,int)	this	org.mockito.internal.invocation.InterceptedInvocation	SOURCE
org.mockito.internal.invocation.InterceptedInvocation	InterceptedInvocation(org.mockito.internal.invocation.mockref.MockReference,org.mockito.internal.invocation.MockitoMethod,java.lang.Object[],org.mockito.internal.invocation.RealMethod,org.mockito.invocation.Location,int)	realMethod	org.mockito.internal.invocation.InterceptedInvocation	SOURCE
org.mockito.internal.invocation.InterceptedInvocation	InterceptedInvocation(org.mockito.internal.invocation.mockref.MockReference,org.mockito.internal.invocation.MockitoMethod,java.lang.Object[],org.mockito.internal.invocation.RealMethod,org.mockito.invocation.Location,int)	this	org.mockito.internal.invocation.InterceptedInvocation	SOURCE
org.mockito.internal.invocation.InterceptedInvocation	InterceptedInvocation(org.mockito.internal.invocation.mockref.MockReference,org.mockito.internal.invocation.MockitoMethod,java.lang.Object[],org.mockito.internal.invocation.RealMethod,org.mockito.invocation.Location,int)	location	org.mockito.internal.invocation.InterceptedInvocation	SOURCE
org.mockito.internal.invocation.InterceptedInvocation	InterceptedInvocation(org.mockito.internal.invocation.mockref.MockReference,org.mockito.internal.invocation.MockitoMethod,java.lang.Object[],org.mockito.internal.invocation.RealMethod,org.mockito.invocation.Location,int)	this	org.mockito.internal.invocation.InterceptedInvocation	SOURCE
org.mockito.internal.invocation.InterceptedInvocation	InterceptedInvocation(org.mockito.internal.invocation.mockref.MockReference,org.mockito.internal.invocation.MockitoMethod,java.lang.Object[],org.mockito.internal.invocation.RealMethod,org.mockito.invocation.Location,int)	sequenceNumber	org.mockito.internal.invocation.InterceptedInvocation	SOURCE
org.mockito.internal.invocation.InterceptedInvocation	InterceptedInvocation(org.mockito.internal.invocation.mockref.MockReference,org.mockito.internal.invocation.MockitoMethod,java.lang.Object[],org.mockito.internal.invocation.RealMethod,org.mockito.invocation.Location,int)	this	org.mockito.internal.invocation.InterceptedInvocation	SOURCE
org.mockito.internal.invocation.InterceptedInvocation	isVerified()	verified	org.mockito.internal.invocation.InterceptedInvocation	SOURCE
org.mockito.internal.invocation.InterceptedInvocation	isVerified()	isIgnoredForVerification	org.mockito.internal.invocation.InterceptedInvocation	SOURCE
org.mockito.internal.invocation.InterceptedInvocation	getSequenceNumber()	sequenceNumber	org.mockito.internal.invocation.InterceptedInvocation	SOURCE
org.mockito.internal.invocation.InterceptedInvocation	getLocation()	location	org.mockito.internal.invocation.InterceptedInvocation	SOURCE
org.mockito.internal.invocation.InterceptedInvocation	getRawArguments()	rawArguments	org.mockito.internal.invocation.InterceptedInvocation	SOURCE
org.mockito.internal.invocation.InterceptedInvocation	getRawReturnType()	mockitoMethod	org.mockito.internal.invocation.InterceptedInvocation	SOURCE
org.mockito.internal.invocation.InterceptedInvocation	markVerified()	verified	org.mockito.internal.invocation.InterceptedInvocation	SOURCE
org.mockito.internal.invocation.InterceptedInvocation	stubInfo()	stubInfo	org.mockito.internal.invocation.InterceptedInvocation	SOURCE
org.mockito.internal.invocation.InterceptedInvocation	markStubbed(org.mockito.invocation.StubInfo)	stubInfo	org.mockito.internal.invocation.InterceptedInvocation	SOURCE
org.mockito.internal.invocation.InterceptedInvocation	markStubbed(org.mockito.invocation.StubInfo)	this	org.mockito.internal.invocation.InterceptedInvocation	SOURCE
org.mockito.internal.invocation.InterceptedInvocation	isIgnoredForVerification()	isIgnoredForVerification	org.mockito.internal.invocation.InterceptedInvocation	SOURCE
org.mockito.internal.invocation.InterceptedInvocation	ignoreForVerification()	isIgnoredForVerification	org.mockito.internal.invocation.InterceptedInvocation	SOURCE
org.mockito.internal.invocation.InterceptedInvocation	getMock()	mockRef	org.mockito.internal.invocation.InterceptedInvocation	SOURCE
org.mockito.internal.invocation.InterceptedInvocation	getMethod()	mockitoMethod	org.mockito.internal.invocation.InterceptedInvocation	SOURCE
org.mockito.internal.invocation.InterceptedInvocation	getArguments()	arguments	org.mockito.internal.invocation.InterceptedInvocation	SOURCE
org.mockito.internal.invocation.InterceptedInvocation	getArgument(int)	arguments	org.mockito.internal.invocation.InterceptedInvocation	SOURCE
org.mockito.internal.invocation.InterceptedInvocation	getArgument(int,java.lang.Class)	arguments	org.mockito.internal.invocation.InterceptedInvocation	SOURCE
org.mockito.internal.invocation.InterceptedInvocation	callRealMethod()	realMethod	org.mockito.internal.invocation.InterceptedInvocation	SOURCE
org.mockito.internal.invocation.InterceptedInvocation	callRealMethod()	realMethod	org.mockito.internal.invocation.InterceptedInvocation	SOURCE
org.mockito.internal.invocation.InterceptedInvocation	getMockRef()	mockRef	org.mockito.internal.invocation.InterceptedInvocation	SOURCE
org.mockito.internal.invocation.InterceptedInvocation	getMockitoMethod()	mockitoMethod	org.mockito.internal.invocation.InterceptedInvocation	SOURCE
org.mockito.internal.invocation.InterceptedInvocation	getRealMethod()	realMethod	org.mockito.internal.invocation.InterceptedInvocation	SOURCE
org.mockito.internal.invocation.InterceptedInvocation	equals(java.lang.Object)	this	org.mockito.internal.invocation.InterceptedInvocation	SOURCE
org.mockito.internal.invocation.InterceptedInvocation	equals(java.lang.Object)	mockRef	org.mockito.internal.invocation.InterceptedInvocation	SOURCE
org.mockito.internal.invocation.InterceptedInvocation	equals(java.lang.Object)	this	org.mockito.internal.invocation.InterceptedInvocation	SOURCE
org.mockito.internal.invocation.InterceptedInvocation	equals(java.lang.Object)	mockRef	org.mockito.internal.invocation.InterceptedInvocation	SOURCE
org.mockito.internal.invocation.InterceptedInvocation	equals(java.lang.Object)	mockitoMethod	org.mockito.internal.invocation.InterceptedInvocation	SOURCE
org.mockito.internal.invocation.InterceptedInvocation	equals(java.lang.Object)	this	org.mockito.internal.invocation.InterceptedInvocation	SOURCE
org.mockito.internal.invocation.InterceptedInvocation	equals(java.lang.Object)	mockitoMethod	org.mockito.internal.invocation.InterceptedInvocation	SOURCE
org.mockito.internal.invocation.InterceptedInvocation	equals(java.lang.Object)	this	org.mockito.internal.invocation.InterceptedInvocation	SOURCE
org.mockito.internal.invocation.InterceptedInvocation	equals(java.lang.Object)	arguments	org.mockito.internal.invocation.InterceptedInvocation	SOURCE
org.mockito.internal.invocation.InterceptedInvocation	equalArguments(java.lang.Object[])	arguments	org.mockito.internal.invocation.InterceptedInvocation	SOURCE
org.mockito.internal.invocation.InterceptedInvocation	equalArguments(java.lang.Object[])	this	org.mockito.internal.invocation.InterceptedInvocation	SOURCE
org.mockito.internal.invocation.InterceptedInvocation	toString()	this	org.mockito.internal.invocation.InterceptedInvocation	SOURCE
org.mockito.internal.creation.bytebuddy.SubclassInjectionLoader	SubclassInjectionLoader()	loader	org.mockito.internal.creation.bytebuddy.SubclassInjectionLoader	SOURCE
org.mockito.internal.creation.bytebuddy.SubclassInjectionLoader	SubclassInjectionLoader()	this	org.mockito.internal.creation.bytebuddy.SubclassInjectionLoader	SOURCE
org.mockito.internal.creation.bytebuddy.SubclassInjectionLoader	SubclassInjectionLoader()	loader	org.mockito.internal.creation.bytebuddy.SubclassInjectionLoader	SOURCE
org.mockito.internal.creation.bytebuddy.SubclassInjectionLoader	SubclassInjectionLoader()	this	org.mockito.internal.creation.bytebuddy.SubclassInjectionLoader	SOURCE
org.mockito.internal.creation.bytebuddy.SubclassInjectionLoader	SubclassInjectionLoader()	ERROR_MESSAGE	org.mockito.internal.creation.bytebuddy.SubclassInjectionLoader	SOURCE
org.mockito.internal.creation.bytebuddy.SubclassInjectionLoader	tryLookup()	class	java.lang.Class	SOURCE
org.mockito.internal.creation.bytebuddy.SubclassInjectionLoader	tryLookup()	class	org.mockito.codegen.InjectionBase	SOURCE
org.mockito.internal.creation.bytebuddy.SubclassInjectionLoader	tryLookup()	ERROR_MESSAGE	org.mockito.internal.creation.bytebuddy.SubclassInjectionLoader	SOURCE
org.mockito.internal.creation.bytebuddy.SubclassInjectionLoader$WithReflection	resolveStrategy(java.lang.Class,java.lang.ClassLoader,boolean)	class	org.mockito.codegen.InjectionBase	SOURCE
org.mockito.internal.creation.bytebuddy.SubclassInjectionLoader$WithLookup	WithLookup(java.lang.Object,java.lang.Object,java.lang.reflect.Method)	lookup	org.mockito.internal.creation.bytebuddy.SubclassInjectionLoader$WithLookup	SOURCE
org.mockito.internal.creation.bytebuddy.SubclassInjectionLoader$WithLookup	WithLookup(java.lang.Object,java.lang.Object,java.lang.reflect.Method)	this	org.mockito.internal.creation.bytebuddy.SubclassInjectionLoader$WithLookup	SOURCE
org.mockito.internal.creation.bytebuddy.SubclassInjectionLoader$WithLookup	WithLookup(java.lang.Object,java.lang.Object,java.lang.reflect.Method)	codegenLookup	org.mockito.internal.creation.bytebuddy.SubclassInjectionLoader$WithLookup	SOURCE
org.mockito.internal.creation.bytebuddy.SubclassInjectionLoader$WithLookup	WithLookup(java.lang.Object,java.lang.Object,java.lang.reflect.Method)	this	org.mockito.internal.creation.bytebuddy.SubclassInjectionLoader$WithLookup	SOURCE
org.mockito.internal.creation.bytebuddy.SubclassInjectionLoader$WithLookup	WithLookup(java.lang.Object,java.lang.Object,java.lang.reflect.Method)	privateLookupIn	org.mockito.internal.creation.bytebuddy.SubclassInjectionLoader$WithLookup	SOURCE
org.mockito.internal.creation.bytebuddy.SubclassInjectionLoader$WithLookup	WithLookup(java.lang.Object,java.lang.Object,java.lang.reflect.Method)	this	org.mockito.internal.creation.bytebuddy.SubclassInjectionLoader$WithLookup	SOURCE
org.mockito.internal.creation.bytebuddy.SubclassInjectionLoader$WithLookup	resolveStrategy(java.lang.Class,java.lang.ClassLoader,boolean)	privateLookupIn	org.mockito.internal.creation.bytebuddy.SubclassInjectionLoader$WithLookup	SOURCE
org.mockito.internal.creation.bytebuddy.SubclassInjectionLoader$WithLookup	resolveStrategy(java.lang.Class,java.lang.ClassLoader,boolean)	lookup	org.mockito.internal.creation.bytebuddy.SubclassInjectionLoader$WithLookup	SOURCE
org.mockito.internal.creation.bytebuddy.SubclassInjectionLoader$WithLookup	resolveStrategy(java.lang.Class,java.lang.ClassLoader,boolean)	class	org.mockito.codegen.InjectionBase	SOURCE
org.mockito.internal.creation.bytebuddy.SubclassInjectionLoader$WithLookup	resolveStrategy(java.lang.Class,java.lang.ClassLoader,boolean)	codegenLookup	org.mockito.internal.creation.bytebuddy.SubclassInjectionLoader$WithLookup	SOURCE
org.mockito.internal.creation.bytebuddy.SubclassInjectionLoader	isDisrespectingOpenness()	loader	org.mockito.internal.creation.bytebuddy.SubclassInjectionLoader	SOURCE
org.mockito.internal.creation.bytebuddy.SubclassInjectionLoader	resolveStrategy(java.lang.Class,java.lang.ClassLoader,boolean)	loader	org.mockito.internal.creation.bytebuddy.SubclassInjectionLoader	SOURCE
org.mockito.internal.creation.bytebuddy.SubclassBytecodeGenerator	dispatcher	class	org.mockito.internal.creation.bytebuddy.MockMethodInterceptor$DispatcherDefaultingToRealMethod	SOURCE
org.mockito.internal.creation.bytebuddy.SubclassBytecodeGenerator	hashCode	class	org.mockito.internal.creation.bytebuddy.MockMethodInterceptor$ForHashCode	SOURCE
org.mockito.internal.creation.bytebuddy.SubclassBytecodeGenerator	equals	class	org.mockito.internal.creation.bytebuddy.MockMethodInterceptor$ForEquals	SOURCE
org.mockito.internal.creation.bytebuddy.SubclassBytecodeGenerator	writeReplace	class	org.mockito.internal.creation.bytebuddy.MockMethodInterceptor$ForWriteReplace	SOURCE
org.mockito.internal.creation.bytebuddy.SubclassBytecodeGenerator	SubclassBytecodeGenerator(org.mockito.internal.creation.bytebuddy.SubclassLoader,net.bytebuddy.implementation.Implementation,net.bytebuddy.matcher.ElementMatcher)	loader	org.mockito.internal.creation.bytebuddy.SubclassBytecodeGenerator	SOURCE
org.mockito.internal.creation.bytebuddy.SubclassBytecodeGenerator	SubclassBytecodeGenerator(org.mockito.internal.creation.bytebuddy.SubclassLoader,net.bytebuddy.implementation.Implementation,net.bytebuddy.matcher.ElementMatcher)	this	org.mockito.internal.creation.bytebuddy.SubclassBytecodeGenerator	SOURCE
org.mockito.internal.creation.bytebuddy.SubclassBytecodeGenerator	SubclassBytecodeGenerator(org.mockito.internal.creation.bytebuddy.SubclassLoader,net.bytebuddy.implementation.Implementation,net.bytebuddy.matcher.ElementMatcher)	readReplace	org.mockito.internal.creation.bytebuddy.SubclassBytecodeGenerator	SOURCE
org.mockito.internal.creation.bytebuddy.SubclassBytecodeGenerator	SubclassBytecodeGenerator(org.mockito.internal.creation.bytebuddy.SubclassLoader,net.bytebuddy.implementation.Implementation,net.bytebuddy.matcher.ElementMatcher)	this	org.mockito.internal.creation.bytebuddy.SubclassBytecodeGenerator	SOURCE
org.mockito.internal.creation.bytebuddy.SubclassBytecodeGenerator	SubclassBytecodeGenerator(org.mockito.internal.creation.bytebuddy.SubclassLoader,net.bytebuddy.implementation.Implementation,net.bytebuddy.matcher.ElementMatcher)	matcher	org.mockito.internal.creation.bytebuddy.SubclassBytecodeGenerator	SOURCE
org.mockito.internal.creation.bytebuddy.SubclassBytecodeGenerator	SubclassBytecodeGenerator(org.mockito.internal.creation.bytebuddy.SubclassLoader,net.bytebuddy.implementation.Implementation,net.bytebuddy.matcher.ElementMatcher)	this	org.mockito.internal.creation.bytebuddy.SubclassBytecodeGenerator	SOURCE
org.mockito.internal.creation.bytebuddy.SubclassBytecodeGenerator	SubclassBytecodeGenerator(org.mockito.internal.creation.bytebuddy.SubclassLoader,net.bytebuddy.implementation.Implementation,net.bytebuddy.matcher.ElementMatcher)	byteBuddy	org.mockito.internal.creation.bytebuddy.SubclassBytecodeGenerator	SOURCE
org.mockito.internal.creation.bytebuddy.SubclassBytecodeGenerator	SubclassBytecodeGenerator(org.mockito.internal.creation.bytebuddy.SubclassLoader,net.bytebuddy.implementation.Implementation,net.bytebuddy.matcher.ElementMatcher)	random	org.mockito.internal.creation.bytebuddy.SubclassBytecodeGenerator	SOURCE
org.mockito.internal.creation.bytebuddy.SubclassBytecodeGenerator	SubclassBytecodeGenerator(org.mockito.internal.creation.bytebuddy.SubclassLoader,net.bytebuddy.implementation.Implementation,net.bytebuddy.matcher.ElementMatcher)	handler	org.mockito.internal.creation.bytebuddy.SubclassBytecodeGenerator	SOURCE
org.mockito.internal.creation.bytebuddy.SubclassBytecodeGenerator	SubclassBytecodeGenerator(org.mockito.internal.creation.bytebuddy.SubclassLoader,net.bytebuddy.implementation.Implementation,net.bytebuddy.matcher.ElementMatcher)	byteBuddy	org.mockito.internal.creation.bytebuddy.SubclassBytecodeGenerator	SOURCE
org.mockito.internal.creation.bytebuddy.SubclassBytecodeGenerator	SubclassBytecodeGenerator(org.mockito.internal.creation.bytebuddy.SubclassLoader,net.bytebuddy.implementation.Implementation,net.bytebuddy.matcher.ElementMatcher)	random	org.mockito.internal.creation.bytebuddy.SubclassBytecodeGenerator	SOURCE
org.mockito.internal.creation.bytebuddy.SubclassBytecodeGenerator	mockClass(org.mockito.internal.creation.bytebuddy.MockFeatures)	mockedType	org.mockito.internal.creation.bytebuddy.MockFeatures	SOURCE
org.mockito.internal.creation.bytebuddy.SubclassBytecodeGenerator	mockClass(org.mockito.internal.creation.bytebuddy.MockFeatures)	interfaces	org.mockito.internal.creation.bytebuddy.MockFeatures	SOURCE
org.mockito.internal.creation.bytebuddy.SubclassBytecodeGenerator	mockClass(org.mockito.internal.creation.bytebuddy.MockFeatures)	class	org.mockito.internal.creation.bytebuddy.MockAccess	SOURCE
org.mockito.internal.creation.bytebuddy.SubclassBytecodeGenerator	mockClass(org.mockito.internal.creation.bytebuddy.MockFeatures)	mockedType	org.mockito.internal.creation.bytebuddy.MockFeatures	SOURCE
org.mockito.internal.creation.bytebuddy.SubclassBytecodeGenerator	mockClass(org.mockito.internal.creation.bytebuddy.MockFeatures)	serializableMode	org.mockito.internal.creation.bytebuddy.MockFeatures	SOURCE
org.mockito.internal.creation.bytebuddy.SubclassBytecodeGenerator	mockClass(org.mockito.internal.creation.bytebuddy.MockFeatures)	mockedType	org.mockito.internal.creation.bytebuddy.MockFeatures	SOURCE
org.mockito.internal.creation.bytebuddy.SubclassBytecodeGenerator	mockClass(org.mockito.internal.creation.bytebuddy.MockFeatures)	loader	org.mockito.internal.creation.bytebuddy.SubclassBytecodeGenerator	SOURCE
org.mockito.internal.creation.bytebuddy.SubclassBytecodeGenerator	mockClass(org.mockito.internal.creation.bytebuddy.MockFeatures)	handler	org.mockito.internal.creation.bytebuddy.SubclassBytecodeGenerator	SOURCE
org.mockito.internal.creation.bytebuddy.SubclassBytecodeGenerator	mockClass(org.mockito.internal.creation.bytebuddy.MockFeatures)	mockedType	org.mockito.internal.creation.bytebuddy.MockFeatures	SOURCE
org.mockito.internal.creation.bytebuddy.SubclassBytecodeGenerator	mockClass(org.mockito.internal.creation.bytebuddy.MockFeatures)	class	org.mockito.internal.creation.bytebuddy.MockAccess	SOURCE
org.mockito.internal.creation.bytebuddy.SubclassBytecodeGenerator	mockClass(org.mockito.internal.creation.bytebuddy.MockFeatures)	loader	org.mockito.internal.creation.bytebuddy.SubclassBytecodeGenerator	SOURCE
org.mockito.internal.creation.bytebuddy.SubclassBytecodeGenerator	mockClass(org.mockito.internal.creation.bytebuddy.MockFeatures)	mockedType	org.mockito.internal.creation.bytebuddy.MockFeatures	SOURCE
org.mockito.internal.creation.bytebuddy.SubclassBytecodeGenerator	mockClass(org.mockito.internal.creation.bytebuddy.MockFeatures)	mockedType	org.mockito.internal.creation.bytebuddy.MockFeatures	SOURCE
org.mockito.internal.creation.bytebuddy.SubclassBytecodeGenerator	mockClass(org.mockito.internal.creation.bytebuddy.MockFeatures)	class	org.mockito.codegen.InjectionBase	SOURCE
org.mockito.internal.creation.bytebuddy.SubclassBytecodeGenerator	mockClass(org.mockito.internal.creation.bytebuddy.MockFeatures)	mockedType	org.mockito.internal.creation.bytebuddy.MockFeatures	SOURCE
org.mockito.internal.creation.bytebuddy.SubclassBytecodeGenerator	mockClass(org.mockito.internal.creation.bytebuddy.MockFeatures)	random	org.mockito.internal.creation.bytebuddy.SubclassBytecodeGenerator	SOURCE
org.mockito.internal.creation.bytebuddy.SubclassBytecodeGenerator	mockClass(org.mockito.internal.creation.bytebuddy.MockFeatures)	handler	org.mockito.internal.creation.bytebuddy.SubclassBytecodeGenerator	SOURCE
org.mockito.internal.creation.bytebuddy.SubclassBytecodeGenerator	mockClass(org.mockito.internal.creation.bytebuddy.MockFeatures)	mockedType	org.mockito.internal.creation.bytebuddy.MockFeatures	SOURCE
org.mockito.internal.creation.bytebuddy.SubclassBytecodeGenerator	mockClass(org.mockito.internal.creation.bytebuddy.MockFeatures)	class	org.mockito.internal.creation.bytebuddy.MockAccess	SOURCE
org.mockito.internal.creation.bytebuddy.SubclassBytecodeGenerator	mockClass(org.mockito.internal.creation.bytebuddy.MockFeatures)	interfaces	org.mockito.internal.creation.bytebuddy.MockFeatures	SOURCE
org.mockito.internal.creation.bytebuddy.SubclassBytecodeGenerator	mockClass(org.mockito.internal.creation.bytebuddy.MockFeatures)	handler	org.mockito.internal.creation.bytebuddy.SubclassBytecodeGenerator	SOURCE
org.mockito.internal.creation.bytebuddy.SubclassBytecodeGenerator	mockClass(org.mockito.internal.creation.bytebuddy.MockFeatures)	mockedType	org.mockito.internal.creation.bytebuddy.MockFeatures	SOURCE
org.mockito.internal.creation.bytebuddy.SubclassBytecodeGenerator	mockClass(org.mockito.internal.creation.bytebuddy.MockFeatures)	handler	org.mockito.internal.creation.bytebuddy.SubclassBytecodeGenerator	SOURCE
org.mockito.internal.creation.bytebuddy.SubclassBytecodeGenerator	mockClass(org.mockito.internal.creation.bytebuddy.MockFeatures)	mockedType	org.mockito.internal.creation.bytebuddy.MockFeatures	SOURCE
org.mockito.internal.creation.bytebuddy.SubclassBytecodeGenerator	mockClass(org.mockito.internal.creation.bytebuddy.MockFeatures)	handler	org.mockito.internal.creation.bytebuddy.SubclassBytecodeGenerator	SOURCE
org.mockito.internal.creation.bytebuddy.SubclassBytecodeGenerator	mockClass(org.mockito.internal.creation.bytebuddy.MockFeatures)	mockedType	org.mockito.internal.creation.bytebuddy.MockFeatures	SOURCE
org.mockito.internal.creation.bytebuddy.SubclassBytecodeGenerator	mockClass(org.mockito.internal.creation.bytebuddy.MockFeatures)	interfaces	org.mockito.internal.creation.bytebuddy.MockFeatures	SOURCE
org.mockito.internal.creation.bytebuddy.SubclassBytecodeGenerator	mockClass(org.mockito.internal.creation.bytebuddy.MockFeatures)	handler	org.mockito.internal.creation.bytebuddy.SubclassBytecodeGenerator	SOURCE
org.mockito.internal.creation.bytebuddy.SubclassBytecodeGenerator	mockClass(org.mockito.internal.creation.bytebuddy.MockFeatures)	mockedType	org.mockito.internal.creation.bytebuddy.MockFeatures	SOURCE
org.mockito.internal.creation.bytebuddy.SubclassBytecodeGenerator	mockClass(org.mockito.internal.creation.bytebuddy.MockFeatures)	interfaces	org.mockito.internal.creation.bytebuddy.MockFeatures	SOURCE
org.mockito.internal.creation.bytebuddy.SubclassBytecodeGenerator	mockClass(org.mockito.internal.creation.bytebuddy.MockFeatures)	handler	org.mockito.internal.creation.bytebuddy.SubclassBytecodeGenerator	SOURCE
org.mockito.internal.creation.bytebuddy.SubclassBytecodeGenerator	mockClass(org.mockito.internal.creation.bytebuddy.MockFeatures)	mockedType	org.mockito.internal.creation.bytebuddy.MockFeatures	SOURCE
org.mockito.internal.creation.bytebuddy.SubclassBytecodeGenerator	mockClass(org.mockito.internal.creation.bytebuddy.MockFeatures)	handler	org.mockito.internal.creation.bytebuddy.SubclassBytecodeGenerator	SOURCE
org.mockito.internal.creation.bytebuddy.SubclassBytecodeGenerator	mockClass(org.mockito.internal.creation.bytebuddy.MockFeatures)	mockedType	org.mockito.internal.creation.bytebuddy.MockFeatures	SOURCE
org.mockito.internal.creation.bytebuddy.SubclassBytecodeGenerator	mockClass(org.mockito.internal.creation.bytebuddy.MockFeatures)	interfaces	org.mockito.internal.creation.bytebuddy.MockFeatures	SOURCE
org.mockito.internal.creation.bytebuddy.SubclassBytecodeGenerator	mockClass(org.mockito.internal.creation.bytebuddy.MockFeatures)	handler	org.mockito.internal.creation.bytebuddy.SubclassBytecodeGenerator	SOURCE
org.mockito.internal.creation.bytebuddy.SubclassBytecodeGenerator	mockClass(org.mockito.internal.creation.bytebuddy.MockFeatures)	byteBuddy	org.mockito.internal.creation.bytebuddy.SubclassBytecodeGenerator	SOURCE
org.mockito.internal.creation.bytebuddy.SubclassBytecodeGenerator	mockClass(org.mockito.internal.creation.bytebuddy.MockFeatures)	mockedType	org.mockito.internal.creation.bytebuddy.MockFeatures	SOURCE
org.mockito.internal.creation.bytebuddy.SubclassBytecodeGenerator	mockClass(org.mockito.internal.creation.bytebuddy.MockFeatures)	stripAnnotations	org.mockito.internal.creation.bytebuddy.MockFeatures	SOURCE
org.mockito.internal.creation.bytebuddy.SubclassBytecodeGenerator	mockClass(org.mockito.internal.creation.bytebuddy.MockFeatures)	mockedType	org.mockito.internal.creation.bytebuddy.MockFeatures	SOURCE
org.mockito.internal.creation.bytebuddy.SubclassBytecodeGenerator	mockClass(org.mockito.internal.creation.bytebuddy.MockFeatures)	interfaces	org.mockito.internal.creation.bytebuddy.MockFeatures	SOURCE
org.mockito.internal.creation.bytebuddy.SubclassBytecodeGenerator	mockClass(org.mockito.internal.creation.bytebuddy.MockFeatures)	matcher	org.mockito.internal.creation.bytebuddy.SubclassBytecodeGenerator	SOURCE
org.mockito.internal.creation.bytebuddy.SubclassBytecodeGenerator	mockClass(org.mockito.internal.creation.bytebuddy.MockFeatures)	dispatcher	org.mockito.internal.creation.bytebuddy.SubclassBytecodeGenerator	SOURCE
org.mockito.internal.creation.bytebuddy.SubclassBytecodeGenerator	mockClass(org.mockito.internal.creation.bytebuddy.MockFeatures)	stripAnnotations	org.mockito.internal.creation.bytebuddy.MockFeatures	SOURCE
org.mockito.internal.creation.bytebuddy.SubclassBytecodeGenerator	mockClass(org.mockito.internal.creation.bytebuddy.MockFeatures)	hashCode	org.mockito.internal.creation.bytebuddy.SubclassBytecodeGenerator	SOURCE
org.mockito.internal.creation.bytebuddy.SubclassBytecodeGenerator	mockClass(org.mockito.internal.creation.bytebuddy.MockFeatures)	equals	org.mockito.internal.creation.bytebuddy.SubclassBytecodeGenerator	SOURCE
org.mockito.internal.creation.bytebuddy.SubclassBytecodeGenerator	mockClass(org.mockito.internal.creation.bytebuddy.MockFeatures)	class	org.mockito.internal.creation.bytebuddy.MockMethodInterceptor	SOURCE
org.mockito.internal.creation.bytebuddy.SubclassBytecodeGenerator	mockClass(org.mockito.internal.creation.bytebuddy.MockFeatures)	class	org.mockito.internal.creation.bytebuddy.MockAccess	SOURCE
org.mockito.internal.creation.bytebuddy.SubclassBytecodeGenerator	mockClass(org.mockito.internal.creation.bytebuddy.MockFeatures)	serializableMode	org.mockito.internal.creation.bytebuddy.MockFeatures	SOURCE
org.mockito.internal.creation.bytebuddy.SubclassBytecodeGenerator	mockClass(org.mockito.internal.creation.bytebuddy.MockFeatures)	class	org.mockito.internal.creation.bytebuddy.ByteBuddyCrossClassLoaderSerializationSupport$CrossClassLoaderSerializableMock	SOURCE
org.mockito.internal.creation.bytebuddy.SubclassBytecodeGenerator	mockClass(org.mockito.internal.creation.bytebuddy.MockFeatures)	writeReplace	org.mockito.internal.creation.bytebuddy.SubclassBytecodeGenerator	SOURCE
org.mockito.internal.creation.bytebuddy.SubclassBytecodeGenerator	mockClass(org.mockito.internal.creation.bytebuddy.MockFeatures)	readReplace	org.mockito.internal.creation.bytebuddy.SubclassBytecodeGenerator	SOURCE
org.mockito.internal.creation.bytebuddy.SubclassBytecodeGenerator	mockClass(org.mockito.internal.creation.bytebuddy.MockFeatures)	class	null	SOURCE
org.mockito.internal.creation.bytebuddy.SubclassBytecodeGenerator	mockClass(org.mockito.internal.creation.bytebuddy.MockFeatures)	class	java.io.ObjectInputStream	SOURCE
org.mockito.internal.creation.bytebuddy.SubclassBytecodeGenerator	mockClass(org.mockito.internal.creation.bytebuddy.MockFeatures)	class	java.lang.ClassNotFoundException	SOURCE
org.mockito.internal.creation.bytebuddy.SubclassBytecodeGenerator	mockClass(org.mockito.internal.creation.bytebuddy.MockFeatures)	class	java.io.IOException	SOURCE
org.mockito.internal.creation.bytebuddy.SubclassBytecodeGenerator	mockClass(org.mockito.internal.creation.bytebuddy.MockFeatures)	readReplace	org.mockito.internal.creation.bytebuddy.SubclassBytecodeGenerator	SOURCE
org.mockito.internal.creation.bytebuddy.SubclassBytecodeGenerator	mockClass(org.mockito.internal.creation.bytebuddy.MockFeatures)	CODEGEN_PACKAGE	org.mockito.internal.creation.bytebuddy.SubclassBytecodeGenerator	SOURCE
org.mockito.internal.creation.bytebuddy.SubclassBytecodeGenerator	mockClass(org.mockito.internal.creation.bytebuddy.MockFeatures)	loader	org.mockito.internal.creation.bytebuddy.SubclassBytecodeGenerator	SOURCE
org.mockito.internal.creation.bytebuddy.SubclassBytecodeGenerator	mockClass(org.mockito.internal.creation.bytebuddy.MockFeatures)	mockedType	org.mockito.internal.creation.bytebuddy.MockFeatures	SOURCE
org.mockito.internal.creation.bytebuddy.InlineByteBuddyMockMaker	class	class	org.mockito.internal.creation.bytebuddy.InlineByteBuddyMockMaker	SOURCE
org.mockito.internal.creation.bytebuddy.InlineByteBuddyMockMaker	class	class	org.mockito.internal.creation.bytebuddy.InlineByteBuddyMockMaker	SOURCE
org.mockito.internal.creation.bytebuddy.InlineByteBuddyMockMaker	INSTRUMENTATION	INSTRUMENTATION	org.mockito.internal.creation.bytebuddy.InlineByteBuddyMockMaker	SOURCE
org.mockito.internal.creation.bytebuddy.InlineByteBuddyMockMaker	INITIALIZATION_ERROR	INITIALIZATION_ERROR	org.mockito.internal.creation.bytebuddy.InlineByteBuddyMockMaker	SOURCE
org.mockito.internal.creation.bytebuddy.InlineByteBuddyMockMaker	InlineByteBuddyMockMaker()	INITIALIZATION_ERROR	org.mockito.internal.creation.bytebuddy.InlineByteBuddyMockMaker	SOURCE
org.mockito.internal.creation.bytebuddy.InlineByteBuddyMockMaker	InlineByteBuddyMockMaker()	INITIALIZATION_ERROR	org.mockito.internal.creation.bytebuddy.InlineByteBuddyMockMaker	SOURCE
org.mockito.internal.creation.bytebuddy.InlineByteBuddyMockMaker	InlineByteBuddyMockMaker()	mockitoConstruction	org.mockito.internal.creation.bytebuddy.InlineByteBuddyMockMaker	SOURCE
org.mockito.internal.creation.bytebuddy.InlineByteBuddyMockMaker	InlineByteBuddyMockMaker()	mockedConstruction	org.mockito.internal.creation.bytebuddy.InlineByteBuddyMockMaker	SOURCE
org.mockito.internal.creation.bytebuddy.InlineByteBuddyMockMaker	InlineByteBuddyMockMaker()	mockitoConstruction	org.mockito.internal.creation.bytebuddy.InlineByteBuddyMockMaker	SOURCE
org.mockito.internal.creation.bytebuddy.InlineByteBuddyMockMaker	InlineByteBuddyMockMaker()	currentSpied	org.mockito.internal.creation.bytebuddy.InlineByteBuddyMockMaker	SOURCE
org.mockito.internal.creation.bytebuddy.InlineByteBuddyMockMaker	InlineByteBuddyMockMaker()	mockedConstruction	org.mockito.internal.creation.bytebuddy.InlineByteBuddyMockMaker	SOURCE
org.mockito.internal.creation.bytebuddy.InlineByteBuddyMockMaker	InlineByteBuddyMockMaker()	bytecodeGenerator	org.mockito.internal.creation.bytebuddy.InlineByteBuddyMockMaker	SOURCE
org.mockito.internal.creation.bytebuddy.InlineByteBuddyMockMaker	InlineByteBuddyMockMaker()	INSTRUMENTATION	org.mockito.internal.creation.bytebuddy.InlineByteBuddyMockMaker	SOURCE
org.mockito.internal.creation.bytebuddy.InlineByteBuddyMockMaker	InlineByteBuddyMockMaker()	mocks	org.mockito.internal.creation.bytebuddy.InlineByteBuddyMockMaker	SOURCE
org.mockito.internal.creation.bytebuddy.InlineByteBuddyMockMaker	InlineByteBuddyMockMaker()	mockedStatics	org.mockito.internal.creation.bytebuddy.InlineByteBuddyMockMaker	SOURCE
org.mockito.internal.creation.bytebuddy.InlineByteBuddyMockMaker	createSpy(org.mockito.mock.MockCreationSettings,org.mockito.invocation.MockHandler,T)	currentSpied	org.mockito.internal.creation.bytebuddy.InlineByteBuddyMockMaker	SOURCE
org.mockito.internal.creation.bytebuddy.InlineByteBuddyMockMaker	createSpy(org.mockito.mock.MockCreationSettings,org.mockito.invocation.MockHandler,T)	currentSpied	org.mockito.internal.creation.bytebuddy.InlineByteBuddyMockMaker	SOURCE
org.mockito.internal.creation.bytebuddy.InlineByteBuddyMockMaker	doCreateMock(org.mockito.mock.MockCreationSettings,org.mockito.invocation.MockHandler,boolean)	mocks	org.mockito.internal.creation.bytebuddy.InlineByteBuddyMockMaker	SOURCE
org.mockito.internal.creation.bytebuddy.InlineByteBuddyMockMaker	createMockType(org.mockito.mock.MockCreationSettings)	bytecodeGenerator	org.mockito.internal.creation.bytebuddy.InlineByteBuddyMockMaker	SOURCE
org.mockito.internal.creation.bytebuddy.InlineByteBuddyMockMaker	getHandler(java.lang.Object)	mockedStatics	org.mockito.internal.creation.bytebuddy.InlineByteBuddyMockMaker	SOURCE
org.mockito.internal.creation.bytebuddy.InlineByteBuddyMockMaker	getHandler(java.lang.Object)	mocks	org.mockito.internal.creation.bytebuddy.InlineByteBuddyMockMaker	SOURCE
org.mockito.internal.creation.bytebuddy.InlineByteBuddyMockMaker	getHandler(java.lang.Object)	handler	org.mockito.internal.creation.bytebuddy.MockMethodInterceptor	SOURCE
org.mockito.internal.creation.bytebuddy.InlineByteBuddyMockMaker	resetMock(java.lang.Object,org.mockito.invocation.MockHandler,org.mockito.mock.MockCreationSettings)	mockedStatics	org.mockito.internal.creation.bytebuddy.InlineByteBuddyMockMaker	SOURCE
org.mockito.internal.creation.bytebuddy.InlineByteBuddyMockMaker	resetMock(java.lang.Object,org.mockito.invocation.MockHandler,org.mockito.mock.MockCreationSettings)	mocks	org.mockito.internal.creation.bytebuddy.InlineByteBuddyMockMaker	SOURCE
org.mockito.internal.creation.bytebuddy.InlineByteBuddyMockMaker	resetMock(java.lang.Object,org.mockito.invocation.MockHandler,org.mockito.mock.MockCreationSettings)	mocks	org.mockito.internal.creation.bytebuddy.InlineByteBuddyMockMaker	SOURCE
org.mockito.internal.creation.bytebuddy.InlineByteBuddyMockMaker	clearMock(java.lang.Object)	target	org.mockito.internal.util.concurrent.WeakConcurrentMap	SOURCE
org.mockito.internal.creation.bytebuddy.InlineByteBuddyMockMaker	clearMock(java.lang.Object)	mockedStatics	org.mockito.internal.creation.bytebuddy.InlineByteBuddyMockMaker	SOURCE
org.mockito.internal.creation.bytebuddy.InlineByteBuddyMockMaker	clearMock(java.lang.Object)	mocks	org.mockito.internal.creation.bytebuddy.InlineByteBuddyMockMaker	SOURCE
org.mockito.internal.creation.bytebuddy.InlineByteBuddyMockMaker	clearAllMocks()	mockedStatics	org.mockito.internal.creation.bytebuddy.InlineByteBuddyMockMaker	SOURCE
org.mockito.internal.creation.bytebuddy.InlineByteBuddyMockMaker	clearAllMocks()	mocks	org.mockito.internal.creation.bytebuddy.InlineByteBuddyMockMaker	SOURCE
org.mockito.internal.creation.bytebuddy.InlineByteBuddyMockMaker$1	mockable()	INSTRUMENTATION	org.mockito.internal.creation.bytebuddy.InlineByteBuddyMockMaker	SOURCE
org.mockito.internal.creation.bytebuddy.InlineByteBuddyMockMaker$1	mockable()	EXCLUDES	org.mockito.internal.creation.bytebuddy.InlineBytecodeGenerator	SOURCE
org.mockito.internal.creation.bytebuddy.InlineByteBuddyMockMaker$1	nonMockableReason()	EXCLUDES	org.mockito.internal.creation.bytebuddy.InlineBytecodeGenerator	SOURCE
org.mockito.internal.creation.bytebuddy.InlineByteBuddyMockMaker	createStaticMock(java.lang.Class,org.mockito.mock.MockCreationSettings,org.mockito.invocation.MockHandler)	class	java.util.concurrent.ConcurrentHashMap	SOURCE
org.mockito.internal.creation.bytebuddy.InlineByteBuddyMockMaker	createStaticMock(java.lang.Class,org.mockito.mock.MockCreationSettings,org.mockito.invocation.MockHandler)	class	java.lang.Thread	SOURCE
org.mockito.internal.creation.bytebuddy.InlineByteBuddyMockMaker	createStaticMock(java.lang.Class,org.mockito.mock.MockCreationSettings,org.mockito.invocation.MockHandler)	class	java.lang.System	SOURCE
org.mockito.internal.creation.bytebuddy.InlineByteBuddyMockMaker	createStaticMock(java.lang.Class,org.mockito.mock.MockCreationSettings,org.mockito.invocation.MockHandler)	class	java.util.Arrays	SOURCE
org.mockito.internal.creation.bytebuddy.InlineByteBuddyMockMaker	createStaticMock(java.lang.Class,org.mockito.mock.MockCreationSettings,org.mockito.invocation.MockHandler)	class	java.lang.ClassLoader	SOURCE
org.mockito.internal.creation.bytebuddy.InlineByteBuddyMockMaker	createStaticMock(java.lang.Class,org.mockito.mock.MockCreationSettings,org.mockito.invocation.MockHandler)	bytecodeGenerator	org.mockito.internal.creation.bytebuddy.InlineByteBuddyMockMaker	SOURCE
org.mockito.internal.creation.bytebuddy.InlineByteBuddyMockMaker	createStaticMock(java.lang.Class,org.mockito.mock.MockCreationSettings,org.mockito.invocation.MockHandler)	mockedStatics	org.mockito.internal.creation.bytebuddy.InlineByteBuddyMockMaker	SOURCE
org.mockito.internal.creation.bytebuddy.InlineByteBuddyMockMaker	createStaticMock(java.lang.Class,org.mockito.mock.MockCreationSettings,org.mockito.invocation.MockHandler)	mockedStatics	org.mockito.internal.creation.bytebuddy.InlineByteBuddyMockMaker	SOURCE
org.mockito.internal.creation.bytebuddy.InlineByteBuddyMockMaker	createConstructionMock(java.lang.Class,java.util.function.Function,java.util.function.Function,org.mockito.MockedConstruction.MockInitializer)	class	java.lang.Object	SOURCE
org.mockito.internal.creation.bytebuddy.InlineByteBuddyMockMaker	createConstructionMock(java.lang.Class,java.util.function.Function,java.util.function.Function,org.mockito.MockedConstruction.MockInitializer)	bytecodeGenerator	org.mockito.internal.creation.bytebuddy.InlineByteBuddyMockMaker	SOURCE
org.mockito.internal.creation.bytebuddy.InlineByteBuddyMockMaker	createConstructionMock(java.lang.Class,java.util.function.Function,java.util.function.Function,org.mockito.MockedConstruction.MockInitializer)	mockedConstruction	org.mockito.internal.creation.bytebuddy.InlineByteBuddyMockMaker	SOURCE
org.mockito.internal.creation.bytebuddy.InlineByteBuddyMockMaker	createConstructionMock(java.lang.Class,java.util.function.Function,java.util.function.Function,org.mockito.MockedConstruction.MockInitializer)	mockedConstruction	org.mockito.internal.creation.bytebuddy.InlineByteBuddyMockMaker	SOURCE
org.mockito.internal.creation.bytebuddy.InlineByteBuddyMockMaker	newInstance(java.lang.Class)	length	Array	SOURCE
org.mockito.internal.creation.bytebuddy.InlineByteBuddyMockMaker	newInstance(java.lang.Class)	length	Array	SOURCE
org.mockito.internal.creation.bytebuddy.InlineByteBuddyMockMaker	newInstance(java.lang.Class)	mockitoConstruction	org.mockito.internal.creation.bytebuddy.InlineByteBuddyMockMaker	SOURCE
org.mockito.internal.creation.bytebuddy.InlineByteBuddyMockMaker	newInstance(java.lang.Class)	mockitoConstruction	org.mockito.internal.creation.bytebuddy.InlineByteBuddyMockMaker	SOURCE
org.mockito.internal.creation.bytebuddy.InlineByteBuddyMockMaker	makeStandardArgument(java.lang.Class)	class	null	SOURCE
org.mockito.internal.creation.bytebuddy.InlineByteBuddyMockMaker	makeStandardArgument(java.lang.Class)	class	null	SOURCE
org.mockito.internal.creation.bytebuddy.InlineByteBuddyMockMaker	makeStandardArgument(java.lang.Class)	class	null	SOURCE
org.mockito.internal.creation.bytebuddy.InlineByteBuddyMockMaker	makeStandardArgument(java.lang.Class)	class	null	SOURCE
org.mockito.internal.creation.bytebuddy.InlineByteBuddyMockMaker	makeStandardArgument(java.lang.Class)	class	null	SOURCE
org.mockito.internal.creation.bytebuddy.InlineByteBuddyMockMaker	makeStandardArgument(java.lang.Class)	class	null	SOURCE
org.mockito.internal.creation.bytebuddy.InlineByteBuddyMockMaker	makeStandardArgument(java.lang.Class)	class	null	SOURCE
org.mockito.internal.creation.bytebuddy.InlineByteBuddyMockMaker	makeStandardArgument(java.lang.Class)	class	null	SOURCE
org.mockito.internal.creation.bytebuddy.InlineByteBuddyMockMaker$InlineStaticMockControl	InlineStaticMockControl(java.lang.Class,java.util.Map,org.mockito.mock.MockCreationSettings,org.mockito.invocation.MockHandler)	type	org.mockito.internal.creation.bytebuddy.InlineByteBuddyMockMaker$InlineStaticMockControl	SOURCE
org.mockito.internal.creation.bytebuddy.InlineByteBuddyMockMaker$InlineStaticMockControl	InlineStaticMockControl(java.lang.Class,java.util.Map,org.mockito.mock.MockCreationSettings,org.mockito.invocation.MockHandler)	this	org.mockito.internal.creation.bytebuddy.InlineByteBuddyMockMaker$InlineStaticMockControl	SOURCE
org.mockito.internal.creation.bytebuddy.InlineByteBuddyMockMaker$InlineStaticMockControl	InlineStaticMockControl(java.lang.Class,java.util.Map,org.mockito.mock.MockCreationSettings,org.mockito.invocation.MockHandler)	interceptors	org.mockito.internal.creation.bytebuddy.InlineByteBuddyMockMaker$InlineStaticMockControl	SOURCE
org.mockito.internal.creation.bytebuddy.InlineByteBuddyMockMaker$InlineStaticMockControl	InlineStaticMockControl(java.lang.Class,java.util.Map,org.mockito.mock.MockCreationSettings,org.mockito.invocation.MockHandler)	this	org.mockito.internal.creation.bytebuddy.InlineByteBuddyMockMaker$InlineStaticMockControl	SOURCE
org.mockito.internal.creation.bytebuddy.InlineByteBuddyMockMaker$InlineStaticMockControl	InlineStaticMockControl(java.lang.Class,java.util.Map,org.mockito.mock.MockCreationSettings,org.mockito.invocation.MockHandler)	settings	org.mockito.internal.creation.bytebuddy.InlineByteBuddyMockMaker$InlineStaticMockControl	SOURCE
org.mockito.internal.creation.bytebuddy.InlineByteBuddyMockMaker$InlineStaticMockControl	InlineStaticMockControl(java.lang.Class,java.util.Map,org.mockito.mock.MockCreationSettings,org.mockito.invocation.MockHandler)	this	org.mockito.internal.creation.bytebuddy.InlineByteBuddyMockMaker$InlineStaticMockControl	SOURCE
org.mockito.internal.creation.bytebuddy.InlineByteBuddyMockMaker$InlineStaticMockControl	InlineStaticMockControl(java.lang.Class,java.util.Map,org.mockito.mock.MockCreationSettings,org.mockito.invocation.MockHandler)	handler	org.mockito.internal.creation.bytebuddy.InlineByteBuddyMockMaker$InlineStaticMockControl	SOURCE
org.mockito.internal.creation.bytebuddy.InlineByteBuddyMockMaker$InlineStaticMockControl	InlineStaticMockControl(java.lang.Class,java.util.Map,org.mockito.mock.MockCreationSettings,org.mockito.invocation.MockHandler)	this	org.mockito.internal.creation.bytebuddy.InlineByteBuddyMockMaker$InlineStaticMockControl	SOURCE
org.mockito.internal.creation.bytebuddy.InlineByteBuddyMockMaker$InlineStaticMockControl	getType()	type	org.mockito.internal.creation.bytebuddy.InlineByteBuddyMockMaker$InlineStaticMockControl	SOURCE
org.mockito.internal.creation.bytebuddy.InlineByteBuddyMockMaker$InlineStaticMockControl	enable()	interceptors	org.mockito.internal.creation.bytebuddy.InlineByteBuddyMockMaker$InlineStaticMockControl	SOURCE
org.mockito.internal.creation.bytebuddy.InlineByteBuddyMockMaker$InlineStaticMockControl	enable()	type	org.mockito.internal.creation.bytebuddy.InlineByteBuddyMockMaker$InlineStaticMockControl	SOURCE
org.mockito.internal.creation.bytebuddy.InlineByteBuddyMockMaker$InlineStaticMockControl	enable()	handler	org.mockito.internal.creation.bytebuddy.InlineByteBuddyMockMaker$InlineStaticMockControl	SOURCE
org.mockito.internal.creation.bytebuddy.InlineByteBuddyMockMaker$InlineStaticMockControl	enable()	settings	org.mockito.internal.creation.bytebuddy.InlineByteBuddyMockMaker$InlineStaticMockControl	SOURCE
org.mockito.internal.creation.bytebuddy.InlineByteBuddyMockMaker$InlineStaticMockControl	enable()	type	org.mockito.internal.creation.bytebuddy.InlineByteBuddyMockMaker$InlineStaticMockControl	SOURCE
org.mockito.internal.creation.bytebuddy.InlineByteBuddyMockMaker$InlineStaticMockControl	disable()	interceptors	org.mockito.internal.creation.bytebuddy.InlineByteBuddyMockMaker$InlineStaticMockControl	SOURCE
org.mockito.internal.creation.bytebuddy.InlineByteBuddyMockMaker$InlineStaticMockControl	disable()	type	org.mockito.internal.creation.bytebuddy.InlineByteBuddyMockMaker$InlineStaticMockControl	SOURCE
org.mockito.internal.creation.bytebuddy.InlineByteBuddyMockMaker$InlineStaticMockControl	disable()	type	org.mockito.internal.creation.bytebuddy.InlineByteBuddyMockMaker$InlineStaticMockControl	SOURCE
org.mockito.internal.creation.bytebuddy.InlineByteBuddyMockMaker$InlineStaticMockControl	disable()	type	org.mockito.internal.creation.bytebuddy.InlineByteBuddyMockMaker$InlineStaticMockControl	SOURCE
org.mockito.internal.creation.bytebuddy.InlineByteBuddyMockMaker$InlineConstructionMockControl	InlineConstructionMockControl(java.lang.Class,java.util.function.Function,java.util.function.Function,org.mockito.MockedConstruction.MockInitializer,java.util.Map)	type	org.mockito.internal.creation.bytebuddy.InlineByteBuddyMockMaker$InlineConstructionMockControl	SOURCE
org.mockito.internal.creation.bytebuddy.InlineByteBuddyMockMaker$InlineConstructionMockControl	InlineConstructionMockControl(java.lang.Class,java.util.function.Function,java.util.function.Function,org.mockito.MockedConstruction.MockInitializer,java.util.Map)	this	org.mockito.internal.creation.bytebuddy.InlineByteBuddyMockMaker$InlineConstructionMockControl	SOURCE
org.mockito.internal.creation.bytebuddy.InlineByteBuddyMockMaker$InlineConstructionMockControl	InlineConstructionMockControl(java.lang.Class,java.util.function.Function,java.util.function.Function,org.mockito.MockedConstruction.MockInitializer,java.util.Map)	settingsFactory	org.mockito.internal.creation.bytebuddy.InlineByteBuddyMockMaker$InlineConstructionMockControl	SOURCE
org.mockito.internal.creation.bytebuddy.InlineByteBuddyMockMaker$InlineConstructionMockControl	InlineConstructionMockControl(java.lang.Class,java.util.function.Function,java.util.function.Function,org.mockito.MockedConstruction.MockInitializer,java.util.Map)	this	org.mockito.internal.creation.bytebuddy.InlineByteBuddyMockMaker$InlineConstructionMockControl	SOURCE
org.mockito.internal.creation.bytebuddy.InlineByteBuddyMockMaker$InlineConstructionMockControl	InlineConstructionMockControl(java.lang.Class,java.util.function.Function,java.util.function.Function,org.mockito.MockedConstruction.MockInitializer,java.util.Map)	handlerFactory	org.mockito.internal.creation.bytebuddy.InlineByteBuddyMockMaker$InlineConstructionMockControl	SOURCE
org.mockito.internal.creation.bytebuddy.InlineByteBuddyMockMaker$InlineConstructionMockControl	InlineConstructionMockControl(java.lang.Class,java.util.function.Function,java.util.function.Function,org.mockito.MockedConstruction.MockInitializer,java.util.Map)	this	org.mockito.internal.creation.bytebuddy.InlineByteBuddyMockMaker$InlineConstructionMockControl	SOURCE
org.mockito.internal.creation.bytebuddy.InlineByteBuddyMockMaker$InlineConstructionMockControl	InlineConstructionMockControl(java.lang.Class,java.util.function.Function,java.util.function.Function,org.mockito.MockedConstruction.MockInitializer,java.util.Map)	mockInitializer	org.mockito.internal.creation.bytebuddy.InlineByteBuddyMockMaker$InlineConstructionMockControl	SOURCE
org.mockito.internal.creation.bytebuddy.InlineByteBuddyMockMaker$InlineConstructionMockControl	InlineConstructionMockControl(java.lang.Class,java.util.function.Function,java.util.function.Function,org.mockito.MockedConstruction.MockInitializer,java.util.Map)	this	org.mockito.internal.creation.bytebuddy.InlineByteBuddyMockMaker$InlineConstructionMockControl	SOURCE
org.mockito.internal.creation.bytebuddy.InlineByteBuddyMockMaker$InlineConstructionMockControl	InlineConstructionMockControl(java.lang.Class,java.util.function.Function,java.util.function.Function,org.mockito.MockedConstruction.MockInitializer,java.util.Map)	interceptors	org.mockito.internal.creation.bytebuddy.InlineByteBuddyMockMaker$InlineConstructionMockControl	SOURCE
org.mockito.internal.creation.bytebuddy.InlineByteBuddyMockMaker$InlineConstructionMockControl	InlineConstructionMockControl(java.lang.Class,java.util.function.Function,java.util.function.Function,org.mockito.MockedConstruction.MockInitializer,java.util.Map)	this	org.mockito.internal.creation.bytebuddy.InlineByteBuddyMockMaker$InlineConstructionMockControl	SOURCE
org.mockito.internal.creation.bytebuddy.InlineByteBuddyMockMaker$InlineConstructionMockControl	getType()	type	org.mockito.internal.creation.bytebuddy.InlineByteBuddyMockMaker$InlineConstructionMockControl	SOURCE
org.mockito.internal.creation.bytebuddy.InlineByteBuddyMockMaker$InlineConstructionMockControl	enable()	interceptors	org.mockito.internal.creation.bytebuddy.InlineByteBuddyMockMaker$InlineConstructionMockControl	SOURCE
org.mockito.internal.creation.bytebuddy.InlineByteBuddyMockMaker$InlineConstructionMockControl	enable()	type	org.mockito.internal.creation.bytebuddy.InlineByteBuddyMockMaker$InlineConstructionMockControl	SOURCE
org.mockito.internal.creation.bytebuddy.InlineByteBuddyMockMaker$InlineConstructionMockControl	enable()	count	org.mockito.internal.creation.bytebuddy.InlineByteBuddyMockMaker$InlineConstructionMockContext	SOURCE
org.mockito.internal.creation.bytebuddy.InlineByteBuddyMockMaker$InlineConstructionMockControl	enable()	count	org.mockito.internal.creation.bytebuddy.InlineByteBuddyMockMaker$InlineConstructionMockControl	SOURCE
org.mockito.internal.creation.bytebuddy.InlineByteBuddyMockMaker$InlineConstructionMockControl	enable()	handlerFactory	org.mockito.internal.creation.bytebuddy.InlineByteBuddyMockMaker$InlineConstructionMockControl	SOURCE
org.mockito.internal.creation.bytebuddy.InlineByteBuddyMockMaker$InlineConstructionMockControl	enable()	settingsFactory	org.mockito.internal.creation.bytebuddy.InlineByteBuddyMockMaker$InlineConstructionMockControl	SOURCE
org.mockito.internal.creation.bytebuddy.InlineByteBuddyMockMaker$InlineConstructionMockControl	enable()	mocks	org.mockito.internal.creation.bytebuddy.InlineByteBuddyMockMaker	SOURCE
org.mockito.internal.creation.bytebuddy.InlineByteBuddyMockMaker$InlineConstructionMockControl	enable()	mockInitializer	org.mockito.internal.creation.bytebuddy.InlineByteBuddyMockMaker$InlineConstructionMockControl	SOURCE
org.mockito.internal.creation.bytebuddy.InlineByteBuddyMockMaker$InlineConstructionMockControl	enable()	mocks	org.mockito.internal.creation.bytebuddy.InlineByteBuddyMockMaker	SOURCE
org.mockito.internal.creation.bytebuddy.InlineByteBuddyMockMaker$InlineConstructionMockControl	enable()	all	org.mockito.internal.creation.bytebuddy.InlineByteBuddyMockMaker$InlineConstructionMockControl	SOURCE
org.mockito.internal.creation.bytebuddy.InlineByteBuddyMockMaker$InlineConstructionMockControl	enable()	type	org.mockito.internal.creation.bytebuddy.InlineByteBuddyMockMaker$InlineConstructionMockControl	SOURCE
org.mockito.internal.creation.bytebuddy.InlineByteBuddyMockMaker$InlineConstructionMockControl	disable()	interceptors	org.mockito.internal.creation.bytebuddy.InlineByteBuddyMockMaker$InlineConstructionMockControl	SOURCE
org.mockito.internal.creation.bytebuddy.InlineByteBuddyMockMaker$InlineConstructionMockControl	disable()	type	org.mockito.internal.creation.bytebuddy.InlineByteBuddyMockMaker$InlineConstructionMockControl	SOURCE
org.mockito.internal.creation.bytebuddy.InlineByteBuddyMockMaker$InlineConstructionMockControl	disable()	type	org.mockito.internal.creation.bytebuddy.InlineByteBuddyMockMaker$InlineConstructionMockControl	SOURCE
org.mockito.internal.creation.bytebuddy.InlineByteBuddyMockMaker$InlineConstructionMockControl	disable()	type	org.mockito.internal.creation.bytebuddy.InlineByteBuddyMockMaker$InlineConstructionMockControl	SOURCE
org.mockito.internal.creation.bytebuddy.InlineByteBuddyMockMaker$InlineConstructionMockControl	disable()	all	org.mockito.internal.creation.bytebuddy.InlineByteBuddyMockMaker$InlineConstructionMockControl	SOURCE
org.mockito.internal.creation.bytebuddy.InlineByteBuddyMockMaker$InlineConstructionMockControl	getMocks()	all	org.mockito.internal.creation.bytebuddy.InlineByteBuddyMockMaker$InlineConstructionMockControl	SOURCE
org.mockito.internal.creation.bytebuddy.InlineByteBuddyMockMaker$InlineConstructionMockContext	PRIMITIVES	PRIMITIVES	org.mockito.internal.creation.bytebuddy.InlineByteBuddyMockMaker$InlineConstructionMockContext	SOURCE
org.mockito.internal.creation.bytebuddy.InlineByteBuddyMockMaker$InlineConstructionMockContext	null	class	null	SOURCE
org.mockito.internal.creation.bytebuddy.InlineByteBuddyMockMaker$InlineConstructionMockContext	null	class	null	SOURCE
org.mockito.internal.creation.bytebuddy.InlineByteBuddyMockMaker$InlineConstructionMockContext	PRIMITIVES	PRIMITIVES	org.mockito.internal.creation.bytebuddy.InlineByteBuddyMockMaker$InlineConstructionMockContext	SOURCE
org.mockito.internal.creation.bytebuddy.InlineByteBuddyMockMaker$InlineConstructionMockContext	null	class	null	SOURCE
org.mockito.internal.creation.bytebuddy.InlineByteBuddyMockMaker$InlineConstructionMockContext	null	class	null	SOURCE
org.mockito.internal.creation.bytebuddy.InlineByteBuddyMockMaker$InlineConstructionMockContext	PRIMITIVES	PRIMITIVES	org.mockito.internal.creation.bytebuddy.InlineByteBuddyMockMaker$InlineConstructionMockContext	SOURCE
org.mockito.internal.creation.bytebuddy.InlineByteBuddyMockMaker$InlineConstructionMockContext	null	class	null	SOURCE
org.mockito.internal.creation.bytebuddy.InlineByteBuddyMockMaker$InlineConstructionMockContext	null	class	null	SOURCE
org.mockito.internal.creation.bytebuddy.InlineByteBuddyMockMaker$InlineConstructionMockContext	PRIMITIVES	PRIMITIVES	org.mockito.internal.creation.bytebuddy.InlineByteBuddyMockMaker$InlineConstructionMockContext	SOURCE
org.mockito.internal.creation.bytebuddy.InlineByteBuddyMockMaker$InlineConstructionMockContext	null	class	null	SOURCE
org.mockito.internal.creation.bytebuddy.InlineByteBuddyMockMaker$InlineConstructionMockContext	null	class	null	SOURCE
org.mockito.internal.creation.bytebuddy.InlineByteBuddyMockMaker$InlineConstructionMockContext	PRIMITIVES	PRIMITIVES	org.mockito.internal.creation.bytebuddy.InlineByteBuddyMockMaker$InlineConstructionMockContext	SOURCE
org.mockito.internal.creation.bytebuddy.InlineByteBuddyMockMaker$InlineConstructionMockContext	null	class	null	SOURCE
org.mockito.internal.creation.bytebuddy.InlineByteBuddyMockMaker$InlineConstructionMockContext	null	class	null	SOURCE
org.mockito.internal.creation.bytebuddy.InlineByteBuddyMockMaker$InlineConstructionMockContext	PRIMITIVES	PRIMITIVES	org.mockito.internal.creation.bytebuddy.InlineByteBuddyMockMaker$InlineConstructionMockContext	SOURCE
org.mockito.internal.creation.bytebuddy.InlineByteBuddyMockMaker$InlineConstructionMockContext	null	class	null	SOURCE
org.mockito.internal.creation.bytebuddy.InlineByteBuddyMockMaker$InlineConstructionMockContext	null	class	null	SOURCE
org.mockito.internal.creation.bytebuddy.InlineByteBuddyMockMaker$InlineConstructionMockContext	PRIMITIVES	PRIMITIVES	org.mockito.internal.creation.bytebuddy.InlineByteBuddyMockMaker$InlineConstructionMockContext	SOURCE
org.mockito.internal.creation.bytebuddy.InlineByteBuddyMockMaker$InlineConstructionMockContext	null	class	null	SOURCE
org.mockito.internal.creation.bytebuddy.InlineByteBuddyMockMaker$InlineConstructionMockContext	null	class	null	SOURCE
org.mockito.internal.creation.bytebuddy.InlineByteBuddyMockMaker$InlineConstructionMockContext	PRIMITIVES	PRIMITIVES	org.mockito.internal.creation.bytebuddy.InlineByteBuddyMockMaker$InlineConstructionMockContext	SOURCE
org.mockito.internal.creation.bytebuddy.InlineByteBuddyMockMaker$InlineConstructionMockContext	null	class	null	SOURCE
org.mockito.internal.creation.bytebuddy.InlineByteBuddyMockMaker$InlineConstructionMockContext	null	class	null	SOURCE
org.mockito.internal.creation.bytebuddy.InlineByteBuddyMockMaker$InlineConstructionMockContext	InlineConstructionMockContext(java.lang.Object[],java.lang.Class,java.lang.String[])	arguments	org.mockito.internal.creation.bytebuddy.InlineByteBuddyMockMaker$InlineConstructionMockContext	SOURCE
org.mockito.internal.creation.bytebuddy.InlineByteBuddyMockMaker$InlineConstructionMockContext	InlineConstructionMockContext(java.lang.Object[],java.lang.Class,java.lang.String[])	this	org.mockito.internal.creation.bytebuddy.InlineByteBuddyMockMaker$InlineConstructionMockContext	SOURCE
org.mockito.internal.creation.bytebuddy.InlineByteBuddyMockMaker$InlineConstructionMockContext	InlineConstructionMockContext(java.lang.Object[],java.lang.Class,java.lang.String[])	type	org.mockito.internal.creation.bytebuddy.InlineByteBuddyMockMaker$InlineConstructionMockContext	SOURCE
org.mockito.internal.creation.bytebuddy.InlineByteBuddyMockMaker$InlineConstructionMockContext	InlineConstructionMockContext(java.lang.Object[],java.lang.Class,java.lang.String[])	this	org.mockito.internal.creation.bytebuddy.InlineByteBuddyMockMaker$InlineConstructionMockContext	SOURCE
org.mockito.internal.creation.bytebuddy.InlineByteBuddyMockMaker$InlineConstructionMockContext	InlineConstructionMockContext(java.lang.Object[],java.lang.Class,java.lang.String[])	parameterTypeNames	org.mockito.internal.creation.bytebuddy.InlineByteBuddyMockMaker$InlineConstructionMockContext	SOURCE
org.mockito.internal.creation.bytebuddy.InlineByteBuddyMockMaker$InlineConstructionMockContext	InlineConstructionMockContext(java.lang.Object[],java.lang.Class,java.lang.String[])	this	org.mockito.internal.creation.bytebuddy.InlineByteBuddyMockMaker$InlineConstructionMockContext	SOURCE
org.mockito.internal.creation.bytebuddy.InlineByteBuddyMockMaker$InlineConstructionMockContext	getCount()	count	org.mockito.internal.creation.bytebuddy.InlineByteBuddyMockMaker$InlineConstructionMockContext	SOURCE
org.mockito.internal.creation.bytebuddy.InlineByteBuddyMockMaker$InlineConstructionMockContext	getCount()	count	org.mockito.internal.creation.bytebuddy.InlineByteBuddyMockMaker$InlineConstructionMockContext	SOURCE
org.mockito.internal.creation.bytebuddy.InlineByteBuddyMockMaker$InlineConstructionMockContext	constructor()	length	Array	SOURCE
org.mockito.internal.creation.bytebuddy.InlineByteBuddyMockMaker$InlineConstructionMockContext	constructor()	parameterTypeNames	org.mockito.internal.creation.bytebuddy.InlineByteBuddyMockMaker$InlineConstructionMockContext	SOURCE
org.mockito.internal.creation.bytebuddy.InlineByteBuddyMockMaker$InlineConstructionMockContext	constructor()	parameterTypeNames	org.mockito.internal.creation.bytebuddy.InlineByteBuddyMockMaker$InlineConstructionMockContext	SOURCE
org.mockito.internal.creation.bytebuddy.InlineByteBuddyMockMaker$InlineConstructionMockContext	constructor()	PRIMITIVES	org.mockito.internal.creation.bytebuddy.InlineByteBuddyMockMaker$InlineConstructionMockContext	SOURCE
org.mockito.internal.creation.bytebuddy.InlineByteBuddyMockMaker$InlineConstructionMockContext	constructor()	PRIMITIVES	org.mockito.internal.creation.bytebuddy.InlineByteBuddyMockMaker$InlineConstructionMockContext	SOURCE
org.mockito.internal.creation.bytebuddy.InlineByteBuddyMockMaker$InlineConstructionMockContext	constructor()	type	org.mockito.internal.creation.bytebuddy.InlineByteBuddyMockMaker$InlineConstructionMockContext	SOURCE
org.mockito.internal.creation.bytebuddy.InlineByteBuddyMockMaker$InlineConstructionMockContext	constructor()	type	org.mockito.internal.creation.bytebuddy.InlineByteBuddyMockMaker$InlineConstructionMockContext	SOURCE
org.mockito.internal.creation.bytebuddy.InlineByteBuddyMockMaker$InlineConstructionMockContext	constructor()	type	org.mockito.internal.creation.bytebuddy.InlineByteBuddyMockMaker$InlineConstructionMockContext	SOURCE
org.mockito.internal.creation.bytebuddy.InlineByteBuddyMockMaker$InlineConstructionMockContext	arguments()	arguments	org.mockito.internal.creation.bytebuddy.InlineByteBuddyMockMaker$InlineConstructionMockContext	SOURCE
org.mockito.internal.creation.bytebuddy.ByteBuddyMockMaker	createMock(org.mockito.mock.MockCreationSettings,org.mockito.invocation.MockHandler)	defaultByteBuddyMockMaker	org.mockito.internal.creation.bytebuddy.ByteBuddyMockMaker	SOURCE
org.mockito.internal.creation.bytebuddy.ByteBuddyMockMaker	createSpy(org.mockito.mock.MockCreationSettings,org.mockito.invocation.MockHandler,T)	defaultByteBuddyMockMaker	org.mockito.internal.creation.bytebuddy.ByteBuddyMockMaker	SOURCE
org.mockito.internal.creation.bytebuddy.ByteBuddyMockMaker	createMockType(org.mockito.mock.MockCreationSettings)	defaultByteBuddyMockMaker	org.mockito.internal.creation.bytebuddy.ByteBuddyMockMaker	SOURCE
org.mockito.internal.creation.bytebuddy.ByteBuddyMockMaker	getHandler(java.lang.Object)	defaultByteBuddyMockMaker	org.mockito.internal.creation.bytebuddy.ByteBuddyMockMaker	SOURCE
org.mockito.internal.creation.bytebuddy.ByteBuddyMockMaker	resetMock(java.lang.Object,org.mockito.invocation.MockHandler,org.mockito.mock.MockCreationSettings)	defaultByteBuddyMockMaker	org.mockito.internal.creation.bytebuddy.ByteBuddyMockMaker	SOURCE
org.mockito.internal.creation.bytebuddy.ByteBuddyMockMaker	isTypeMockable(java.lang.Class)	defaultByteBuddyMockMaker	org.mockito.internal.creation.bytebuddy.ByteBuddyMockMaker	SOURCE
org.mockito.internal.creation.bytebuddy.ByteBuddyMockMaker	createStaticMock(java.lang.Class,org.mockito.mock.MockCreationSettings,org.mockito.invocation.MockHandler)	defaultByteBuddyMockMaker	org.mockito.internal.creation.bytebuddy.ByteBuddyMockMaker	SOURCE
org.mockito.internal.creation.bytebuddy.ByteBuddyMockMaker	createConstructionMock(java.lang.Class,java.util.function.Function,java.util.function.Function,org.mockito.MockedConstruction.MockInitializer)	defaultByteBuddyMockMaker	org.mockito.internal.creation.bytebuddy.ByteBuddyMockMaker	SOURCE
org.mockito.internal.creation.bytebuddy.MockMethodAdvice	MockMethodAdvice(org.mockito.internal.util.concurrent.WeakConcurrentMap,org.mockito.internal.util.concurrent.DetachedThreadLocal,java.lang.String,java.util.function.Predicate,org.mockito.internal.creation.bytebuddy.ConstructionCallback)	interceptors	org.mockito.internal.creation.bytebuddy.MockMethodAdvice	SOURCE
org.mockito.internal.creation.bytebuddy.MockMethodAdvice	MockMethodAdvice(org.mockito.internal.util.concurrent.WeakConcurrentMap,org.mockito.internal.util.concurrent.DetachedThreadLocal,java.lang.String,java.util.function.Predicate,org.mockito.internal.creation.bytebuddy.ConstructionCallback)	this	org.mockito.internal.creation.bytebuddy.MockMethodAdvice	SOURCE
org.mockito.internal.creation.bytebuddy.MockMethodAdvice	MockMethodAdvice(org.mockito.internal.util.concurrent.WeakConcurrentMap,org.mockito.internal.util.concurrent.DetachedThreadLocal,java.lang.String,java.util.function.Predicate,org.mockito.internal.creation.bytebuddy.ConstructionCallback)	mockedStatics	org.mockito.internal.creation.bytebuddy.MockMethodAdvice	SOURCE
org.mockito.internal.creation.bytebuddy.MockMethodAdvice	MockMethodAdvice(org.mockito.internal.util.concurrent.WeakConcurrentMap,org.mockito.internal.util.concurrent.DetachedThreadLocal,java.lang.String,java.util.function.Predicate,org.mockito.internal.creation.bytebuddy.ConstructionCallback)	this	org.mockito.internal.creation.bytebuddy.MockMethodAdvice	SOURCE
org.mockito.internal.creation.bytebuddy.MockMethodAdvice	MockMethodAdvice(org.mockito.internal.util.concurrent.WeakConcurrentMap,org.mockito.internal.util.concurrent.DetachedThreadLocal,java.lang.String,java.util.function.Predicate,org.mockito.internal.creation.bytebuddy.ConstructionCallback)	onConstruction	org.mockito.internal.creation.bytebuddy.MockMethodAdvice	SOURCE
org.mockito.internal.creation.bytebuddy.MockMethodAdvice	MockMethodAdvice(org.mockito.internal.util.concurrent.WeakConcurrentMap,org.mockito.internal.util.concurrent.DetachedThreadLocal,java.lang.String,java.util.function.Predicate,org.mockito.internal.creation.bytebuddy.ConstructionCallback)	this	org.mockito.internal.creation.bytebuddy.MockMethodAdvice	SOURCE
org.mockito.internal.creation.bytebuddy.MockMethodAdvice	MockMethodAdvice(org.mockito.internal.util.concurrent.WeakConcurrentMap,org.mockito.internal.util.concurrent.DetachedThreadLocal,java.lang.String,java.util.function.Predicate,org.mockito.internal.creation.bytebuddy.ConstructionCallback)	identifier	org.mockito.internal.creation.bytebuddy.MockMethodAdvice	SOURCE
org.mockito.internal.creation.bytebuddy.MockMethodAdvice	MockMethodAdvice(org.mockito.internal.util.concurrent.WeakConcurrentMap,org.mockito.internal.util.concurrent.DetachedThreadLocal,java.lang.String,java.util.function.Predicate,org.mockito.internal.creation.bytebuddy.ConstructionCallback)	this	org.mockito.internal.creation.bytebuddy.MockMethodAdvice	SOURCE
org.mockito.internal.creation.bytebuddy.MockMethodAdvice	MockMethodAdvice(org.mockito.internal.util.concurrent.WeakConcurrentMap,org.mockito.internal.util.concurrent.DetachedThreadLocal,java.lang.String,java.util.function.Predicate,org.mockito.internal.creation.bytebuddy.ConstructionCallback)	isMockConstruction	org.mockito.internal.creation.bytebuddy.MockMethodAdvice	SOURCE
org.mockito.internal.creation.bytebuddy.MockMethodAdvice	MockMethodAdvice(org.mockito.internal.util.concurrent.WeakConcurrentMap,org.mockito.internal.util.concurrent.DetachedThreadLocal,java.lang.String,java.util.function.Predicate,org.mockito.internal.creation.bytebuddy.ConstructionCallback)	this	org.mockito.internal.creation.bytebuddy.MockMethodAdvice	SOURCE
org.mockito.internal.creation.bytebuddy.MockMethodAdvice	enter(java.lang.String,java.lang.Object,java.lang.reflect.Method,java.lang.Object[])	class	net.bytebuddy.asm.Advice$OnNonDefaultValue	SOURCE
org.mockito.internal.creation.bytebuddy.MockMethodAdvice	hideRecursiveCall(java.lang.Throwable,int,java.lang.Class)	length	Array	SOURCE
org.mockito.internal.creation.bytebuddy.MockMethodAdvice	hideRecursiveCall(java.lang.Throwable,int,java.lang.Class)	length	Array	SOURCE
org.mockito.internal.creation.bytebuddy.MockMethodAdvice	hideRecursiveCall(java.lang.Throwable,int,java.lang.Class)	length	Array	SOURCE
org.mockito.internal.creation.bytebuddy.MockMethodAdvice	handle(java.lang.Object,java.lang.reflect.Method,java.lang.Object[])	interceptors	org.mockito.internal.creation.bytebuddy.MockMethodAdvice	SOURCE
org.mockito.internal.creation.bytebuddy.MockMethodAdvice	handle(java.lang.Object,java.lang.reflect.Method,java.lang.Object[])	identifier	org.mockito.internal.creation.bytebuddy.MockMethodAdvice	SOURCE
org.mockito.internal.creation.bytebuddy.MockMethodAdvice	handle(java.lang.Object,java.lang.reflect.Method,java.lang.Object[])	selfCallInfo	org.mockito.internal.creation.bytebuddy.MockMethodAdvice	SOURCE
org.mockito.internal.creation.bytebuddy.MockMethodAdvice	handleStatic(java.lang.Class,java.lang.reflect.Method,java.lang.Object[])	mockedStatics	org.mockito.internal.creation.bytebuddy.MockMethodAdvice	SOURCE
org.mockito.internal.creation.bytebuddy.MockMethodAdvice	handleStatic(java.lang.Class,java.lang.reflect.Method,java.lang.Object[])	selfCallInfo	org.mockito.internal.creation.bytebuddy.MockMethodAdvice	SOURCE
org.mockito.internal.creation.bytebuddy.MockMethodAdvice	handleConstruction(java.lang.Class,java.lang.Object,java.lang.Object[],java.lang.String[])	onConstruction	org.mockito.internal.creation.bytebuddy.MockMethodAdvice	SOURCE
org.mockito.internal.creation.bytebuddy.MockMethodAdvice	isMock(java.lang.Object)	target	org.mockito.internal.util.concurrent.WeakConcurrentMap	SOURCE
org.mockito.internal.creation.bytebuddy.MockMethodAdvice	isMock(java.lang.Object)	interceptors	org.mockito.internal.creation.bytebuddy.MockMethodAdvice	SOURCE
org.mockito.internal.creation.bytebuddy.MockMethodAdvice	isMock(java.lang.Object)	interceptors	org.mockito.internal.creation.bytebuddy.MockMethodAdvice	SOURCE
org.mockito.internal.creation.bytebuddy.MockMethodAdvice	isMocked(java.lang.Object)	selfCallInfo	org.mockito.internal.creation.bytebuddy.MockMethodAdvice	SOURCE
org.mockito.internal.creation.bytebuddy.MockMethodAdvice	isMockedStatic(java.lang.Class)	selfCallInfo	org.mockito.internal.creation.bytebuddy.MockMethodAdvice	SOURCE
org.mockito.internal.creation.bytebuddy.MockMethodAdvice	isMockedStatic(java.lang.Class)	mockedStatics	org.mockito.internal.creation.bytebuddy.MockMethodAdvice	SOURCE
org.mockito.internal.creation.bytebuddy.MockMethodAdvice	isOverridden(java.lang.Object,java.lang.reflect.Method)	graphs	org.mockito.internal.creation.bytebuddy.MockMethodAdvice	SOURCE
org.mockito.internal.creation.bytebuddy.MockMethodAdvice	isOverridden(java.lang.Object,java.lang.reflect.Method)	compiler	org.mockito.internal.creation.bytebuddy.MockMethodAdvice	SOURCE
org.mockito.internal.creation.bytebuddy.MockMethodAdvice	isOverridden(java.lang.Object,java.lang.reflect.Method)	graphs	org.mockito.internal.creation.bytebuddy.MockMethodAdvice	SOURCE
org.mockito.internal.creation.bytebuddy.MockMethodAdvice	isConstructorMock(java.lang.Class)	isMockConstruction	org.mockito.internal.creation.bytebuddy.MockMethodAdvice	SOURCE
org.mockito.internal.creation.bytebuddy.MockMethodAdvice$RealMethodCall	RealMethodCall(org.mockito.internal.creation.bytebuddy.MockMethodAdvice.SelfCallInfo,java.lang.reflect.Method,java.lang.Object,java.lang.Object[])	selfCallInfo	org.mockito.internal.creation.bytebuddy.MockMethodAdvice$RealMethodCall	SOURCE
org.mockito.internal.creation.bytebuddy.MockMethodAdvice$RealMethodCall	RealMethodCall(org.mockito.internal.creation.bytebuddy.MockMethodAdvice.SelfCallInfo,java.lang.reflect.Method,java.lang.Object,java.lang.Object[])	this	org.mockito.internal.creation.bytebuddy.MockMethodAdvice$RealMethodCall	SOURCE
org.mockito.internal.creation.bytebuddy.MockMethodAdvice$RealMethodCall	RealMethodCall(org.mockito.internal.creation.bytebuddy.MockMethodAdvice.SelfCallInfo,java.lang.reflect.Method,java.lang.Object,java.lang.Object[])	origin	org.mockito.internal.creation.bytebuddy.MockMethodAdvice$RealMethodCall	SOURCE
org.mockito.internal.creation.bytebuddy.MockMethodAdvice$RealMethodCall	RealMethodCall(org.mockito.internal.creation.bytebuddy.MockMethodAdvice.SelfCallInfo,java.lang.reflect.Method,java.lang.Object,java.lang.Object[])	this	org.mockito.internal.creation.bytebuddy.MockMethodAdvice$RealMethodCall	SOURCE
org.mockito.internal.creation.bytebuddy.MockMethodAdvice$RealMethodCall	RealMethodCall(org.mockito.internal.creation.bytebuddy.MockMethodAdvice.SelfCallInfo,java.lang.reflect.Method,java.lang.Object,java.lang.Object[])	instanceRef	org.mockito.internal.creation.bytebuddy.MockMethodAdvice$RealMethodCall	SOURCE
org.mockito.internal.creation.bytebuddy.MockMethodAdvice$RealMethodCall	RealMethodCall(org.mockito.internal.creation.bytebuddy.MockMethodAdvice.SelfCallInfo,java.lang.reflect.Method,java.lang.Object,java.lang.Object[])	this	org.mockito.internal.creation.bytebuddy.MockMethodAdvice$RealMethodCall	SOURCE
org.mockito.internal.creation.bytebuddy.MockMethodAdvice$RealMethodCall	RealMethodCall(org.mockito.internal.creation.bytebuddy.MockMethodAdvice.SelfCallInfo,java.lang.reflect.Method,java.lang.Object,java.lang.Object[])	arguments	org.mockito.internal.creation.bytebuddy.MockMethodAdvice$RealMethodCall	SOURCE
org.mockito.internal.creation.bytebuddy.MockMethodAdvice$RealMethodCall	RealMethodCall(org.mockito.internal.creation.bytebuddy.MockMethodAdvice.SelfCallInfo,java.lang.reflect.Method,java.lang.Object,java.lang.Object[])	this	org.mockito.internal.creation.bytebuddy.MockMethodAdvice$RealMethodCall	SOURCE
org.mockito.internal.creation.bytebuddy.MockMethodAdvice$RealMethodCall	invoke()	selfCallInfo	org.mockito.internal.creation.bytebuddy.MockMethodAdvice$RealMethodCall	SOURCE
org.mockito.internal.creation.bytebuddy.MockMethodAdvice$RealMethodCall	invoke()	instanceRef	org.mockito.internal.creation.bytebuddy.MockMethodAdvice$RealMethodCall	SOURCE
org.mockito.internal.creation.bytebuddy.MockMethodAdvice$RealMethodCall	invoke()	origin	org.mockito.internal.creation.bytebuddy.MockMethodAdvice$RealMethodCall	SOURCE
org.mockito.internal.creation.bytebuddy.MockMethodAdvice$RealMethodCall	invoke()	instanceRef	org.mockito.internal.creation.bytebuddy.MockMethodAdvice$RealMethodCall	SOURCE
org.mockito.internal.creation.bytebuddy.MockMethodAdvice$RealMethodCall	invoke()	arguments	org.mockito.internal.creation.bytebuddy.MockMethodAdvice$RealMethodCall	SOURCE
org.mockito.internal.creation.bytebuddy.MockMethodAdvice$SerializableRealMethodCall	SerializableRealMethodCall(java.lang.String,java.lang.reflect.Method,java.lang.Object,java.lang.Object[])	origin	org.mockito.internal.creation.bytebuddy.MockMethodAdvice$SerializableRealMethodCall	SOURCE
org.mockito.internal.creation.bytebuddy.MockMethodAdvice$SerializableRealMethodCall	SerializableRealMethodCall(java.lang.String,java.lang.reflect.Method,java.lang.Object,java.lang.Object[])	this	org.mockito.internal.creation.bytebuddy.MockMethodAdvice$SerializableRealMethodCall	SOURCE
org.mockito.internal.creation.bytebuddy.MockMethodAdvice$SerializableRealMethodCall	SerializableRealMethodCall(java.lang.String,java.lang.reflect.Method,java.lang.Object,java.lang.Object[])	identifier	org.mockito.internal.creation.bytebuddy.MockMethodAdvice$SerializableRealMethodCall	SOURCE
org.mockito.internal.creation.bytebuddy.MockMethodAdvice$SerializableRealMethodCall	SerializableRealMethodCall(java.lang.String,java.lang.reflect.Method,java.lang.Object,java.lang.Object[])	this	org.mockito.internal.creation.bytebuddy.MockMethodAdvice$SerializableRealMethodCall	SOURCE
org.mockito.internal.creation.bytebuddy.MockMethodAdvice$SerializableRealMethodCall	SerializableRealMethodCall(java.lang.String,java.lang.reflect.Method,java.lang.Object,java.lang.Object[])	instanceRef	org.mockito.internal.creation.bytebuddy.MockMethodAdvice$SerializableRealMethodCall	SOURCE
org.mockito.internal.creation.bytebuddy.MockMethodAdvice$SerializableRealMethodCall	SerializableRealMethodCall(java.lang.String,java.lang.reflect.Method,java.lang.Object,java.lang.Object[])	this	org.mockito.internal.creation.bytebuddy.MockMethodAdvice$SerializableRealMethodCall	SOURCE
org.mockito.internal.creation.bytebuddy.MockMethodAdvice$SerializableRealMethodCall	SerializableRealMethodCall(java.lang.String,java.lang.reflect.Method,java.lang.Object,java.lang.Object[])	arguments	org.mockito.internal.creation.bytebuddy.MockMethodAdvice$SerializableRealMethodCall	SOURCE
org.mockito.internal.creation.bytebuddy.MockMethodAdvice$SerializableRealMethodCall	SerializableRealMethodCall(java.lang.String,java.lang.reflect.Method,java.lang.Object,java.lang.Object[])	this	org.mockito.internal.creation.bytebuddy.MockMethodAdvice$SerializableRealMethodCall	SOURCE
org.mockito.internal.creation.bytebuddy.MockMethodAdvice$SerializableRealMethodCall	invoke()	origin	org.mockito.internal.creation.bytebuddy.MockMethodAdvice$SerializableRealMethodCall	SOURCE
org.mockito.internal.creation.bytebuddy.MockMethodAdvice$SerializableRealMethodCall	invoke()	identifier	org.mockito.internal.creation.bytebuddy.MockMethodAdvice$SerializableRealMethodCall	SOURCE
org.mockito.internal.creation.bytebuddy.MockMethodAdvice$SerializableRealMethodCall	invoke()	instanceRef	org.mockito.internal.creation.bytebuddy.MockMethodAdvice$SerializableRealMethodCall	SOURCE
org.mockito.internal.creation.bytebuddy.MockMethodAdvice$SerializableRealMethodCall	invoke()	selfCallInfo	org.mockito.internal.creation.bytebuddy.MockMethodAdvice	SOURCE
org.mockito.internal.creation.bytebuddy.MockMethodAdvice$SerializableRealMethodCall	invoke()	instanceRef	org.mockito.internal.creation.bytebuddy.MockMethodAdvice$SerializableRealMethodCall	SOURCE
org.mockito.internal.creation.bytebuddy.MockMethodAdvice$SerializableRealMethodCall	invoke()	instanceRef	org.mockito.internal.creation.bytebuddy.MockMethodAdvice$SerializableRealMethodCall	SOURCE
org.mockito.internal.creation.bytebuddy.MockMethodAdvice$SerializableRealMethodCall	invoke()	arguments	org.mockito.internal.creation.bytebuddy.MockMethodAdvice$SerializableRealMethodCall	SOURCE
org.mockito.internal.creation.bytebuddy.MockMethodAdvice$SerializableRealMethodCall	invoke()	selfCallInfo	org.mockito.internal.creation.bytebuddy.MockMethodAdvice	SOURCE
org.mockito.internal.creation.bytebuddy.MockMethodAdvice$StaticMethodCall	StaticMethodCall(org.mockito.internal.creation.bytebuddy.MockMethodAdvice.SelfCallInfo,java.lang.Class,java.lang.reflect.Method,java.lang.Object[])	selfCallInfo	org.mockito.internal.creation.bytebuddy.MockMethodAdvice$StaticMethodCall	SOURCE
org.mockito.internal.creation.bytebuddy.MockMethodAdvice$StaticMethodCall	StaticMethodCall(org.mockito.internal.creation.bytebuddy.MockMethodAdvice.SelfCallInfo,java.lang.Class,java.lang.reflect.Method,java.lang.Object[])	this	org.mockito.internal.creation.bytebuddy.MockMethodAdvice$StaticMethodCall	SOURCE
org.mockito.internal.creation.bytebuddy.MockMethodAdvice$StaticMethodCall	StaticMethodCall(org.mockito.internal.creation.bytebuddy.MockMethodAdvice.SelfCallInfo,java.lang.Class,java.lang.reflect.Method,java.lang.Object[])	type	org.mockito.internal.creation.bytebuddy.MockMethodAdvice$StaticMethodCall	SOURCE
org.mockito.internal.creation.bytebuddy.MockMethodAdvice$StaticMethodCall	StaticMethodCall(org.mockito.internal.creation.bytebuddy.MockMethodAdvice.SelfCallInfo,java.lang.Class,java.lang.reflect.Method,java.lang.Object[])	this	org.mockito.internal.creation.bytebuddy.MockMethodAdvice$StaticMethodCall	SOURCE
org.mockito.internal.creation.bytebuddy.MockMethodAdvice$StaticMethodCall	StaticMethodCall(org.mockito.internal.creation.bytebuddy.MockMethodAdvice.SelfCallInfo,java.lang.Class,java.lang.reflect.Method,java.lang.Object[])	origin	org.mockito.internal.creation.bytebuddy.MockMethodAdvice$StaticMethodCall	SOURCE
org.mockito.internal.creation.bytebuddy.MockMethodAdvice$StaticMethodCall	StaticMethodCall(org.mockito.internal.creation.bytebuddy.MockMethodAdvice.SelfCallInfo,java.lang.Class,java.lang.reflect.Method,java.lang.Object[])	this	org.mockito.internal.creation.bytebuddy.MockMethodAdvice$StaticMethodCall	SOURCE
org.mockito.internal.creation.bytebuddy.MockMethodAdvice$StaticMethodCall	StaticMethodCall(org.mockito.internal.creation.bytebuddy.MockMethodAdvice.SelfCallInfo,java.lang.Class,java.lang.reflect.Method,java.lang.Object[])	arguments	org.mockito.internal.creation.bytebuddy.MockMethodAdvice$StaticMethodCall	SOURCE
org.mockito.internal.creation.bytebuddy.MockMethodAdvice$StaticMethodCall	StaticMethodCall(org.mockito.internal.creation.bytebuddy.MockMethodAdvice.SelfCallInfo,java.lang.Class,java.lang.reflect.Method,java.lang.Object[])	this	org.mockito.internal.creation.bytebuddy.MockMethodAdvice$StaticMethodCall	SOURCE
org.mockito.internal.creation.bytebuddy.MockMethodAdvice$StaticMethodCall	invoke()	selfCallInfo	org.mockito.internal.creation.bytebuddy.MockMethodAdvice$StaticMethodCall	SOURCE
org.mockito.internal.creation.bytebuddy.MockMethodAdvice$StaticMethodCall	invoke()	type	org.mockito.internal.creation.bytebuddy.MockMethodAdvice$StaticMethodCall	SOURCE
org.mockito.internal.creation.bytebuddy.MockMethodAdvice$StaticMethodCall	invoke()	origin	org.mockito.internal.creation.bytebuddy.MockMethodAdvice$StaticMethodCall	SOURCE
org.mockito.internal.creation.bytebuddy.MockMethodAdvice$StaticMethodCall	invoke()	arguments	org.mockito.internal.creation.bytebuddy.MockMethodAdvice$StaticMethodCall	SOURCE
org.mockito.internal.creation.bytebuddy.MockMethodAdvice	tryInvoke(java.lang.reflect.Method,java.lang.Object,java.lang.Object[])	length	Array	SOURCE
org.mockito.internal.creation.bytebuddy.MockMethodAdvice$ReturnValueWrapper	ReturnValueWrapper(java.lang.Object)	returned	org.mockito.internal.creation.bytebuddy.MockMethodAdvice$ReturnValueWrapper	SOURCE
org.mockito.internal.creation.bytebuddy.MockMethodAdvice$ReturnValueWrapper	ReturnValueWrapper(java.lang.Object)	this	org.mockito.internal.creation.bytebuddy.MockMethodAdvice$ReturnValueWrapper	SOURCE
org.mockito.internal.creation.bytebuddy.MockMethodAdvice$ReturnValueWrapper	call()	returned	org.mockito.internal.creation.bytebuddy.MockMethodAdvice$ReturnValueWrapper	SOURCE
org.mockito.internal.creation.bytebuddy.MockMethodAdvice$ConstructorShortcut	ConstructorShortcut(java.lang.String)	identifier	org.mockito.internal.creation.bytebuddy.MockMethodAdvice$ConstructorShortcut	SOURCE
org.mockito.internal.creation.bytebuddy.MockMethodAdvice$ConstructorShortcut	ConstructorShortcut(java.lang.String)	this	org.mockito.internal.creation.bytebuddy.MockMethodAdvice$ConstructorShortcut	SOURCE
org.mockito.internal.creation.bytebuddy.MockMethodAdvice$ConstructorShortcut	wrap(net.bytebuddy.description.type.TypeDescription,net.bytebuddy.description.method.MethodDescription,net.bytebuddy.jar.asm.MethodVisitor,net.bytebuddy.implementation.Implementation.Context,net.bytebuddy.pool.TypePool,int,int)	class	java.lang.Object	SOURCE
org.mockito.internal.creation.bytebuddy.MockMethodAdvice$ConstructorShortcut	wrap(net.bytebuddy.description.type.TypeDescription,net.bytebuddy.description.method.MethodDescription,net.bytebuddy.jar.asm.MethodVisitor,net.bytebuddy.implementation.Implementation.Context,net.bytebuddy.pool.TypePool,int,int)	MAX_VALUE	java.lang.Integer	SOURCE
org.mockito.internal.creation.bytebuddy.MockMethodAdvice$ConstructorShortcut	wrap(net.bytebuddy.description.type.TypeDescription,net.bytebuddy.description.method.MethodDescription,net.bytebuddy.jar.asm.MethodVisitor,net.bytebuddy.implementation.Implementation.Context,net.bytebuddy.pool.TypePool,int,int)	MAX_VALUE	java.lang.Integer	SOURCE
org.mockito.internal.creation.bytebuddy.MockMethodAdvice$ConstructorShortcut	wrap(net.bytebuddy.description.type.TypeDescription,net.bytebuddy.description.method.MethodDescription,net.bytebuddy.jar.asm.MethodVisitor,net.bytebuddy.implementation.Implementation.Context,net.bytebuddy.pool.TypePool,int,int)	ASM_API	net.bytebuddy.utility.OpenedClassReader	SOURCE
org.mockito.internal.creation.bytebuddy.MockMethodAdvice$ConstructorShortcut$1	visitCode()	super	org.mockito.internal.creation.bytebuddy.MockMethodAdvice$ConstructorShortcut$1	SOURCE
org.mockito.internal.creation.bytebuddy.MockMethodAdvice$ConstructorShortcut$1	visitCode()	super	org.mockito.internal.creation.bytebuddy.MockMethodAdvice$ConstructorShortcut$1	SOURCE
org.mockito.internal.creation.bytebuddy.MockMethodAdvice$ConstructorShortcut$1	visitCode()	identifier	org.mockito.internal.creation.bytebuddy.MockMethodAdvice$ConstructorShortcut	SOURCE
org.mockito.internal.creation.bytebuddy.MockMethodAdvice$ConstructorShortcut$1	visitCode()	JAVA_V5	net.bytebuddy.ClassFileVersion	SOURCE
org.mockito.internal.creation.bytebuddy.MockMethodAdvice$ConstructorShortcut$1	visitCode()	super	org.mockito.internal.creation.bytebuddy.MockMethodAdvice$ConstructorShortcut$1	SOURCE
org.mockito.internal.creation.bytebuddy.MockMethodAdvice$ConstructorShortcut$1	visitCode()	super	org.mockito.internal.creation.bytebuddy.MockMethodAdvice$ConstructorShortcut$1	SOURCE
org.mockito.internal.creation.bytebuddy.MockMethodAdvice$ConstructorShortcut$1	visitCode()	super	org.mockito.internal.creation.bytebuddy.MockMethodAdvice$ConstructorShortcut$1	SOURCE
org.mockito.internal.creation.bytebuddy.MockMethodAdvice$ConstructorShortcut$1	visitCode()	INVOKESTATIC	net.bytebuddy.jar.asm.Opcodes	SOURCE
org.mockito.internal.creation.bytebuddy.MockMethodAdvice$ConstructorShortcut$1	visitCode()	class	java.lang.Class	SOURCE
org.mockito.internal.creation.bytebuddy.MockMethodAdvice$ConstructorShortcut$1	visitCode()	class	java.lang.Class	SOURCE
org.mockito.internal.creation.bytebuddy.MockMethodAdvice$ConstructorShortcut$1	visitCode()	class	java.lang.String	SOURCE
org.mockito.internal.creation.bytebuddy.MockMethodAdvice$ConstructorShortcut$1	visitCode()	super	org.mockito.internal.creation.bytebuddy.MockMethodAdvice$ConstructorShortcut$1	SOURCE
org.mockito.internal.creation.bytebuddy.MockMethodAdvice$ConstructorShortcut$1	visitCode()	INVOKESTATIC	net.bytebuddy.jar.asm.Opcodes	SOURCE
org.mockito.internal.creation.bytebuddy.MockMethodAdvice$ConstructorShortcut$1	visitCode()	class	org.mockito.internal.creation.bytebuddy.inject.MockMethodDispatcher	SOURCE
org.mockito.internal.creation.bytebuddy.MockMethodAdvice$ConstructorShortcut$1	visitCode()	BOOLEAN_TYPE	net.bytebuddy.jar.asm.Type	SOURCE
org.mockito.internal.creation.bytebuddy.MockMethodAdvice$ConstructorShortcut$1	visitCode()	class	java.lang.String	SOURCE
org.mockito.internal.creation.bytebuddy.MockMethodAdvice$ConstructorShortcut$1	visitCode()	class	java.lang.Class	SOURCE
org.mockito.internal.creation.bytebuddy.MockMethodAdvice$ConstructorShortcut$1	visitCode()	super	org.mockito.internal.creation.bytebuddy.MockMethodAdvice$ConstructorShortcut$1	SOURCE
org.mockito.internal.creation.bytebuddy.MockMethodAdvice$ConstructorShortcut$1	visitCode()	ICONST_0	net.bytebuddy.jar.asm.Opcodes	SOURCE
org.mockito.internal.creation.bytebuddy.MockMethodAdvice$ConstructorShortcut$1	visitCode()	super	org.mockito.internal.creation.bytebuddy.MockMethodAdvice$ConstructorShortcut$1	SOURCE
org.mockito.internal.creation.bytebuddy.MockMethodAdvice$ConstructorShortcut$1	visitCode()	IF_ICMPEQ	net.bytebuddy.jar.asm.Opcodes	SOURCE
org.mockito.internal.creation.bytebuddy.MockMethodAdvice$ConstructorShortcut$1	visitCode()	super	org.mockito.internal.creation.bytebuddy.MockMethodAdvice$ConstructorShortcut$1	SOURCE
org.mockito.internal.creation.bytebuddy.MockMethodAdvice$ConstructorShortcut$1	visitCode()	ALOAD	net.bytebuddy.jar.asm.Opcodes	SOURCE
org.mockito.internal.creation.bytebuddy.MockMethodAdvice$ConstructorShortcut$1	visitCode()	class	null	SOURCE
org.mockito.internal.creation.bytebuddy.MockMethodAdvice$ConstructorShortcut$1	visitCode()	class	null	SOURCE
org.mockito.internal.creation.bytebuddy.MockMethodAdvice$ConstructorShortcut$1	visitCode()	class	null	SOURCE
org.mockito.internal.creation.bytebuddy.MockMethodAdvice$ConstructorShortcut$1	visitCode()	class	null	SOURCE
org.mockito.internal.creation.bytebuddy.MockMethodAdvice$ConstructorShortcut$1	visitCode()	class	null	SOURCE
org.mockito.internal.creation.bytebuddy.MockMethodAdvice$ConstructorShortcut$1	visitCode()	super	org.mockito.internal.creation.bytebuddy.MockMethodAdvice$ConstructorShortcut$1	SOURCE
org.mockito.internal.creation.bytebuddy.MockMethodAdvice$ConstructorShortcut$1	visitCode()	ICONST_0	net.bytebuddy.jar.asm.Opcodes	SOURCE
org.mockito.internal.creation.bytebuddy.MockMethodAdvice$ConstructorShortcut$1	visitCode()	class	null	SOURCE
org.mockito.internal.creation.bytebuddy.MockMethodAdvice$ConstructorShortcut$1	visitCode()	super	org.mockito.internal.creation.bytebuddy.MockMethodAdvice$ConstructorShortcut$1	SOURCE
org.mockito.internal.creation.bytebuddy.MockMethodAdvice$ConstructorShortcut$1	visitCode()	LCONST_0	net.bytebuddy.jar.asm.Opcodes	SOURCE
org.mockito.internal.creation.bytebuddy.MockMethodAdvice$ConstructorShortcut$1	visitCode()	class	null	SOURCE
org.mockito.internal.creation.bytebuddy.MockMethodAdvice$ConstructorShortcut$1	visitCode()	super	org.mockito.internal.creation.bytebuddy.MockMethodAdvice$ConstructorShortcut$1	SOURCE
org.mockito.internal.creation.bytebuddy.MockMethodAdvice$ConstructorShortcut$1	visitCode()	FCONST_0	net.bytebuddy.jar.asm.Opcodes	SOURCE
org.mockito.internal.creation.bytebuddy.MockMethodAdvice$ConstructorShortcut$1	visitCode()	class	null	SOURCE
org.mockito.internal.creation.bytebuddy.MockMethodAdvice$ConstructorShortcut$1	visitCode()	super	org.mockito.internal.creation.bytebuddy.MockMethodAdvice$ConstructorShortcut$1	SOURCE
org.mockito.internal.creation.bytebuddy.MockMethodAdvice$ConstructorShortcut$1	visitCode()	DCONST_0	net.bytebuddy.jar.asm.Opcodes	SOURCE
org.mockito.internal.creation.bytebuddy.MockMethodAdvice$ConstructorShortcut$1	visitCode()	super	org.mockito.internal.creation.bytebuddy.MockMethodAdvice$ConstructorShortcut$1	SOURCE
org.mockito.internal.creation.bytebuddy.MockMethodAdvice$ConstructorShortcut$1	visitCode()	ACONST_NULL	net.bytebuddy.jar.asm.Opcodes	SOURCE
org.mockito.internal.creation.bytebuddy.MockMethodAdvice$ConstructorShortcut$1	visitCode()	super	org.mockito.internal.creation.bytebuddy.MockMethodAdvice$ConstructorShortcut$1	SOURCE
org.mockito.internal.creation.bytebuddy.MockMethodAdvice$ConstructorShortcut$1	visitCode()	INVOKESPECIAL	net.bytebuddy.jar.asm.Opcodes	SOURCE
org.mockito.internal.creation.bytebuddy.MockMethodAdvice$ConstructorShortcut$1	visitCode()	super	org.mockito.internal.creation.bytebuddy.MockMethodAdvice$ConstructorShortcut$1	SOURCE
org.mockito.internal.creation.bytebuddy.MockMethodAdvice$ConstructorShortcut$1	visitCode()	identifier	org.mockito.internal.creation.bytebuddy.MockMethodAdvice$ConstructorShortcut	SOURCE
org.mockito.internal.creation.bytebuddy.MockMethodAdvice$ConstructorShortcut$1	visitCode()	JAVA_V5	net.bytebuddy.ClassFileVersion	SOURCE
org.mockito.internal.creation.bytebuddy.MockMethodAdvice$ConstructorShortcut$1	visitCode()	super	org.mockito.internal.creation.bytebuddy.MockMethodAdvice$ConstructorShortcut$1	SOURCE
org.mockito.internal.creation.bytebuddy.MockMethodAdvice$ConstructorShortcut$1	visitCode()	super	org.mockito.internal.creation.bytebuddy.MockMethodAdvice$ConstructorShortcut$1	SOURCE
org.mockito.internal.creation.bytebuddy.MockMethodAdvice$ConstructorShortcut$1	visitCode()	super	org.mockito.internal.creation.bytebuddy.MockMethodAdvice$ConstructorShortcut$1	SOURCE
org.mockito.internal.creation.bytebuddy.MockMethodAdvice$ConstructorShortcut$1	visitCode()	INVOKESTATIC	net.bytebuddy.jar.asm.Opcodes	SOURCE
org.mockito.internal.creation.bytebuddy.MockMethodAdvice$ConstructorShortcut$1	visitCode()	class	java.lang.Class	SOURCE
org.mockito.internal.creation.bytebuddy.MockMethodAdvice$ConstructorShortcut$1	visitCode()	class	java.lang.Class	SOURCE
org.mockito.internal.creation.bytebuddy.MockMethodAdvice$ConstructorShortcut$1	visitCode()	class	java.lang.String	SOURCE
org.mockito.internal.creation.bytebuddy.MockMethodAdvice$ConstructorShortcut$1	visitCode()	super	org.mockito.internal.creation.bytebuddy.MockMethodAdvice$ConstructorShortcut$1	SOURCE
org.mockito.internal.creation.bytebuddy.MockMethodAdvice$ConstructorShortcut$1	visitCode()	ALOAD	net.bytebuddy.jar.asm.Opcodes	SOURCE
org.mockito.internal.creation.bytebuddy.MockMethodAdvice$ConstructorShortcut$1	visitCode()	super	org.mockito.internal.creation.bytebuddy.MockMethodAdvice$ConstructorShortcut$1	SOURCE
org.mockito.internal.creation.bytebuddy.MockMethodAdvice$ConstructorShortcut$1	visitCode()	super	org.mockito.internal.creation.bytebuddy.MockMethodAdvice$ConstructorShortcut$1	SOURCE
org.mockito.internal.creation.bytebuddy.MockMethodAdvice$ConstructorShortcut$1	visitCode()	ANEWARRAY	net.bytebuddy.jar.asm.Opcodes	SOURCE
org.mockito.internal.creation.bytebuddy.MockMethodAdvice$ConstructorShortcut$1	visitCode()	class	java.lang.Object	SOURCE
org.mockito.internal.creation.bytebuddy.MockMethodAdvice$ConstructorShortcut$1	visitCode()	super	org.mockito.internal.creation.bytebuddy.MockMethodAdvice$ConstructorShortcut$1	SOURCE
org.mockito.internal.creation.bytebuddy.MockMethodAdvice$ConstructorShortcut$1	visitCode()	DUP	net.bytebuddy.jar.asm.Opcodes	SOURCE
org.mockito.internal.creation.bytebuddy.MockMethodAdvice$ConstructorShortcut$1	visitCode()	super	org.mockito.internal.creation.bytebuddy.MockMethodAdvice$ConstructorShortcut$1	SOURCE
org.mockito.internal.creation.bytebuddy.MockMethodAdvice$ConstructorShortcut$1	visitCode()	super	org.mockito.internal.creation.bytebuddy.MockMethodAdvice$ConstructorShortcut$1	SOURCE
org.mockito.internal.creation.bytebuddy.MockMethodAdvice$ConstructorShortcut$1	visitCode()	ILOAD	net.bytebuddy.jar.asm.Opcodes	SOURCE
org.mockito.internal.creation.bytebuddy.MockMethodAdvice$ConstructorShortcut$1	visitCode()	super	org.mockito.internal.creation.bytebuddy.MockMethodAdvice$ConstructorShortcut$1	SOURCE
org.mockito.internal.creation.bytebuddy.MockMethodAdvice$ConstructorShortcut$1	visitCode()	INVOKESTATIC	net.bytebuddy.jar.asm.Opcodes	SOURCE
org.mockito.internal.creation.bytebuddy.MockMethodAdvice$ConstructorShortcut$1	visitCode()	super	org.mockito.internal.creation.bytebuddy.MockMethodAdvice$ConstructorShortcut$1	SOURCE
org.mockito.internal.creation.bytebuddy.MockMethodAdvice$ConstructorShortcut$1	visitCode()	AASTORE	net.bytebuddy.jar.asm.Opcodes	SOURCE
org.mockito.internal.creation.bytebuddy.MockMethodAdvice$ConstructorShortcut$1	visitCode()	super	org.mockito.internal.creation.bytebuddy.MockMethodAdvice$ConstructorShortcut$1	SOURCE
org.mockito.internal.creation.bytebuddy.MockMethodAdvice$ConstructorShortcut$1	visitCode()	super	org.mockito.internal.creation.bytebuddy.MockMethodAdvice$ConstructorShortcut$1	SOURCE
org.mockito.internal.creation.bytebuddy.MockMethodAdvice$ConstructorShortcut$1	visitCode()	ANEWARRAY	net.bytebuddy.jar.asm.Opcodes	SOURCE
org.mockito.internal.creation.bytebuddy.MockMethodAdvice$ConstructorShortcut$1	visitCode()	class	java.lang.String	SOURCE
org.mockito.internal.creation.bytebuddy.MockMethodAdvice$ConstructorShortcut$1	visitCode()	super	org.mockito.internal.creation.bytebuddy.MockMethodAdvice$ConstructorShortcut$1	SOURCE
org.mockito.internal.creation.bytebuddy.MockMethodAdvice$ConstructorShortcut$1	visitCode()	DUP	net.bytebuddy.jar.asm.Opcodes	SOURCE
org.mockito.internal.creation.bytebuddy.MockMethodAdvice$ConstructorShortcut$1	visitCode()	super	org.mockito.internal.creation.bytebuddy.MockMethodAdvice$ConstructorShortcut$1	SOURCE
org.mockito.internal.creation.bytebuddy.MockMethodAdvice$ConstructorShortcut$1	visitCode()	super	org.mockito.internal.creation.bytebuddy.MockMethodAdvice$ConstructorShortcut$1	SOURCE
org.mockito.internal.creation.bytebuddy.MockMethodAdvice$ConstructorShortcut$1	visitCode()	super	org.mockito.internal.creation.bytebuddy.MockMethodAdvice$ConstructorShortcut$1	SOURCE
org.mockito.internal.creation.bytebuddy.MockMethodAdvice$ConstructorShortcut$1	visitCode()	AASTORE	net.bytebuddy.jar.asm.Opcodes	SOURCE
org.mockito.internal.creation.bytebuddy.MockMethodAdvice$ConstructorShortcut$1	visitCode()	super	org.mockito.internal.creation.bytebuddy.MockMethodAdvice$ConstructorShortcut$1	SOURCE
org.mockito.internal.creation.bytebuddy.MockMethodAdvice$ConstructorShortcut$1	visitCode()	INVOKESTATIC	net.bytebuddy.jar.asm.Opcodes	SOURCE
org.mockito.internal.creation.bytebuddy.MockMethodAdvice$ConstructorShortcut$1	visitCode()	class	org.mockito.internal.creation.bytebuddy.inject.MockMethodDispatcher	SOURCE
org.mockito.internal.creation.bytebuddy.MockMethodAdvice$ConstructorShortcut$1	visitCode()	class	java.lang.Object	SOURCE
org.mockito.internal.creation.bytebuddy.MockMethodAdvice$ConstructorShortcut$1	visitCode()	class	java.lang.String	SOURCE
org.mockito.internal.creation.bytebuddy.MockMethodAdvice$ConstructorShortcut$1	visitCode()	class	java.lang.Class	SOURCE
org.mockito.internal.creation.bytebuddy.MockMethodAdvice$ConstructorShortcut$1	visitCode()	class	java.lang.Object	SOURCE
org.mockito.internal.creation.bytebuddy.MockMethodAdvice$ConstructorShortcut$1	visitCode()	class	Array	SOURCE
org.mockito.internal.creation.bytebuddy.MockMethodAdvice$ConstructorShortcut$1	visitCode()	class	Array	SOURCE
org.mockito.internal.creation.bytebuddy.MockMethodAdvice$ConstructorShortcut$1	visitCode()	super	org.mockito.internal.creation.bytebuddy.MockMethodAdvice$ConstructorShortcut$1	SOURCE
org.mockito.internal.creation.bytebuddy.MockMethodAdvice$ConstructorShortcut$1	visitCode()	CHECKCAST	net.bytebuddy.jar.asm.Opcodes	SOURCE
org.mockito.internal.creation.bytebuddy.MockMethodAdvice$ConstructorShortcut$1	visitCode()	super	org.mockito.internal.creation.bytebuddy.MockMethodAdvice$ConstructorShortcut$1	SOURCE
org.mockito.internal.creation.bytebuddy.MockMethodAdvice$ConstructorShortcut$1	visitCode()	DUP	net.bytebuddy.jar.asm.Opcodes	SOURCE
org.mockito.internal.creation.bytebuddy.MockMethodAdvice$ConstructorShortcut$1	visitCode()	super	org.mockito.internal.creation.bytebuddy.MockMethodAdvice$ConstructorShortcut$1	SOURCE
org.mockito.internal.creation.bytebuddy.MockMethodAdvice$ConstructorShortcut$1	visitCode()	IFNULL	net.bytebuddy.jar.asm.Opcodes	SOURCE
org.mockito.internal.creation.bytebuddy.MockMethodAdvice$ConstructorShortcut$1	visitCode()	super	org.mockito.internal.creation.bytebuddy.MockMethodAdvice$ConstructorShortcut$1	SOURCE
org.mockito.internal.creation.bytebuddy.MockMethodAdvice$ConstructorShortcut$1	visitCode()	DUP	net.bytebuddy.jar.asm.Opcodes	SOURCE
org.mockito.internal.creation.bytebuddy.MockMethodAdvice$ConstructorShortcut$1	visitCode()	super	org.mockito.internal.creation.bytebuddy.MockMethodAdvice$ConstructorShortcut$1	SOURCE
org.mockito.internal.creation.bytebuddy.MockMethodAdvice$ConstructorShortcut$1	visitCode()	GETFIELD	net.bytebuddy.jar.asm.Opcodes	SOURCE
org.mockito.internal.creation.bytebuddy.MockMethodAdvice$ConstructorShortcut$1	visitCode()	super	org.mockito.internal.creation.bytebuddy.MockMethodAdvice$ConstructorShortcut$1	SOURCE
org.mockito.internal.creation.bytebuddy.MockMethodAdvice$ConstructorShortcut$1	visitCode()	ALOAD	net.bytebuddy.jar.asm.Opcodes	SOURCE
org.mockito.internal.creation.bytebuddy.MockMethodAdvice$ConstructorShortcut$1	visitCode()	super	org.mockito.internal.creation.bytebuddy.MockMethodAdvice$ConstructorShortcut$1	SOURCE
org.mockito.internal.creation.bytebuddy.MockMethodAdvice$ConstructorShortcut$1	visitCode()	DUP_X2	net.bytebuddy.jar.asm.Opcodes	SOURCE
org.mockito.internal.creation.bytebuddy.MockMethodAdvice$ConstructorShortcut$1	visitCode()	DUP_X1	net.bytebuddy.jar.asm.Opcodes	SOURCE
org.mockito.internal.creation.bytebuddy.MockMethodAdvice$ConstructorShortcut$1	visitCode()	super	org.mockito.internal.creation.bytebuddy.MockMethodAdvice$ConstructorShortcut$1	SOURCE
org.mockito.internal.creation.bytebuddy.MockMethodAdvice$ConstructorShortcut$1	visitCode()	POP	net.bytebuddy.jar.asm.Opcodes	SOURCE
org.mockito.internal.creation.bytebuddy.MockMethodAdvice$ConstructorShortcut$1	visitCode()	super	org.mockito.internal.creation.bytebuddy.MockMethodAdvice$ConstructorShortcut$1	SOURCE
org.mockito.internal.creation.bytebuddy.MockMethodAdvice$ConstructorShortcut$1	visitCode()	PUTFIELD	net.bytebuddy.jar.asm.Opcodes	SOURCE
org.mockito.internal.creation.bytebuddy.MockMethodAdvice$ConstructorShortcut$1	visitCode()	super	org.mockito.internal.creation.bytebuddy.MockMethodAdvice$ConstructorShortcut$1	SOURCE
org.mockito.internal.creation.bytebuddy.MockMethodAdvice$ConstructorShortcut$1	visitCode()	JAVA_V6	net.bytebuddy.ClassFileVersion	SOURCE
org.mockito.internal.creation.bytebuddy.MockMethodAdvice$ConstructorShortcut$1	visitCode()	super	org.mockito.internal.creation.bytebuddy.MockMethodAdvice$ConstructorShortcut$1	SOURCE
org.mockito.internal.creation.bytebuddy.MockMethodAdvice$ConstructorShortcut$1	visitCode()	F_FULL	net.bytebuddy.jar.asm.Opcodes	SOURCE
org.mockito.internal.creation.bytebuddy.MockMethodAdvice$ConstructorShortcut$1	visitCode()	length	Array	SOURCE
org.mockito.internal.creation.bytebuddy.MockMethodAdvice$ConstructorShortcut$1	visitCode()	super	org.mockito.internal.creation.bytebuddy.MockMethodAdvice$ConstructorShortcut$1	SOURCE
org.mockito.internal.creation.bytebuddy.MockMethodAdvice$ConstructorShortcut$1	visitCode()	POP	net.bytebuddy.jar.asm.Opcodes	SOURCE
org.mockito.internal.creation.bytebuddy.MockMethodAdvice$ConstructorShortcut$1	visitCode()	super	org.mockito.internal.creation.bytebuddy.MockMethodAdvice$ConstructorShortcut$1	SOURCE
org.mockito.internal.creation.bytebuddy.MockMethodAdvice$ConstructorShortcut$1	visitCode()	RETURN	net.bytebuddy.jar.asm.Opcodes	SOURCE
org.mockito.internal.creation.bytebuddy.MockMethodAdvice$ConstructorShortcut$1	visitCode()	super	org.mockito.internal.creation.bytebuddy.MockMethodAdvice$ConstructorShortcut$1	SOURCE
org.mockito.internal.creation.bytebuddy.MockMethodAdvice$ConstructorShortcut$1	visitCode()	JAVA_V6	net.bytebuddy.ClassFileVersion	SOURCE
org.mockito.internal.creation.bytebuddy.MockMethodAdvice$ConstructorShortcut$1	visitCode()	UNINITIALIZED_THIS	net.bytebuddy.jar.asm.Opcodes	SOURCE
org.mockito.internal.creation.bytebuddy.MockMethodAdvice$ConstructorShortcut$1	visitCode()	super	org.mockito.internal.creation.bytebuddy.MockMethodAdvice$ConstructorShortcut$1	SOURCE
org.mockito.internal.creation.bytebuddy.MockMethodAdvice$ConstructorShortcut$1	visitCode()	F_FULL	net.bytebuddy.jar.asm.Opcodes	SOURCE
org.mockito.internal.creation.bytebuddy.MockMethodAdvice$ConstructorShortcut$1	visitCode()	length	Array	SOURCE
org.mockito.internal.creation.bytebuddy.MockMethodAdvice$ConstructorShortcut$1	visitMaxs(int,int)	super	org.mockito.internal.creation.bytebuddy.MockMethodAdvice$ConstructorShortcut$1	SOURCE
org.mockito.internal.creation.bytebuddy.MockMethodAdvice$ConstructorShortcut	toFrames(java.lang.Object,java.util.List)	class	null	SOURCE
org.mockito.internal.creation.bytebuddy.MockMethodAdvice$ConstructorShortcut	toFrames(java.lang.Object,java.util.List)	class	null	SOURCE
org.mockito.internal.creation.bytebuddy.MockMethodAdvice$ConstructorShortcut	toFrames(java.lang.Object,java.util.List)	class	null	SOURCE
org.mockito.internal.creation.bytebuddy.MockMethodAdvice$ConstructorShortcut	toFrames(java.lang.Object,java.util.List)	class	null	SOURCE
org.mockito.internal.creation.bytebuddy.MockMethodAdvice$ConstructorShortcut	toFrames(java.lang.Object,java.util.List)	class	null	SOURCE
org.mockito.internal.creation.bytebuddy.MockMethodAdvice$ConstructorShortcut	toFrames(java.lang.Object,java.util.List)	INTEGER	net.bytebuddy.jar.asm.Opcodes	SOURCE
org.mockito.internal.creation.bytebuddy.MockMethodAdvice$ConstructorShortcut	toFrames(java.lang.Object,java.util.List)	class	null	SOURCE
org.mockito.internal.creation.bytebuddy.MockMethodAdvice$ConstructorShortcut	toFrames(java.lang.Object,java.util.List)	LONG	net.bytebuddy.jar.asm.Opcodes	SOURCE
org.mockito.internal.creation.bytebuddy.MockMethodAdvice$ConstructorShortcut	toFrames(java.lang.Object,java.util.List)	class	null	SOURCE
org.mockito.internal.creation.bytebuddy.MockMethodAdvice$ConstructorShortcut	toFrames(java.lang.Object,java.util.List)	FLOAT	net.bytebuddy.jar.asm.Opcodes	SOURCE
org.mockito.internal.creation.bytebuddy.MockMethodAdvice$ConstructorShortcut	toFrames(java.lang.Object,java.util.List)	class	null	SOURCE
org.mockito.internal.creation.bytebuddy.MockMethodAdvice$ConstructorShortcut	toFrames(java.lang.Object,java.util.List)	DOUBLE	net.bytebuddy.jar.asm.Opcodes	SOURCE
org.mockito.internal.creation.bytebuddy.MockMethodAdvice$ForHashCode	enter(java.lang.String,java.lang.Object)	class	net.bytebuddy.asm.Advice$OnNonDefaultValue	SOURCE
org.mockito.internal.creation.bytebuddy.MockMethodAdvice$ForEquals	enter(java.lang.String,java.lang.Object)	class	net.bytebuddy.asm.Advice$OnNonDefaultValue	SOURCE
org.mockito.internal.creation.bytebuddy.MockMethodAdvice$ForStatic	enter(java.lang.String,java.lang.Class,java.lang.reflect.Method,java.lang.Object[])	class	net.bytebuddy.asm.Advice$OnNonDefaultValue	SOURCE
org.mockito.internal.creation.bytebuddy.MockMethodAdvice$ForReadObject	doReadObject(java.lang.String,org.mockito.internal.creation.bytebuddy.MockAccess,java.io.ObjectInputStream)	interceptors	org.mockito.internal.creation.bytebuddy.MockMethodAdvice	SOURCE
org.mockito.internal.invocation.mockref.MockWeakReference	MockWeakReference(T)	ref	org.mockito.internal.invocation.mockref.MockWeakReference	SOURCE
org.mockito.internal.invocation.mockref.MockWeakReference	MockWeakReference(T)	this	org.mockito.internal.invocation.mockref.MockWeakReference	SOURCE
org.mockito.internal.invocation.mockref.MockWeakReference	get()	ref	org.mockito.internal.invocation.mockref.MockWeakReference	SOURCE
org.mockito.internal.invocation.mockref.MockWeakReference	get()	this	org.mockito.internal.invocation.mockref.MockWeakReference	SOURCE
org.mockito.internal.invocation.SerializableMethod	SerializableMethod(java.lang.reflect.Method)	method	org.mockito.internal.invocation.SerializableMethod	SOURCE
org.mockito.internal.invocation.SerializableMethod	SerializableMethod(java.lang.reflect.Method)	this	org.mockito.internal.invocation.SerializableMethod	SOURCE
org.mockito.internal.invocation.SerializableMethod	SerializableMethod(java.lang.reflect.Method)	declaringClass	org.mockito.internal.invocation.SerializableMethod	SOURCE
org.mockito.internal.invocation.SerializableMethod	SerializableMethod(java.lang.reflect.Method)	methodName	org.mockito.internal.invocation.SerializableMethod	SOURCE
org.mockito.internal.invocation.SerializableMethod	SerializableMethod(java.lang.reflect.Method)	parameterTypes	org.mockito.internal.invocation.SerializableMethod	SOURCE
org.mockito.internal.invocation.SerializableMethod	SerializableMethod(java.lang.reflect.Method)	returnType	org.mockito.internal.invocation.SerializableMethod	SOURCE
org.mockito.internal.invocation.SerializableMethod	SerializableMethod(java.lang.reflect.Method)	exceptionTypes	org.mockito.internal.invocation.SerializableMethod	SOURCE
org.mockito.internal.invocation.SerializableMethod	SerializableMethod(java.lang.reflect.Method)	isVarArgs	org.mockito.internal.invocation.SerializableMethod	SOURCE
org.mockito.internal.invocation.SerializableMethod	SerializableMethod(java.lang.reflect.Method)	isAbstract	org.mockito.internal.invocation.SerializableMethod	SOURCE
org.mockito.internal.invocation.SerializableMethod	SerializableMethod(java.lang.reflect.Method)	ABSTRACT	java.lang.reflect.Modifier	SOURCE
org.mockito.internal.invocation.SerializableMethod	getName()	methodName	org.mockito.internal.invocation.SerializableMethod	SOURCE
org.mockito.internal.invocation.SerializableMethod	getReturnType()	returnType	org.mockito.internal.invocation.SerializableMethod	SOURCE
org.mockito.internal.invocation.SerializableMethod	getParameterTypes()	parameterTypes	org.mockito.internal.invocation.SerializableMethod	SOURCE
org.mockito.internal.invocation.SerializableMethod	getExceptionTypes()	exceptionTypes	org.mockito.internal.invocation.SerializableMethod	SOURCE
org.mockito.internal.invocation.SerializableMethod	isVarArgs()	isVarArgs	org.mockito.internal.invocation.SerializableMethod	SOURCE
org.mockito.internal.invocation.SerializableMethod	isAbstract()	isAbstract	org.mockito.internal.invocation.SerializableMethod	SOURCE
org.mockito.internal.invocation.SerializableMethod	getJavaMethod()	method	org.mockito.internal.invocation.SerializableMethod	SOURCE
org.mockito.internal.invocation.SerializableMethod	getJavaMethod()	method	org.mockito.internal.invocation.SerializableMethod	SOURCE
org.mockito.internal.invocation.SerializableMethod	getJavaMethod()	method	org.mockito.internal.invocation.SerializableMethod	SOURCE
org.mockito.internal.invocation.SerializableMethod	getJavaMethod()	declaringClass	org.mockito.internal.invocation.SerializableMethod	SOURCE
org.mockito.internal.invocation.SerializableMethod	getJavaMethod()	methodName	org.mockito.internal.invocation.SerializableMethod	SOURCE
org.mockito.internal.invocation.SerializableMethod	getJavaMethod()	parameterTypes	org.mockito.internal.invocation.SerializableMethod	SOURCE
org.mockito.internal.invocation.SerializableMethod	getJavaMethod()	method	org.mockito.internal.invocation.SerializableMethod	SOURCE
org.mockito.internal.invocation.SerializableMethod	getJavaMethod()	declaringClass	org.mockito.internal.invocation.SerializableMethod	SOURCE
org.mockito.internal.invocation.SerializableMethod	getJavaMethod()	methodName	org.mockito.internal.invocation.SerializableMethod	SOURCE
org.mockito.internal.invocation.SerializableMethod	getJavaMethod()	declaringClass	org.mockito.internal.invocation.SerializableMethod	SOURCE
org.mockito.internal.invocation.SerializableMethod	getJavaMethod()	methodName	org.mockito.internal.invocation.SerializableMethod	SOURCE
org.mockito.internal.invocation.SerializableMethod	equals(java.lang.Object)	this	org.mockito.internal.invocation.SerializableMethod	SOURCE
org.mockito.internal.invocation.SerializableMethod	equals(java.lang.Object)	declaringClass	org.mockito.internal.invocation.SerializableMethod	SOURCE
org.mockito.internal.invocation.SerializableMethod	equals(java.lang.Object)	declaringClass	org.mockito.internal.invocation.SerializableMethod	SOURCE
org.mockito.internal.invocation.SerializableMethod	equals(java.lang.Object)	declaringClass	org.mockito.internal.invocation.SerializableMethod	SOURCE
org.mockito.internal.invocation.SerializableMethod	equals(java.lang.Object)	declaringClass	org.mockito.internal.invocation.SerializableMethod	SOURCE
org.mockito.internal.invocation.SerializableMethod	equals(java.lang.Object)	methodName	org.mockito.internal.invocation.SerializableMethod	SOURCE
org.mockito.internal.invocation.SerializableMethod	equals(java.lang.Object)	methodName	org.mockito.internal.invocation.SerializableMethod	SOURCE
org.mockito.internal.invocation.SerializableMethod	equals(java.lang.Object)	methodName	org.mockito.internal.invocation.SerializableMethod	SOURCE
org.mockito.internal.invocation.SerializableMethod	equals(java.lang.Object)	methodName	org.mockito.internal.invocation.SerializableMethod	SOURCE
org.mockito.internal.invocation.SerializableMethod	equals(java.lang.Object)	parameterTypes	org.mockito.internal.invocation.SerializableMethod	SOURCE
org.mockito.internal.invocation.SerializableMethod	equals(java.lang.Object)	parameterTypes	org.mockito.internal.invocation.SerializableMethod	SOURCE
org.mockito.internal.invocation.SerializableMethod	equals(java.lang.Object)	returnType	org.mockito.internal.invocation.SerializableMethod	SOURCE
org.mockito.internal.invocation.SerializableMethod	equals(java.lang.Object)	returnType	org.mockito.internal.invocation.SerializableMethod	SOURCE
org.mockito.internal.invocation.SerializableMethod	equals(java.lang.Object)	returnType	org.mockito.internal.invocation.SerializableMethod	SOURCE
org.mockito.internal.invocation.SerializableMethod	equals(java.lang.Object)	returnType	org.mockito.internal.invocation.SerializableMethod	SOURCE
org.mockito.internal.creation.bytebuddy.SubclassByteBuddyMockMaker	SubclassByteBuddyMockMaker(org.mockito.internal.creation.bytebuddy.SubclassLoader)	cachingMockBytecodeGenerator	org.mockito.internal.creation.bytebuddy.SubclassByteBuddyMockMaker	SOURCE
org.mockito.internal.creation.bytebuddy.SubclassByteBuddyMockMaker	createMockType(org.mockito.mock.MockCreationSettings)	cachingMockBytecodeGenerator	org.mockito.internal.creation.bytebuddy.SubclassByteBuddyMockMaker	SOURCE
org.mockito.internal.creation.instance.ConstructorInstantiator	ConstructorInstantiator(boolean,java.lang.Object[])	hasOuterClassInstance	org.mockito.internal.creation.instance.ConstructorInstantiator	SOURCE
org.mockito.internal.creation.instance.ConstructorInstantiator	ConstructorInstantiator(boolean,java.lang.Object[])	this	org.mockito.internal.creation.instance.ConstructorInstantiator	SOURCE
org.mockito.internal.creation.instance.ConstructorInstantiator	ConstructorInstantiator(boolean,java.lang.Object[])	constructorArgs	org.mockito.internal.creation.instance.ConstructorInstantiator	SOURCE
org.mockito.internal.creation.instance.ConstructorInstantiator	ConstructorInstantiator(boolean,java.lang.Object[])	this	org.mockito.internal.creation.instance.ConstructorInstantiator	SOURCE
org.mockito.internal.creation.instance.ConstructorInstantiator	newInstance(java.lang.Class)	constructorArgs	org.mockito.internal.creation.instance.ConstructorInstantiator	SOURCE
org.mockito.internal.creation.instance.ConstructorInstantiator	constructorArgTypes()	hasOuterClassInstance	org.mockito.internal.creation.instance.ConstructorInstantiator	SOURCE
org.mockito.internal.creation.instance.ConstructorInstantiator	constructorArgTypes()	length	Array	SOURCE
org.mockito.internal.creation.instance.ConstructorInstantiator	constructorArgTypes()	constructorArgs	org.mockito.internal.creation.instance.ConstructorInstantiator	SOURCE
org.mockito.internal.creation.instance.ConstructorInstantiator	constructorArgTypes()	length	Array	SOURCE
org.mockito.internal.creation.instance.ConstructorInstantiator	constructorArgTypes()	constructorArgs	org.mockito.internal.creation.instance.ConstructorInstantiator	SOURCE
org.mockito.internal.creation.instance.ConstructorInstantiator	constructorArgTypes()	constructorArgs	org.mockito.internal.creation.instance.ConstructorInstantiator	SOURCE
org.mockito.internal.creation.instance.ConstructorInstantiator	constructorArgTypes()	constructorArgs	org.mockito.internal.creation.instance.ConstructorInstantiator	SOURCE
org.mockito.internal.creation.instance.ConstructorInstantiator	noMatchingConstructor(java.lang.Class)	hasOuterClassInstance	org.mockito.internal.creation.instance.ConstructorInstantiator	SOURCE
org.mockito.internal.creation.instance.ConstructorInstantiator	constructorArgsString()	length	Array	SOURCE
org.mockito.internal.creation.instance.ConstructorInstantiator	constructorArgsString()	constructorArgs	org.mockito.internal.creation.instance.ConstructorInstantiator	SOURCE
org.mockito.internal.creation.instance.ConstructorInstantiator	constructorArgsString()	hasOuterClassInstance	org.mockito.internal.creation.instance.ConstructorInstantiator	SOURCE
org.mockito.internal.creation.instance.ConstructorInstantiator	constructorArgsString()	length	Array	SOURCE
org.mockito.internal.creation.instance.ConstructorInstantiator	constructorArgsString()	constructorArgs	org.mockito.internal.creation.instance.ConstructorInstantiator	SOURCE
org.mockito.internal.creation.instance.ConstructorInstantiator	paramsMatch(java.lang.Class[],java.lang.Object[])	length	Array	SOURCE
org.mockito.internal.creation.instance.ConstructorInstantiator	paramsMatch(java.lang.Class[],java.lang.Object[])	length	Array	SOURCE
org.mockito.internal.creation.instance.ConstructorInstantiator	paramsMatch(java.lang.Class[],java.lang.Object[])	length	Array	SOURCE
org.mockito.internal.creation.instance.ConstructorInstantiator	evaluateConstructor(java.util.List,java.lang.reflect.Constructor)	length	Array	SOURCE
org.mockito.internal.creation.instance.ObjenesisInstantiator	newInstance(java.lang.Class)	objenesis	org.mockito.internal.creation.instance.ObjenesisInstantiator	SOURCE
org.mockito.internal.creation.instance.InstantiatorProvider2Adapter	InstantiatorProvider2Adapter(org.mockito.plugins.InstantiatorProvider2)	provider	org.mockito.internal.creation.instance.InstantiatorProvider2Adapter	SOURCE
org.mockito.internal.creation.instance.InstantiatorProvider2Adapter	InstantiatorProvider2Adapter(org.mockito.plugins.InstantiatorProvider2)	this	org.mockito.internal.creation.instance.InstantiatorProvider2Adapter	SOURCE
org.mockito.internal.creation.instance.InstantiatorProvider2Adapter$1	newInstance(java.lang.Class)	provider	org.mockito.internal.creation.instance.InstantiatorProvider2Adapter	SOURCE
org.mockito.internal.creation.instance.DefaultInstantiatorProvider	getInstantiator(org.mockito.mock.MockCreationSettings)	INSTANCE	org.mockito.internal.creation.instance.DefaultInstantiatorProvider	SOURCE
org.mockito.internal.creation.instance.InstantiatorProviderAdapter	InstantiatorProviderAdapter(org.mockito.plugins.InstantiatorProvider)	provider	org.mockito.internal.creation.instance.InstantiatorProviderAdapter	SOURCE
org.mockito.internal.creation.instance.InstantiatorProviderAdapter	InstantiatorProviderAdapter(org.mockito.plugins.InstantiatorProvider)	this	org.mockito.internal.creation.instance.InstantiatorProviderAdapter	SOURCE
org.mockito.internal.creation.instance.InstantiatorProviderAdapter$1	newInstance(java.lang.Class)	provider	org.mockito.internal.creation.instance.InstantiatorProviderAdapter	SOURCE
org.mockito.internal.InOrderImpl	getMocksToBeVerifiedInOrder()	mocksToBeVerifiedInOrder	org.mockito.internal.InOrderImpl	SOURCE
org.mockito.internal.InOrderImpl	InOrderImpl(java.util.List)	mocksToBeVerifiedInOrder	org.mockito.internal.InOrderImpl	SOURCE
org.mockito.internal.InOrderImpl	InOrderImpl(java.util.List)	this	org.mockito.internal.InOrderImpl	SOURCE
org.mockito.internal.InOrderImpl	verify(T)	this	org.mockito.internal.InOrderImpl	SOURCE
org.mockito.internal.InOrderImpl	verify(T,org.mockito.verification.VerificationMode)	mocksToBeVerifiedInOrder	org.mockito.internal.InOrderImpl	SOURCE
org.mockito.internal.InOrderImpl	verify(T,org.mockito.verification.VerificationMode)	mockitoCore	org.mockito.internal.InOrderImpl	SOURCE
org.mockito.internal.InOrderImpl	verify(T,org.mockito.verification.VerificationMode)	this	org.mockito.internal.InOrderImpl	SOURCE
org.mockito.internal.InOrderImpl	verify(T,org.mockito.verification.VerificationMode)	mockitoCore	org.mockito.internal.InOrderImpl	SOURCE
org.mockito.internal.InOrderImpl	verify(T,org.mockito.verification.VerificationMode)	this	org.mockito.internal.InOrderImpl	SOURCE
org.mockito.internal.InOrderImpl	isVerified(org.mockito.invocation.Invocation)	inOrderContext	org.mockito.internal.InOrderImpl	SOURCE
org.mockito.internal.InOrderImpl	markVerified(org.mockito.invocation.Invocation)	inOrderContext	org.mockito.internal.InOrderImpl	SOURCE
org.mockito.internal.InOrderImpl	verifyNoMoreInteractions()	mockitoCore	org.mockito.internal.InOrderImpl	SOURCE
org.mockito.internal.InOrderImpl	verifyNoMoreInteractions()	mocksToBeVerifiedInOrder	org.mockito.internal.InOrderImpl	SOURCE
org.mockito.internal.InOrderImpl	verifyNoMoreInteractions()	this	org.mockito.internal.InOrderImpl	SOURCE
org.mockito.internal.junit.UniversalTestListener	UniversalTestListener(org.mockito.quality.Strictness,org.mockito.plugins.MockitoLogger)	currentStrictness	org.mockito.internal.junit.UniversalTestListener	SOURCE
org.mockito.internal.junit.UniversalTestListener	UniversalTestListener(org.mockito.quality.Strictness,org.mockito.plugins.MockitoLogger)	this	org.mockito.internal.junit.UniversalTestListener	SOURCE
org.mockito.internal.junit.UniversalTestListener	UniversalTestListener(org.mockito.quality.Strictness,org.mockito.plugins.MockitoLogger)	logger	org.mockito.internal.junit.UniversalTestListener	SOURCE
org.mockito.internal.junit.UniversalTestListener	UniversalTestListener(org.mockito.quality.Strictness,org.mockito.plugins.MockitoLogger)	this	org.mockito.internal.junit.UniversalTestListener	SOURCE
org.mockito.internal.junit.UniversalTestListener	UniversalTestListener(org.mockito.quality.Strictness,org.mockito.plugins.MockitoLogger)	stubbingLookupListener	org.mockito.internal.junit.UniversalTestListener	SOURCE
org.mockito.internal.junit.UniversalTestListener	UniversalTestListener(org.mockito.quality.Strictness,org.mockito.plugins.MockitoLogger)	this	org.mockito.internal.junit.UniversalTestListener	SOURCE
org.mockito.internal.junit.UniversalTestListener	UniversalTestListener(org.mockito.quality.Strictness,org.mockito.plugins.MockitoLogger)	currentStrictness	org.mockito.internal.junit.UniversalTestListener	SOURCE
org.mockito.internal.junit.UniversalTestListener	testFinished(org.mockito.internal.junit.TestFinishedEvent)	mocks	org.mockito.internal.junit.UniversalTestListener	SOURCE
org.mockito.internal.junit.UniversalTestListener	testFinished(org.mockito.internal.junit.TestFinishedEvent)	mocks	org.mockito.internal.junit.UniversalTestListener	SOURCE
org.mockito.internal.junit.UniversalTestListener	testFinished(org.mockito.internal.junit.TestFinishedEvent)	currentStrictness	org.mockito.internal.junit.UniversalTestListener	SOURCE
org.mockito.internal.junit.UniversalTestListener	testFinished(org.mockito.internal.junit.TestFinishedEvent)	logger	org.mockito.internal.junit.UniversalTestListener	SOURCE
org.mockito.internal.junit.UniversalTestListener	testFinished(org.mockito.internal.junit.TestFinishedEvent)	currentStrictness	org.mockito.internal.junit.UniversalTestListener	SOURCE
org.mockito.internal.junit.UniversalTestListener	reportUnusedStubs(org.mockito.internal.junit.TestFinishedEvent,java.util.Collection)	stubbingLookupListener	org.mockito.internal.junit.UniversalTestListener	SOURCE
org.mockito.internal.junit.UniversalTestListener	onMockCreated(java.lang.Object,org.mockito.mock.MockCreationSettings)	mocks	org.mockito.internal.junit.UniversalTestListener	SOURCE
org.mockito.internal.junit.UniversalTestListener	onMockCreated(java.lang.Object,org.mockito.mock.MockCreationSettings)	this	org.mockito.internal.junit.UniversalTestListener	SOURCE
org.mockito.internal.junit.UniversalTestListener	onMockCreated(java.lang.Object,org.mockito.mock.MockCreationSettings)	stubbingLookupListener	org.mockito.internal.junit.UniversalTestListener	SOURCE
org.mockito.internal.junit.UniversalTestListener	setStrictness(org.mockito.quality.Strictness)	currentStrictness	org.mockito.internal.junit.UniversalTestListener	SOURCE
org.mockito.internal.junit.UniversalTestListener	setStrictness(org.mockito.quality.Strictness)	this	org.mockito.internal.junit.UniversalTestListener	SOURCE
org.mockito.internal.junit.UniversalTestListener	setStrictness(org.mockito.quality.Strictness)	stubbingLookupListener	org.mockito.internal.junit.UniversalTestListener	SOURCE
org.mockito.internal.junit.UniversalTestListener	setStrictness(org.mockito.quality.Strictness)	this	org.mockito.internal.junit.UniversalTestListener	SOURCE
org.mockito.internal.junit.UniversalTestListener	isListenerDirty()	listenerDirty	org.mockito.internal.junit.UniversalTestListener	SOURCE
org.mockito.internal.junit.UniversalTestListener	setListenerDirty()	listenerDirty	org.mockito.internal.junit.UniversalTestListener	SOURCE
org.mockito.internal.junit.UniversalTestListener	setListenerDirty()	this	org.mockito.internal.junit.UniversalTestListener	SOURCE
org.mockito.internal.junit.DefaultStubbingLookupListener	DefaultStubbingLookupListener(org.mockito.quality.Strictness)	currentStrictness	org.mockito.internal.junit.DefaultStubbingLookupListener	SOURCE
org.mockito.internal.junit.DefaultStubbingLookupListener	DefaultStubbingLookupListener(org.mockito.quality.Strictness)	this	org.mockito.internal.junit.DefaultStubbingLookupListener	SOURCE
org.mockito.internal.junit.DefaultStubbingLookupListener	onStubbingLookup(org.mockito.listeners.StubbingLookupEvent)	currentStrictness	org.mockito.internal.junit.DefaultStubbingLookupListener	SOURCE
org.mockito.internal.junit.DefaultStubbingLookupListener	onStubbingLookup(org.mockito.listeners.StubbingLookupEvent)	mismatchesReported	org.mockito.internal.junit.DefaultStubbingLookupListener	SOURCE
org.mockito.internal.junit.DefaultStubbingLookupListener	setCurrentStrictness(org.mockito.quality.Strictness)	currentStrictness	org.mockito.internal.junit.DefaultStubbingLookupListener	SOURCE
org.mockito.internal.junit.DefaultStubbingLookupListener	setCurrentStrictness(org.mockito.quality.Strictness)	this	org.mockito.internal.junit.DefaultStubbingLookupListener	SOURCE
org.mockito.internal.junit.DefaultStubbingLookupListener	isMismatchesReported()	mismatchesReported	org.mockito.internal.junit.DefaultStubbingLookupListener	SOURCE
org.mockito.internal.junit.StubbingHint	StubbingHint(java.lang.String)	hint	org.mockito.internal.junit.StubbingHint	SOURCE
org.mockito.internal.junit.StubbingHint	appendLine(java.lang.Object[])	hint	org.mockito.internal.junit.StubbingHint	SOURCE
org.mockito.internal.junit.StubbingHint	appendLine(java.lang.Object[])	hint	org.mockito.internal.junit.StubbingHint	SOURCE
org.mockito.internal.junit.StubbingHint	toString()	hint	org.mockito.internal.junit.StubbingHint	SOURCE
org.mockito.internal.junit.StrictStubsRunnerTestListener	onMockCreated(java.lang.Object,org.mockito.mock.MockCreationSettings)	stubbingLookupListener	org.mockito.internal.junit.StrictStubsRunnerTestListener	SOURCE
org.mockito.internal.junit.UnusedStubbings	UnusedStubbings(java.util.Collection)	unused	org.mockito.internal.junit.UnusedStubbings	SOURCE
org.mockito.internal.junit.UnusedStubbings	UnusedStubbings(java.util.Collection)	this	org.mockito.internal.junit.UnusedStubbings	SOURCE
org.mockito.internal.junit.UnusedStubbings	format(java.lang.String,org.mockito.plugins.MockitoLogger)	unused	org.mockito.internal.junit.UnusedStubbings	SOURCE
org.mockito.internal.junit.UnusedStubbings	format(java.lang.String,org.mockito.plugins.MockitoLogger)	unused	org.mockito.internal.junit.UnusedStubbings	SOURCE
org.mockito.internal.junit.UnusedStubbings	size()	unused	org.mockito.internal.junit.UnusedStubbings	SOURCE
org.mockito.internal.junit.UnusedStubbings	toString()	unused	org.mockito.internal.junit.UnusedStubbings	SOURCE
org.mockito.internal.junit.UnusedStubbings	reportUnused()	unused	org.mockito.internal.junit.UnusedStubbings	SOURCE
org.mockito.internal.junit.UnusedStubbings	reportUnused()	unused	org.mockito.internal.junit.UnusedStubbings	SOURCE
org.mockito.internal.junit.VerificationCollectorImpl	VerificationCollectorImpl()	this	org.mockito.internal.junit.VerificationCollectorImpl	SOURCE
org.mockito.internal.junit.VerificationCollectorImpl$1	evaluate()	this	org.mockito.internal.junit.VerificationCollectorImpl	SOURCE
org.mockito.internal.junit.VerificationCollectorImpl$1	evaluate()	this	org.mockito.internal.junit.VerificationCollectorImpl	SOURCE
org.mockito.internal.junit.VerificationCollectorImpl	collectAndReport()	numberOfFailures	org.mockito.internal.junit.VerificationCollectorImpl	SOURCE
org.mockito.internal.junit.VerificationCollectorImpl	collectAndReport()	this	org.mockito.internal.junit.VerificationCollectorImpl	SOURCE
org.mockito.internal.junit.VerificationCollectorImpl	collectAndReport()	builder	org.mockito.internal.junit.VerificationCollectorImpl	SOURCE
org.mockito.internal.junit.VerificationCollectorImpl	collectAndReport()	this	org.mockito.internal.junit.VerificationCollectorImpl	SOURCE
org.mockito.internal.junit.VerificationCollectorImpl	collectAndReport()	this	org.mockito.internal.junit.VerificationCollectorImpl	SOURCE
org.mockito.internal.junit.VerificationCollectorImpl	assertLazily()	this	org.mockito.internal.junit.VerificationCollectorImpl	SOURCE
org.mockito.internal.junit.VerificationCollectorImpl	resetBuilder()	builder	org.mockito.internal.junit.VerificationCollectorImpl	SOURCE
org.mockito.internal.junit.VerificationCollectorImpl	resetBuilder()	this	org.mockito.internal.junit.VerificationCollectorImpl	SOURCE
org.mockito.internal.junit.VerificationCollectorImpl	resetBuilder()	numberOfFailures	org.mockito.internal.junit.VerificationCollectorImpl	SOURCE
org.mockito.internal.junit.VerificationCollectorImpl	resetBuilder()	this	org.mockito.internal.junit.VerificationCollectorImpl	SOURCE
org.mockito.internal.junit.VerificationCollectorImpl	append(java.lang.String)	numberOfFailures	org.mockito.internal.junit.VerificationCollectorImpl	SOURCE
org.mockito.internal.junit.VerificationCollectorImpl	append(java.lang.String)	this	org.mockito.internal.junit.VerificationCollectorImpl	SOURCE
org.mockito.internal.junit.VerificationCollectorImpl	append(java.lang.String)	builder	org.mockito.internal.junit.VerificationCollectorImpl	SOURCE
org.mockito.internal.junit.VerificationCollectorImpl	append(java.lang.String)	this	org.mockito.internal.junit.VerificationCollectorImpl	SOURCE
org.mockito.internal.junit.VerificationCollectorImpl	append(java.lang.String)	numberOfFailures	org.mockito.internal.junit.VerificationCollectorImpl	SOURCE
org.mockito.internal.junit.VerificationCollectorImpl	append(java.lang.String)	this	org.mockito.internal.junit.VerificationCollectorImpl	SOURCE
org.mockito.internal.junit.VerificationCollectorImpl$VerificationWrapper	VerificationWrapper(org.mockito.verification.VerificationMode)	delegate	org.mockito.internal.junit.VerificationCollectorImpl$VerificationWrapper	SOURCE
org.mockito.internal.junit.VerificationCollectorImpl$VerificationWrapper	VerificationWrapper(org.mockito.verification.VerificationMode)	this	org.mockito.internal.junit.VerificationCollectorImpl$VerificationWrapper	SOURCE
org.mockito.internal.junit.VerificationCollectorImpl$VerificationWrapper	verify(org.mockito.internal.verification.api.VerificationData)	delegate	org.mockito.internal.junit.VerificationCollectorImpl$VerificationWrapper	SOURCE
org.mockito.internal.junit.VerificationCollectorImpl$VerificationWrapper	verify(org.mockito.internal.verification.api.VerificationData)	this	org.mockito.internal.junit.VerificationCollectorImpl$VerificationWrapper	SOURCE
org.mockito.internal.junit.VerificationCollectorImpl$VerificationWrapper	verify(org.mockito.internal.verification.api.VerificationData)	this	org.mockito.internal.junit.VerificationCollectorImpl	SOURCE
org.mockito.internal.junit.util.JUnitFailureHacker	getFieldFromHierarchy(java.lang.Class,java.lang.String)	class	java.lang.Object	SOURCE
org.mockito.internal.junit.JUnitTestRule	JUnitTestRule(org.mockito.plugins.MockitoLogger,org.mockito.quality.Strictness,java.lang.Object)	sessionStore	org.mockito.internal.junit.JUnitTestRule	SOURCE
org.mockito.internal.junit.JUnitTestRule	JUnitTestRule(org.mockito.plugins.MockitoLogger,org.mockito.quality.Strictness,java.lang.Object)	this	org.mockito.internal.junit.JUnitTestRule	SOURCE
org.mockito.internal.junit.JUnitTestRule	JUnitTestRule(org.mockito.plugins.MockitoLogger,org.mockito.quality.Strictness,java.lang.Object)	testInstance	org.mockito.internal.junit.JUnitTestRule	SOURCE
org.mockito.internal.junit.JUnitTestRule	JUnitTestRule(org.mockito.plugins.MockitoLogger,org.mockito.quality.Strictness,java.lang.Object)	this	org.mockito.internal.junit.JUnitTestRule	SOURCE
org.mockito.internal.junit.JUnitTestRule	apply(org.junit.runners.model.Statement,org.junit.runner.Description)	sessionStore	org.mockito.internal.junit.JUnitTestRule	SOURCE
org.mockito.internal.junit.JUnitTestRule	apply(org.junit.runners.model.Statement,org.junit.runner.Description)	testInstance	org.mockito.internal.junit.JUnitTestRule	SOURCE
org.mockito.internal.junit.JUnitTestRule	apply(org.junit.runners.model.Statement,org.junit.runner.Description)	this	org.mockito.internal.junit.JUnitTestRule	SOURCE
org.mockito.internal.junit.JUnitTestRule	strictness(org.mockito.quality.Strictness)	sessionStore	org.mockito.internal.junit.JUnitTestRule	SOURCE
org.mockito.internal.junit.JUnitTestRule	strictness(org.mockito.quality.Strictness)	this	org.mockito.internal.junit.JUnitTestRule	SOURCE
org.mockito.internal.junit.JUnitSessionStore	JUnitSessionStore(org.mockito.plugins.MockitoLogger,org.mockito.quality.Strictness)	logger	org.mockito.internal.junit.JUnitSessionStore	SOURCE
org.mockito.internal.junit.JUnitSessionStore	JUnitSessionStore(org.mockito.plugins.MockitoLogger,org.mockito.quality.Strictness)	this	org.mockito.internal.junit.JUnitSessionStore	SOURCE
org.mockito.internal.junit.JUnitSessionStore	JUnitSessionStore(org.mockito.plugins.MockitoLogger,org.mockito.quality.Strictness)	strictness	org.mockito.internal.junit.JUnitSessionStore	SOURCE
org.mockito.internal.junit.JUnitSessionStore	JUnitSessionStore(org.mockito.plugins.MockitoLogger,org.mockito.quality.Strictness)	this	org.mockito.internal.junit.JUnitSessionStore	SOURCE
org.mockito.internal.junit.JUnitSessionStore$1	evaluate()	session	org.mockito.internal.junit.JUnitSessionStore	SOURCE
org.mockito.internal.junit.JUnitSessionStore$1	evaluate()	session	org.mockito.internal.junit.JUnitSessionStore	SOURCE
org.mockito.internal.junit.JUnitSessionStore$1	evaluate()	strictness	org.mockito.internal.junit.JUnitSessionStore	SOURCE
org.mockito.internal.junit.JUnitSessionStore$1	evaluate()	logger	org.mockito.internal.junit.JUnitSessionStore	SOURCE
org.mockito.internal.junit.JUnitSessionStore$1	evaluate()	session	org.mockito.internal.junit.JUnitSessionStore	SOURCE
org.mockito.internal.junit.JUnitSessionStore	setStrictness(org.mockito.quality.Strictness)	strictness	org.mockito.internal.junit.JUnitSessionStore	SOURCE
org.mockito.internal.junit.JUnitSessionStore	setStrictness(org.mockito.quality.Strictness)	this	org.mockito.internal.junit.JUnitSessionStore	SOURCE
org.mockito.internal.junit.JUnitSessionStore	setStrictness(org.mockito.quality.Strictness)	session	org.mockito.internal.junit.JUnitSessionStore	SOURCE
org.mockito.internal.junit.JUnitSessionStore	setStrictness(org.mockito.quality.Strictness)	session	org.mockito.internal.junit.JUnitSessionStore	SOURCE
org.mockito.internal.junit.JUnitRule	JUnitRule(org.mockito.plugins.MockitoLogger,org.mockito.quality.Strictness)	sessionStore	org.mockito.internal.junit.JUnitRule	SOURCE
org.mockito.internal.junit.JUnitRule	JUnitRule(org.mockito.plugins.MockitoLogger,org.mockito.quality.Strictness)	this	org.mockito.internal.junit.JUnitRule	SOURCE
org.mockito.internal.junit.JUnitRule	apply(org.junit.runners.model.Statement,org.junit.runners.model.FrameworkMethod,java.lang.Object)	sessionStore	org.mockito.internal.junit.JUnitRule	SOURCE
org.mockito.internal.junit.JUnitRule	strictness(org.mockito.quality.Strictness)	sessionStore	org.mockito.internal.junit.JUnitRule	SOURCE
org.mockito.internal.junit.JUnitRule	strictness(org.mockito.quality.Strictness)	this	org.mockito.internal.junit.JUnitRule	SOURCE
org.mockito.internal.junit.UnnecessaryStubbingsReporter	validateUnusedStubs(java.lang.Class,org.junit.runner.notification.RunNotifier)	mocks	org.mockito.internal.junit.UnnecessaryStubbingsReporter	SOURCE
org.mockito.internal.junit.UnnecessaryStubbingsReporter	onMockCreated(java.lang.Object,org.mockito.mock.MockCreationSettings)	mocks	org.mockito.internal.junit.UnnecessaryStubbingsReporter	SOURCE
org.mockito.internal.junit.StubbingArgMismatches	add(org.mockito.invocation.Invocation,org.mockito.invocation.Invocation)	mismatches	org.mockito.internal.junit.StubbingArgMismatches	SOURCE
org.mockito.internal.junit.StubbingArgMismatches	add(org.mockito.invocation.Invocation,org.mockito.invocation.Invocation)	mismatches	org.mockito.internal.junit.StubbingArgMismatches	SOURCE
org.mockito.internal.junit.StubbingArgMismatches	format(java.lang.String,org.mockito.plugins.MockitoLogger)	mismatches	org.mockito.internal.junit.StubbingArgMismatches	SOURCE
org.mockito.internal.junit.StubbingArgMismatches	format(java.lang.String,org.mockito.plugins.MockitoLogger)	mismatches	org.mockito.internal.junit.StubbingArgMismatches	SOURCE
org.mockito.internal.junit.StubbingArgMismatches	size()	mismatches	org.mockito.internal.junit.StubbingArgMismatches	SOURCE
org.mockito.internal.junit.StubbingArgMismatches	toString()	mismatches	org.mockito.internal.junit.StubbingArgMismatches	SOURCE
org.mockito.internal.junit.ExceptionFactory	factory	factory	org.mockito.internal.junit.ExceptionFactory	SOURCE
org.mockito.internal.junit.ExceptionFactory	createArgumentsAreDifferentException(java.lang.String,java.lang.String,java.lang.String)	factory	org.mockito.internal.junit.ExceptionFactory	SOURCE
org.mockito.internal.junit.DefaultTestFinishedEvent	DefaultTestFinishedEvent(java.lang.Object,java.lang.String,java.lang.Throwable)	testClassInstance	org.mockito.internal.junit.DefaultTestFinishedEvent	SOURCE
org.mockito.internal.junit.DefaultTestFinishedEvent	DefaultTestFinishedEvent(java.lang.Object,java.lang.String,java.lang.Throwable)	this	org.mockito.internal.junit.DefaultTestFinishedEvent	SOURCE
org.mockito.internal.junit.DefaultTestFinishedEvent	DefaultTestFinishedEvent(java.lang.Object,java.lang.String,java.lang.Throwable)	testMethodName	org.mockito.internal.junit.DefaultTestFinishedEvent	SOURCE
org.mockito.internal.junit.DefaultTestFinishedEvent	DefaultTestFinishedEvent(java.lang.Object,java.lang.String,java.lang.Throwable)	this	org.mockito.internal.junit.DefaultTestFinishedEvent	SOURCE
org.mockito.internal.junit.DefaultTestFinishedEvent	DefaultTestFinishedEvent(java.lang.Object,java.lang.String,java.lang.Throwable)	testFailure	org.mockito.internal.junit.DefaultTestFinishedEvent	SOURCE
org.mockito.internal.junit.DefaultTestFinishedEvent	DefaultTestFinishedEvent(java.lang.Object,java.lang.String,java.lang.Throwable)	this	org.mockito.internal.junit.DefaultTestFinishedEvent	SOURCE
org.mockito.internal.junit.DefaultTestFinishedEvent	getFailure()	testFailure	org.mockito.internal.junit.DefaultTestFinishedEvent	SOURCE
org.mockito.internal.junit.DefaultTestFinishedEvent	getTestName()	testClassInstance	org.mockito.internal.junit.DefaultTestFinishedEvent	SOURCE
org.mockito.internal.junit.DefaultTestFinishedEvent	getTestName()	testMethodName	org.mockito.internal.junit.DefaultTestFinishedEvent	SOURCE
org.mockito.internal.junit.MismatchReportingTestListener	MismatchReportingTestListener(org.mockito.plugins.MockitoLogger)	logger	org.mockito.internal.junit.MismatchReportingTestListener	SOURCE
org.mockito.internal.junit.MismatchReportingTestListener	MismatchReportingTestListener(org.mockito.plugins.MockitoLogger)	this	org.mockito.internal.junit.MismatchReportingTestListener	SOURCE
org.mockito.internal.junit.MismatchReportingTestListener	testFinished(org.mockito.internal.junit.TestFinishedEvent)	mocks	org.mockito.internal.junit.MismatchReportingTestListener	SOURCE
org.mockito.internal.junit.MismatchReportingTestListener	testFinished(org.mockito.internal.junit.TestFinishedEvent)	mocks	org.mockito.internal.junit.MismatchReportingTestListener	SOURCE
org.mockito.internal.junit.MismatchReportingTestListener	testFinished(org.mockito.internal.junit.TestFinishedEvent)	mocks	org.mockito.internal.junit.MismatchReportingTestListener	SOURCE
org.mockito.internal.junit.MismatchReportingTestListener	testFinished(org.mockito.internal.junit.TestFinishedEvent)	logger	org.mockito.internal.junit.MismatchReportingTestListener	SOURCE
org.mockito.internal.junit.MismatchReportingTestListener	onMockCreated(java.lang.Object,org.mockito.mock.MockCreationSettings)	mocks	org.mockito.internal.junit.MismatchReportingTestListener	SOURCE
org.mockito.internal.junit.MismatchReportingTestListener	onMockCreated(java.lang.Object,org.mockito.mock.MockCreationSettings)	this	org.mockito.internal.junit.MismatchReportingTestListener	SOURCE
org.mockito.internal.invocation.mockref.MockStrongReference	MockStrongReference(T,boolean)	ref	org.mockito.internal.invocation.mockref.MockStrongReference	SOURCE
org.mockito.internal.invocation.mockref.MockStrongReference	MockStrongReference(T,boolean)	this	org.mockito.internal.invocation.mockref.MockStrongReference	SOURCE
org.mockito.internal.invocation.mockref.MockStrongReference	MockStrongReference(T,boolean)	deserializeAsWeakRef	org.mockito.internal.invocation.mockref.MockStrongReference	SOURCE
org.mockito.internal.invocation.mockref.MockStrongReference	MockStrongReference(T,boolean)	this	org.mockito.internal.invocation.mockref.MockStrongReference	SOURCE
org.mockito.internal.invocation.mockref.MockStrongReference	get()	ref	org.mockito.internal.invocation.mockref.MockStrongReference	SOURCE
org.mockito.internal.invocation.mockref.MockStrongReference	readResolve()	deserializeAsWeakRef	org.mockito.internal.invocation.mockref.MockStrongReference	SOURCE
org.mockito.internal.invocation.mockref.MockStrongReference	readResolve()	ref	org.mockito.internal.invocation.mockref.MockStrongReference	SOURCE
org.mockito.internal.invocation.mockref.MockStrongReference	readResolve()	this	org.mockito.internal.invocation.mockref.MockStrongReference	SOURCE
org.mockito.internal.invocation.MatchersBinder	validateMatchers(org.mockito.invocation.Invocation,java.util.List)	length	Array	SOURCE
org.mockito.internal.invocation.MatchersBinder	validateMatchers(org.mockito.invocation.Invocation,java.util.List)	length	Array	SOURCE
org.mockito.internal.invocation.StubInfoImpl	StubInfoImpl(org.mockito.invocation.DescribedInvocation)	stubbedAt	org.mockito.internal.invocation.StubInfoImpl	SOURCE
org.mockito.internal.invocation.StubInfoImpl	StubInfoImpl(org.mockito.invocation.DescribedInvocation)	this	org.mockito.internal.invocation.StubInfoImpl	SOURCE
org.mockito.internal.invocation.StubInfoImpl	stubbedAt()	stubbedAt	org.mockito.internal.invocation.StubInfoImpl	SOURCE
org.mockito.internal.matchers.InstanceOf	InstanceOf(java.lang.Class,java.lang.String)	clazz	org.mockito.internal.matchers.InstanceOf	SOURCE
org.mockito.internal.matchers.InstanceOf	InstanceOf(java.lang.Class,java.lang.String)	this	org.mockito.internal.matchers.InstanceOf	SOURCE
org.mockito.internal.matchers.InstanceOf	InstanceOf(java.lang.Class,java.lang.String)	description	org.mockito.internal.matchers.InstanceOf	SOURCE
org.mockito.internal.matchers.InstanceOf	InstanceOf(java.lang.Class,java.lang.String)	this	org.mockito.internal.matchers.InstanceOf	SOURCE
org.mockito.internal.matchers.InstanceOf	matches(java.lang.Object)	clazz	org.mockito.internal.matchers.InstanceOf	SOURCE
org.mockito.internal.matchers.InstanceOf	matches(java.lang.Object)	clazz	org.mockito.internal.matchers.InstanceOf	SOURCE
org.mockito.internal.matchers.InstanceOf	toString()	description	org.mockito.internal.matchers.InstanceOf	SOURCE
org.mockito.internal.matchers.Or	Or(org.mockito.ArgumentMatcher,org.mockito.ArgumentMatcher)	m1	org.mockito.internal.matchers.Or	SOURCE
org.mockito.internal.matchers.Or	Or(org.mockito.ArgumentMatcher,org.mockito.ArgumentMatcher)	this	org.mockito.internal.matchers.Or	SOURCE
org.mockito.internal.matchers.Or	Or(org.mockito.ArgumentMatcher,org.mockito.ArgumentMatcher)	m2	org.mockito.internal.matchers.Or	SOURCE
org.mockito.internal.matchers.Or	Or(org.mockito.ArgumentMatcher,org.mockito.ArgumentMatcher)	this	org.mockito.internal.matchers.Or	SOURCE
org.mockito.internal.matchers.Or	matches(java.lang.Object)	m1	org.mockito.internal.matchers.Or	SOURCE
org.mockito.internal.matchers.Or	matches(java.lang.Object)	m2	org.mockito.internal.matchers.Or	SOURCE
org.mockito.internal.matchers.Or	toString()	m1	org.mockito.internal.matchers.Or	SOURCE
org.mockito.internal.matchers.Or	toString()	m2	org.mockito.internal.matchers.Or	SOURCE
org.mockito.internal.matchers.CompareTo	CompareTo(T)	wanted	org.mockito.internal.matchers.CompareTo	SOURCE
org.mockito.internal.matchers.CompareTo	CompareTo(T)	this	org.mockito.internal.matchers.CompareTo	SOURCE
org.mockito.internal.matchers.CompareTo	matches(T)	wanted	org.mockito.internal.matchers.CompareTo	SOURCE
org.mockito.internal.matchers.CompareTo	matches(T)	wanted	org.mockito.internal.matchers.CompareTo	SOURCE
org.mockito.internal.matchers.CompareTo	toString()	wanted	org.mockito.internal.matchers.CompareTo	SOURCE
org.mockito.internal.matchers.Contains	Contains(java.lang.String)	substring	org.mockito.internal.matchers.Contains	SOURCE
org.mockito.internal.matchers.Contains	Contains(java.lang.String)	this	org.mockito.internal.matchers.Contains	SOURCE
org.mockito.internal.matchers.Contains	matches(java.lang.String)	substring	org.mockito.internal.matchers.Contains	SOURCE
org.mockito.internal.matchers.Contains	toString()	substring	org.mockito.internal.matchers.Contains	SOURCE
org.mockito.internal.matchers.Same	Same(java.lang.Object)	wanted	org.mockito.internal.matchers.Same	SOURCE
org.mockito.internal.matchers.Same	Same(java.lang.Object)	this	org.mockito.internal.matchers.Same	SOURCE
org.mockito.internal.matchers.Same	matches(java.lang.Object)	wanted	org.mockito.internal.matchers.Same	SOURCE
org.mockito.internal.matchers.Same	toString()	wanted	org.mockito.internal.matchers.Same	SOURCE
org.mockito.internal.matchers.EndsWith	EndsWith(java.lang.String)	suffix	org.mockito.internal.matchers.EndsWith	SOURCE
org.mockito.internal.matchers.EndsWith	EndsWith(java.lang.String)	this	org.mockito.internal.matchers.EndsWith	SOURCE
org.mockito.internal.matchers.EndsWith	matches(java.lang.String)	suffix	org.mockito.internal.matchers.EndsWith	SOURCE
org.mockito.internal.matchers.EndsWith	toString()	suffix	org.mockito.internal.matchers.EndsWith	SOURCE
org.mockito.internal.matchers.And	And(org.mockito.ArgumentMatcher,org.mockito.ArgumentMatcher)	m1	org.mockito.internal.matchers.And	SOURCE
org.mockito.internal.matchers.And	And(org.mockito.ArgumentMatcher,org.mockito.ArgumentMatcher)	this	org.mockito.internal.matchers.And	SOURCE
org.mockito.internal.matchers.And	And(org.mockito.ArgumentMatcher,org.mockito.ArgumentMatcher)	m2	org.mockito.internal.matchers.And	SOURCE
org.mockito.internal.matchers.And	And(org.mockito.ArgumentMatcher,org.mockito.ArgumentMatcher)	this	org.mockito.internal.matchers.And	SOURCE
org.mockito.internal.matchers.And	matches(java.lang.Object)	m1	org.mockito.internal.matchers.And	SOURCE
org.mockito.internal.matchers.And	matches(java.lang.Object)	m2	org.mockito.internal.matchers.And	SOURCE
org.mockito.internal.matchers.And	toString()	m1	org.mockito.internal.matchers.And	SOURCE
org.mockito.internal.matchers.And	toString()	m2	org.mockito.internal.matchers.And	SOURCE
org.mockito.internal.matchers.apachecommons.EqualsBuilder	reflectionAppend(java.lang.Object,java.lang.Object,java.lang.Class,org.mockito.internal.matchers.apachecommons.EqualsBuilder,boolean,java.lang.String[])	length	Array	SOURCE
org.mockito.internal.matchers.apachecommons.EqualsBuilder	reflectionAppend(java.lang.Object,java.lang.Object,java.lang.Class,org.mockito.internal.matchers.apachecommons.EqualsBuilder,boolean,java.lang.String[])	isEquals	org.mockito.internal.matchers.apachecommons.EqualsBuilder	SOURCE
org.mockito.internal.matchers.apachecommons.EqualsBuilder	appendSuper(boolean)	isEquals	org.mockito.internal.matchers.apachecommons.EqualsBuilder	SOURCE
org.mockito.internal.matchers.apachecommons.EqualsBuilder	appendSuper(boolean)	this	org.mockito.internal.matchers.apachecommons.EqualsBuilder	SOURCE
org.mockito.internal.matchers.apachecommons.EqualsBuilder	append(java.lang.Object,java.lang.Object)	isEquals	org.mockito.internal.matchers.apachecommons.EqualsBuilder	SOURCE
org.mockito.internal.matchers.apachecommons.EqualsBuilder	append(java.lang.Object,java.lang.Object)	this	org.mockito.internal.matchers.apachecommons.EqualsBuilder	SOURCE
org.mockito.internal.matchers.apachecommons.EqualsBuilder	append(java.lang.Object,java.lang.Object)	this	org.mockito.internal.matchers.apachecommons.EqualsBuilder	SOURCE
org.mockito.internal.matchers.apachecommons.EqualsBuilder	append(java.lang.Object,java.lang.Object)	this	org.mockito.internal.matchers.apachecommons.EqualsBuilder	SOURCE
org.mockito.internal.matchers.apachecommons.EqualsBuilder	append(java.lang.Object,java.lang.Object)	this	org.mockito.internal.matchers.apachecommons.EqualsBuilder	SOURCE
org.mockito.internal.matchers.apachecommons.EqualsBuilder	append(java.lang.Object,java.lang.Object)	isEquals	org.mockito.internal.matchers.apachecommons.EqualsBuilder	SOURCE
org.mockito.internal.matchers.apachecommons.EqualsBuilder	append(java.lang.Object,java.lang.Object)	isEquals	org.mockito.internal.matchers.apachecommons.EqualsBuilder	SOURCE
org.mockito.internal.matchers.apachecommons.EqualsBuilder	append(java.lang.Object,java.lang.Object)	this	org.mockito.internal.matchers.apachecommons.EqualsBuilder	SOURCE
org.mockito.internal.matchers.apachecommons.EqualsBuilder	append(java.lang.Object,java.lang.Object)	this	org.mockito.internal.matchers.apachecommons.EqualsBuilder	SOURCE
org.mockito.internal.matchers.apachecommons.EqualsBuilder	append(long,long)	isEquals	org.mockito.internal.matchers.apachecommons.EqualsBuilder	SOURCE
org.mockito.internal.matchers.apachecommons.EqualsBuilder	append(long,long)	this	org.mockito.internal.matchers.apachecommons.EqualsBuilder	SOURCE
org.mockito.internal.matchers.apachecommons.EqualsBuilder	append(int,int)	isEquals	org.mockito.internal.matchers.apachecommons.EqualsBuilder	SOURCE
org.mockito.internal.matchers.apachecommons.EqualsBuilder	append(int,int)	this	org.mockito.internal.matchers.apachecommons.EqualsBuilder	SOURCE
org.mockito.internal.matchers.apachecommons.EqualsBuilder	append(short,short)	isEquals	org.mockito.internal.matchers.apachecommons.EqualsBuilder	SOURCE
org.mockito.internal.matchers.apachecommons.EqualsBuilder	append(short,short)	this	org.mockito.internal.matchers.apachecommons.EqualsBuilder	SOURCE
org.mockito.internal.matchers.apachecommons.EqualsBuilder	append(char,char)	isEquals	org.mockito.internal.matchers.apachecommons.EqualsBuilder	SOURCE
org.mockito.internal.matchers.apachecommons.EqualsBuilder	append(char,char)	this	org.mockito.internal.matchers.apachecommons.EqualsBuilder	SOURCE
org.mockito.internal.matchers.apachecommons.EqualsBuilder	append(byte,byte)	isEquals	org.mockito.internal.matchers.apachecommons.EqualsBuilder	SOURCE
org.mockito.internal.matchers.apachecommons.EqualsBuilder	append(byte,byte)	this	org.mockito.internal.matchers.apachecommons.EqualsBuilder	SOURCE
org.mockito.internal.matchers.apachecommons.EqualsBuilder	append(double,double)	isEquals	org.mockito.internal.matchers.apachecommons.EqualsBuilder	SOURCE
org.mockito.internal.matchers.apachecommons.EqualsBuilder	append(double,double)	this	org.mockito.internal.matchers.apachecommons.EqualsBuilder	SOURCE
org.mockito.internal.matchers.apachecommons.EqualsBuilder	append(float,float)	isEquals	org.mockito.internal.matchers.apachecommons.EqualsBuilder	SOURCE
org.mockito.internal.matchers.apachecommons.EqualsBuilder	append(float,float)	this	org.mockito.internal.matchers.apachecommons.EqualsBuilder	SOURCE
org.mockito.internal.matchers.apachecommons.EqualsBuilder	append(boolean,boolean)	isEquals	org.mockito.internal.matchers.apachecommons.EqualsBuilder	SOURCE
org.mockito.internal.matchers.apachecommons.EqualsBuilder	append(boolean,boolean)	this	org.mockito.internal.matchers.apachecommons.EqualsBuilder	SOURCE
org.mockito.internal.matchers.apachecommons.EqualsBuilder	append(java.lang.Object[],java.lang.Object[])	isEquals	org.mockito.internal.matchers.apachecommons.EqualsBuilder	SOURCE
org.mockito.internal.matchers.apachecommons.EqualsBuilder	append(java.lang.Object[],java.lang.Object[])	this	org.mockito.internal.matchers.apachecommons.EqualsBuilder	SOURCE
org.mockito.internal.matchers.apachecommons.EqualsBuilder	append(java.lang.Object[],java.lang.Object[])	this	org.mockito.internal.matchers.apachecommons.EqualsBuilder	SOURCE
org.mockito.internal.matchers.apachecommons.EqualsBuilder	append(java.lang.Object[],java.lang.Object[])	this	org.mockito.internal.matchers.apachecommons.EqualsBuilder	SOURCE
org.mockito.internal.matchers.apachecommons.EqualsBuilder	append(java.lang.Object[],java.lang.Object[])	this	org.mockito.internal.matchers.apachecommons.EqualsBuilder	SOURCE
org.mockito.internal.matchers.apachecommons.EqualsBuilder	append(java.lang.Object[],java.lang.Object[])	length	Array	SOURCE
org.mockito.internal.matchers.apachecommons.EqualsBuilder	append(java.lang.Object[],java.lang.Object[])	length	Array	SOURCE
org.mockito.internal.matchers.apachecommons.EqualsBuilder	append(java.lang.Object[],java.lang.Object[])	this	org.mockito.internal.matchers.apachecommons.EqualsBuilder	SOURCE
org.mockito.internal.matchers.apachecommons.EqualsBuilder	append(java.lang.Object[],java.lang.Object[])	this	org.mockito.internal.matchers.apachecommons.EqualsBuilder	SOURCE
org.mockito.internal.matchers.apachecommons.EqualsBuilder	append(java.lang.Object[],java.lang.Object[])	length	Array	SOURCE
org.mockito.internal.matchers.apachecommons.EqualsBuilder	append(java.lang.Object[],java.lang.Object[])	isEquals	org.mockito.internal.matchers.apachecommons.EqualsBuilder	SOURCE
org.mockito.internal.matchers.apachecommons.EqualsBuilder	append(java.lang.Object[],java.lang.Object[])	this	org.mockito.internal.matchers.apachecommons.EqualsBuilder	SOURCE
org.mockito.internal.matchers.apachecommons.EqualsBuilder	append(long[],long[])	isEquals	org.mockito.internal.matchers.apachecommons.EqualsBuilder	SOURCE
org.mockito.internal.matchers.apachecommons.EqualsBuilder	append(long[],long[])	this	org.mockito.internal.matchers.apachecommons.EqualsBuilder	SOURCE
org.mockito.internal.matchers.apachecommons.EqualsBuilder	append(long[],long[])	this	org.mockito.internal.matchers.apachecommons.EqualsBuilder	SOURCE
org.mockito.internal.matchers.apachecommons.EqualsBuilder	append(long[],long[])	this	org.mockito.internal.matchers.apachecommons.EqualsBuilder	SOURCE
org.mockito.internal.matchers.apachecommons.EqualsBuilder	append(long[],long[])	this	org.mockito.internal.matchers.apachecommons.EqualsBuilder	SOURCE
org.mockito.internal.matchers.apachecommons.EqualsBuilder	append(long[],long[])	length	Array	SOURCE
org.mockito.internal.matchers.apachecommons.EqualsBuilder	append(long[],long[])	length	Array	SOURCE
org.mockito.internal.matchers.apachecommons.EqualsBuilder	append(long[],long[])	this	org.mockito.internal.matchers.apachecommons.EqualsBuilder	SOURCE
org.mockito.internal.matchers.apachecommons.EqualsBuilder	append(long[],long[])	this	org.mockito.internal.matchers.apachecommons.EqualsBuilder	SOURCE
org.mockito.internal.matchers.apachecommons.EqualsBuilder	append(long[],long[])	length	Array	SOURCE
org.mockito.internal.matchers.apachecommons.EqualsBuilder	append(long[],long[])	isEquals	org.mockito.internal.matchers.apachecommons.EqualsBuilder	SOURCE
org.mockito.internal.matchers.apachecommons.EqualsBuilder	append(long[],long[])	this	org.mockito.internal.matchers.apachecommons.EqualsBuilder	SOURCE
org.mockito.internal.matchers.apachecommons.EqualsBuilder	append(int[],int[])	isEquals	org.mockito.internal.matchers.apachecommons.EqualsBuilder	SOURCE
org.mockito.internal.matchers.apachecommons.EqualsBuilder	append(int[],int[])	this	org.mockito.internal.matchers.apachecommons.EqualsBuilder	SOURCE
org.mockito.internal.matchers.apachecommons.EqualsBuilder	append(int[],int[])	this	org.mockito.internal.matchers.apachecommons.EqualsBuilder	SOURCE
org.mockito.internal.matchers.apachecommons.EqualsBuilder	append(int[],int[])	this	org.mockito.internal.matchers.apachecommons.EqualsBuilder	SOURCE
org.mockito.internal.matchers.apachecommons.EqualsBuilder	append(int[],int[])	this	org.mockito.internal.matchers.apachecommons.EqualsBuilder	SOURCE
org.mockito.internal.matchers.apachecommons.EqualsBuilder	append(int[],int[])	length	Array	SOURCE
org.mockito.internal.matchers.apachecommons.EqualsBuilder	append(int[],int[])	length	Array	SOURCE
org.mockito.internal.matchers.apachecommons.EqualsBuilder	append(int[],int[])	this	org.mockito.internal.matchers.apachecommons.EqualsBuilder	SOURCE
org.mockito.internal.matchers.apachecommons.EqualsBuilder	append(int[],int[])	this	org.mockito.internal.matchers.apachecommons.EqualsBuilder	SOURCE
org.mockito.internal.matchers.apachecommons.EqualsBuilder	append(int[],int[])	length	Array	SOURCE
org.mockito.internal.matchers.apachecommons.EqualsBuilder	append(int[],int[])	isEquals	org.mockito.internal.matchers.apachecommons.EqualsBuilder	SOURCE
org.mockito.internal.matchers.apachecommons.EqualsBuilder	append(int[],int[])	this	org.mockito.internal.matchers.apachecommons.EqualsBuilder	SOURCE
org.mockito.internal.matchers.apachecommons.EqualsBuilder	append(short[],short[])	isEquals	org.mockito.internal.matchers.apachecommons.EqualsBuilder	SOURCE
org.mockito.internal.matchers.apachecommons.EqualsBuilder	append(short[],short[])	this	org.mockito.internal.matchers.apachecommons.EqualsBuilder	SOURCE
org.mockito.internal.matchers.apachecommons.EqualsBuilder	append(short[],short[])	this	org.mockito.internal.matchers.apachecommons.EqualsBuilder	SOURCE
org.mockito.internal.matchers.apachecommons.EqualsBuilder	append(short[],short[])	this	org.mockito.internal.matchers.apachecommons.EqualsBuilder	SOURCE
org.mockito.internal.matchers.apachecommons.EqualsBuilder	append(short[],short[])	this	org.mockito.internal.matchers.apachecommons.EqualsBuilder	SOURCE
org.mockito.internal.matchers.apachecommons.EqualsBuilder	append(short[],short[])	length	Array	SOURCE
org.mockito.internal.matchers.apachecommons.EqualsBuilder	append(short[],short[])	length	Array	SOURCE
org.mockito.internal.matchers.apachecommons.EqualsBuilder	append(short[],short[])	this	org.mockito.internal.matchers.apachecommons.EqualsBuilder	SOURCE
org.mockito.internal.matchers.apachecommons.EqualsBuilder	append(short[],short[])	this	org.mockito.internal.matchers.apachecommons.EqualsBuilder	SOURCE
org.mockito.internal.matchers.apachecommons.EqualsBuilder	append(short[],short[])	length	Array	SOURCE
org.mockito.internal.matchers.apachecommons.EqualsBuilder	append(short[],short[])	isEquals	org.mockito.internal.matchers.apachecommons.EqualsBuilder	SOURCE
org.mockito.internal.matchers.apachecommons.EqualsBuilder	append(short[],short[])	this	org.mockito.internal.matchers.apachecommons.EqualsBuilder	SOURCE
org.mockito.internal.matchers.apachecommons.EqualsBuilder	append(char[],char[])	isEquals	org.mockito.internal.matchers.apachecommons.EqualsBuilder	SOURCE
org.mockito.internal.matchers.apachecommons.EqualsBuilder	append(char[],char[])	this	org.mockito.internal.matchers.apachecommons.EqualsBuilder	SOURCE
org.mockito.internal.matchers.apachecommons.EqualsBuilder	append(char[],char[])	this	org.mockito.internal.matchers.apachecommons.EqualsBuilder	SOURCE
org.mockito.internal.matchers.apachecommons.EqualsBuilder	append(char[],char[])	this	org.mockito.internal.matchers.apachecommons.EqualsBuilder	SOURCE
org.mockito.internal.matchers.apachecommons.EqualsBuilder	append(char[],char[])	this	org.mockito.internal.matchers.apachecommons.EqualsBuilder	SOURCE
org.mockito.internal.matchers.apachecommons.EqualsBuilder	append(char[],char[])	length	Array	SOURCE
org.mockito.internal.matchers.apachecommons.EqualsBuilder	append(char[],char[])	length	Array	SOURCE
org.mockito.internal.matchers.apachecommons.EqualsBuilder	append(char[],char[])	this	org.mockito.internal.matchers.apachecommons.EqualsBuilder	SOURCE
org.mockito.internal.matchers.apachecommons.EqualsBuilder	append(char[],char[])	this	org.mockito.internal.matchers.apachecommons.EqualsBuilder	SOURCE
org.mockito.internal.matchers.apachecommons.EqualsBuilder	append(char[],char[])	length	Array	SOURCE
org.mockito.internal.matchers.apachecommons.EqualsBuilder	append(char[],char[])	isEquals	org.mockito.internal.matchers.apachecommons.EqualsBuilder	SOURCE
org.mockito.internal.matchers.apachecommons.EqualsBuilder	append(char[],char[])	this	org.mockito.internal.matchers.apachecommons.EqualsBuilder	SOURCE
org.mockito.internal.matchers.apachecommons.EqualsBuilder	append(byte[],byte[])	isEquals	org.mockito.internal.matchers.apachecommons.EqualsBuilder	SOURCE
org.mockito.internal.matchers.apachecommons.EqualsBuilder	append(byte[],byte[])	this	org.mockito.internal.matchers.apachecommons.EqualsBuilder	SOURCE
org.mockito.internal.matchers.apachecommons.EqualsBuilder	append(byte[],byte[])	this	org.mockito.internal.matchers.apachecommons.EqualsBuilder	SOURCE
org.mockito.internal.matchers.apachecommons.EqualsBuilder	append(byte[],byte[])	this	org.mockito.internal.matchers.apachecommons.EqualsBuilder	SOURCE
org.mockito.internal.matchers.apachecommons.EqualsBuilder	append(byte[],byte[])	this	org.mockito.internal.matchers.apachecommons.EqualsBuilder	SOURCE
org.mockito.internal.matchers.apachecommons.EqualsBuilder	append(byte[],byte[])	length	Array	SOURCE
org.mockito.internal.matchers.apachecommons.EqualsBuilder	append(byte[],byte[])	length	Array	SOURCE
org.mockito.internal.matchers.apachecommons.EqualsBuilder	append(byte[],byte[])	this	org.mockito.internal.matchers.apachecommons.EqualsBuilder	SOURCE
org.mockito.internal.matchers.apachecommons.EqualsBuilder	append(byte[],byte[])	this	org.mockito.internal.matchers.apachecommons.EqualsBuilder	SOURCE
org.mockito.internal.matchers.apachecommons.EqualsBuilder	append(byte[],byte[])	length	Array	SOURCE
org.mockito.internal.matchers.apachecommons.EqualsBuilder	append(byte[],byte[])	isEquals	org.mockito.internal.matchers.apachecommons.EqualsBuilder	SOURCE
org.mockito.internal.matchers.apachecommons.EqualsBuilder	append(byte[],byte[])	this	org.mockito.internal.matchers.apachecommons.EqualsBuilder	SOURCE
org.mockito.internal.matchers.apachecommons.EqualsBuilder	append(double[],double[])	isEquals	org.mockito.internal.matchers.apachecommons.EqualsBuilder	SOURCE
org.mockito.internal.matchers.apachecommons.EqualsBuilder	append(double[],double[])	this	org.mockito.internal.matchers.apachecommons.EqualsBuilder	SOURCE
org.mockito.internal.matchers.apachecommons.EqualsBuilder	append(double[],double[])	this	org.mockito.internal.matchers.apachecommons.EqualsBuilder	SOURCE
org.mockito.internal.matchers.apachecommons.EqualsBuilder	append(double[],double[])	this	org.mockito.internal.matchers.apachecommons.EqualsBuilder	SOURCE
org.mockito.internal.matchers.apachecommons.EqualsBuilder	append(double[],double[])	this	org.mockito.internal.matchers.apachecommons.EqualsBuilder	SOURCE
org.mockito.internal.matchers.apachecommons.EqualsBuilder	append(double[],double[])	length	Array	SOURCE
org.mockito.internal.matchers.apachecommons.EqualsBuilder	append(double[],double[])	length	Array	SOURCE
org.mockito.internal.matchers.apachecommons.EqualsBuilder	append(double[],double[])	this	org.mockito.internal.matchers.apachecommons.EqualsBuilder	SOURCE
org.mockito.internal.matchers.apachecommons.EqualsBuilder	append(double[],double[])	this	org.mockito.internal.matchers.apachecommons.EqualsBuilder	SOURCE
org.mockito.internal.matchers.apachecommons.EqualsBuilder	append(double[],double[])	length	Array	SOURCE
org.mockito.internal.matchers.apachecommons.EqualsBuilder	append(double[],double[])	isEquals	org.mockito.internal.matchers.apachecommons.EqualsBuilder	SOURCE
org.mockito.internal.matchers.apachecommons.EqualsBuilder	append(double[],double[])	this	org.mockito.internal.matchers.apachecommons.EqualsBuilder	SOURCE
org.mockito.internal.matchers.apachecommons.EqualsBuilder	append(float[],float[])	isEquals	org.mockito.internal.matchers.apachecommons.EqualsBuilder	SOURCE
org.mockito.internal.matchers.apachecommons.EqualsBuilder	append(float[],float[])	this	org.mockito.internal.matchers.apachecommons.EqualsBuilder	SOURCE
org.mockito.internal.matchers.apachecommons.EqualsBuilder	append(float[],float[])	this	org.mockito.internal.matchers.apachecommons.EqualsBuilder	SOURCE
org.mockito.internal.matchers.apachecommons.EqualsBuilder	append(float[],float[])	this	org.mockito.internal.matchers.apachecommons.EqualsBuilder	SOURCE
org.mockito.internal.matchers.apachecommons.EqualsBuilder	append(float[],float[])	this	org.mockito.internal.matchers.apachecommons.EqualsBuilder	SOURCE
org.mockito.internal.matchers.apachecommons.EqualsBuilder	append(float[],float[])	length	Array	SOURCE
org.mockito.internal.matchers.apachecommons.EqualsBuilder	append(float[],float[])	length	Array	SOURCE
org.mockito.internal.matchers.apachecommons.EqualsBuilder	append(float[],float[])	this	org.mockito.internal.matchers.apachecommons.EqualsBuilder	SOURCE
org.mockito.internal.matchers.apachecommons.EqualsBuilder	append(float[],float[])	this	org.mockito.internal.matchers.apachecommons.EqualsBuilder	SOURCE
org.mockito.internal.matchers.apachecommons.EqualsBuilder	append(float[],float[])	length	Array	SOURCE
org.mockito.internal.matchers.apachecommons.EqualsBuilder	append(float[],float[])	isEquals	org.mockito.internal.matchers.apachecommons.EqualsBuilder	SOURCE
org.mockito.internal.matchers.apachecommons.EqualsBuilder	append(float[],float[])	this	org.mockito.internal.matchers.apachecommons.EqualsBuilder	SOURCE
org.mockito.internal.matchers.apachecommons.EqualsBuilder	append(boolean[],boolean[])	isEquals	org.mockito.internal.matchers.apachecommons.EqualsBuilder	SOURCE
org.mockito.internal.matchers.apachecommons.EqualsBuilder	append(boolean[],boolean[])	this	org.mockito.internal.matchers.apachecommons.EqualsBuilder	SOURCE
org.mockito.internal.matchers.apachecommons.EqualsBuilder	append(boolean[],boolean[])	this	org.mockito.internal.matchers.apachecommons.EqualsBuilder	SOURCE
org.mockito.internal.matchers.apachecommons.EqualsBuilder	append(boolean[],boolean[])	this	org.mockito.internal.matchers.apachecommons.EqualsBuilder	SOURCE
org.mockito.internal.matchers.apachecommons.EqualsBuilder	append(boolean[],boolean[])	this	org.mockito.internal.matchers.apachecommons.EqualsBuilder	SOURCE
org.mockito.internal.matchers.apachecommons.EqualsBuilder	append(boolean[],boolean[])	length	Array	SOURCE
org.mockito.internal.matchers.apachecommons.EqualsBuilder	append(boolean[],boolean[])	length	Array	SOURCE
org.mockito.internal.matchers.apachecommons.EqualsBuilder	append(boolean[],boolean[])	this	org.mockito.internal.matchers.apachecommons.EqualsBuilder	SOURCE
org.mockito.internal.matchers.apachecommons.EqualsBuilder	append(boolean[],boolean[])	this	org.mockito.internal.matchers.apachecommons.EqualsBuilder	SOURCE
org.mockito.internal.matchers.apachecommons.EqualsBuilder	append(boolean[],boolean[])	length	Array	SOURCE
org.mockito.internal.matchers.apachecommons.EqualsBuilder	append(boolean[],boolean[])	isEquals	org.mockito.internal.matchers.apachecommons.EqualsBuilder	SOURCE
org.mockito.internal.matchers.apachecommons.EqualsBuilder	append(boolean[],boolean[])	this	org.mockito.internal.matchers.apachecommons.EqualsBuilder	SOURCE
org.mockito.internal.matchers.apachecommons.EqualsBuilder	isEquals()	isEquals	org.mockito.internal.matchers.apachecommons.EqualsBuilder	SOURCE
org.mockito.internal.matchers.apachecommons.EqualsBuilder	isEquals()	this	org.mockito.internal.matchers.apachecommons.EqualsBuilder	SOURCE
org.mockito.internal.matchers.apachecommons.EqualsBuilder	setEquals(boolean)	isEquals	org.mockito.internal.matchers.apachecommons.EqualsBuilder	SOURCE
org.mockito.internal.matchers.apachecommons.EqualsBuilder	setEquals(boolean)	this	org.mockito.internal.matchers.apachecommons.EqualsBuilder	SOURCE
org.mockito.internal.matchers.apachecommons.ReflectionEquals	ReflectionEquals(java.lang.Object,java.lang.String[])	wanted	org.mockito.internal.matchers.apachecommons.ReflectionEquals	SOURCE
org.mockito.internal.matchers.apachecommons.ReflectionEquals	ReflectionEquals(java.lang.Object,java.lang.String[])	this	org.mockito.internal.matchers.apachecommons.ReflectionEquals	SOURCE
org.mockito.internal.matchers.apachecommons.ReflectionEquals	ReflectionEquals(java.lang.Object,java.lang.String[])	excludeFields	org.mockito.internal.matchers.apachecommons.ReflectionEquals	SOURCE
org.mockito.internal.matchers.apachecommons.ReflectionEquals	ReflectionEquals(java.lang.Object,java.lang.String[])	this	org.mockito.internal.matchers.apachecommons.ReflectionEquals	SOURCE
org.mockito.internal.matchers.apachecommons.ReflectionEquals	matches(java.lang.Object)	wanted	org.mockito.internal.matchers.apachecommons.ReflectionEquals	SOURCE
org.mockito.internal.matchers.apachecommons.ReflectionEquals	matches(java.lang.Object)	excludeFields	org.mockito.internal.matchers.apachecommons.ReflectionEquals	SOURCE
org.mockito.internal.matchers.apachecommons.ReflectionEquals	toString()	wanted	org.mockito.internal.matchers.apachecommons.ReflectionEquals	SOURCE
org.mockito.internal.matchers.Equals	Equals(java.lang.Object)	wanted	org.mockito.internal.matchers.Equals	SOURCE
org.mockito.internal.matchers.Equals	Equals(java.lang.Object)	this	org.mockito.internal.matchers.Equals	SOURCE
org.mockito.internal.matchers.Equals	matches(java.lang.Object)	wanted	org.mockito.internal.matchers.Equals	SOURCE
org.mockito.internal.matchers.Equals	matches(java.lang.Object)	this	org.mockito.internal.matchers.Equals	SOURCE
org.mockito.internal.matchers.Equals	toString()	wanted	org.mockito.internal.matchers.Equals	SOURCE
org.mockito.internal.matchers.Equals	getWanted()	wanted	org.mockito.internal.matchers.Equals	SOURCE
org.mockito.internal.matchers.Equals	equals(java.lang.Object)	this	org.mockito.internal.matchers.Equals	SOURCE
org.mockito.internal.matchers.Equals	equals(java.lang.Object)	wanted	org.mockito.internal.matchers.Equals	SOURCE
org.mockito.internal.matchers.Equals	equals(java.lang.Object)	this	org.mockito.internal.matchers.Equals	SOURCE
org.mockito.internal.matchers.Equals	equals(java.lang.Object)	wanted	org.mockito.internal.matchers.Equals	SOURCE
org.mockito.internal.matchers.Equals	equals(java.lang.Object)	wanted	org.mockito.internal.matchers.Equals	SOURCE
org.mockito.internal.matchers.Equals	equals(java.lang.Object)	this	org.mockito.internal.matchers.Equals	SOURCE
org.mockito.internal.matchers.Equals	equals(java.lang.Object)	wanted	org.mockito.internal.matchers.Equals	SOURCE
org.mockito.internal.matchers.Equals	equals(java.lang.Object)	this	org.mockito.internal.matchers.Equals	SOURCE
org.mockito.internal.matchers.Equals	equals(java.lang.Object)	wanted	org.mockito.internal.matchers.Equals	SOURCE
org.mockito.internal.matchers.Equals	toStringWithType()	wanted	org.mockito.internal.matchers.Equals	SOURCE
org.mockito.internal.matchers.Equals	toStringWithType()	wanted	org.mockito.internal.matchers.Equals	SOURCE
org.mockito.internal.matchers.Equals	typeMatches(java.lang.Object)	wanted	org.mockito.internal.matchers.Equals	SOURCE
org.mockito.internal.matchers.Equals	typeMatches(java.lang.Object)	wanted	org.mockito.internal.matchers.Equals	SOURCE
org.mockito.internal.matchers.Find	Find(java.lang.String)	regex	org.mockito.internal.matchers.Find	SOURCE
org.mockito.internal.matchers.Find	Find(java.lang.String)	this	org.mockito.internal.matchers.Find	SOURCE
org.mockito.internal.matchers.Find	matches(java.lang.String)	regex	org.mockito.internal.matchers.Find	SOURCE
org.mockito.internal.matchers.Find	toString()	regex	org.mockito.internal.matchers.Find	SOURCE
org.mockito.internal.matchers.Matches	Matches(java.util.regex.Pattern)	pattern	org.mockito.internal.matchers.Matches	SOURCE
org.mockito.internal.matchers.Matches	Matches(java.util.regex.Pattern)	this	org.mockito.internal.matchers.Matches	SOURCE
org.mockito.internal.matchers.Matches	matches(java.lang.Object)	pattern	org.mockito.internal.matchers.Matches	SOURCE
org.mockito.internal.matchers.Matches	toString()	pattern	org.mockito.internal.matchers.Matches	SOURCE
org.mockito.internal.matchers.StartsWith	StartsWith(java.lang.String)	prefix	org.mockito.internal.matchers.StartsWith	SOURCE
org.mockito.internal.matchers.StartsWith	StartsWith(java.lang.String)	this	org.mockito.internal.matchers.StartsWith	SOURCE
org.mockito.internal.matchers.StartsWith	matches(java.lang.String)	prefix	org.mockito.internal.matchers.StartsWith	SOURCE
org.mockito.internal.matchers.StartsWith	toString()	prefix	org.mockito.internal.matchers.StartsWith	SOURCE
org.mockito.internal.matchers.Not	Not(org.mockito.ArgumentMatcher)	matcher	org.mockito.internal.matchers.Not	SOURCE
org.mockito.internal.matchers.Not	Not(org.mockito.ArgumentMatcher)	this	org.mockito.internal.matchers.Not	SOURCE
org.mockito.internal.matchers.Not	matches(java.lang.Object)	matcher	org.mockito.internal.matchers.Not	SOURCE
org.mockito.internal.matchers.Not	toString()	matcher	org.mockito.internal.matchers.Not	SOURCE
org.mockito.internal.matchers.text.FormattedText	FormattedText(java.lang.String)	text	org.mockito.internal.matchers.text.FormattedText	SOURCE
org.mockito.internal.matchers.text.FormattedText	FormattedText(java.lang.String)	this	org.mockito.internal.matchers.text.FormattedText	SOURCE
org.mockito.internal.matchers.text.FormattedText	getText()	text	org.mockito.internal.matchers.text.FormattedText	SOURCE
org.mockito.internal.matchers.text.MatcherToString	toString(org.mockito.ArgumentMatcher)	class	java.lang.Object	SOURCE
org.mockito.internal.matchers.text.ValuePrinter$1	hasNext()	currentIndex	org.mockito.internal.matchers.text.ValuePrinter$1	SOURCE
org.mockito.internal.matchers.text.ValuePrinter$1	next()	currentIndex	org.mockito.internal.matchers.text.ValuePrinter$1	SOURCE
org.mockito.internal.reporting.PrintSettings	setMultiline(boolean)	multiline	org.mockito.internal.reporting.PrintSettings	SOURCE
org.mockito.internal.reporting.PrintSettings	setMultiline(boolean)	this	org.mockito.internal.reporting.PrintSettings	SOURCE
org.mockito.internal.reporting.PrintSettings	isMultiline()	multiline	org.mockito.internal.reporting.PrintSettings	SOURCE
org.mockito.internal.reporting.PrintSettings	extraTypeInfoFor(int)	withTypeInfo	org.mockito.internal.reporting.PrintSettings	SOURCE
org.mockito.internal.reporting.PrintSettings	setMatchersToBeDescribedWithExtraTypeInfo(java.lang.Integer[])	withTypeInfo	org.mockito.internal.reporting.PrintSettings	SOURCE
org.mockito.internal.reporting.PrintSettings	setMatchersToBeDescribedWithExtraTypeInfo(java.lang.Integer[])	this	org.mockito.internal.reporting.PrintSettings	SOURCE
org.mockito.internal.reporting.PrintSettings	print(java.util.List,org.mockito.invocation.Invocation)	this	org.mockito.internal.reporting.PrintSettings	SOURCE
org.mockito.internal.reporting.PrintSettings	print(java.util.List,org.mockito.invocation.Invocation)	MAX_LINE_LENGTH	org.mockito.internal.reporting.PrintSettings	SOURCE
org.mockito.internal.reporting.PrintSettings	print(java.util.List,org.mockito.invocation.Invocation)	this	org.mockito.internal.reporting.PrintSettings	SOURCE
org.mockito.internal.matchers.ArrayEquals	matches(java.lang.Object)	super	org.mockito.internal.matchers.ArrayEquals	SOURCE
org.mockito.internal.matchers.ArrayEquals	toString()	super	org.mockito.internal.matchers.ArrayEquals	SOURCE
org.mockito.internal.matchers.ArrayEquals	appendArray(java.lang.Object[])	length	Array	SOURCE
org.mockito.internal.matchers.ArrayEquals	appendArray(java.lang.Object[])	length	Array	SOURCE
org.mockito.internal.matchers.EqualsWithDelta	EqualsWithDelta(java.lang.Number,java.lang.Number)	wanted	org.mockito.internal.matchers.EqualsWithDelta	SOURCE
org.mockito.internal.matchers.EqualsWithDelta	EqualsWithDelta(java.lang.Number,java.lang.Number)	this	org.mockito.internal.matchers.EqualsWithDelta	SOURCE
org.mockito.internal.matchers.EqualsWithDelta	EqualsWithDelta(java.lang.Number,java.lang.Number)	delta	org.mockito.internal.matchers.EqualsWithDelta	SOURCE
org.mockito.internal.matchers.EqualsWithDelta	EqualsWithDelta(java.lang.Number,java.lang.Number)	this	org.mockito.internal.matchers.EqualsWithDelta	SOURCE
org.mockito.internal.matchers.EqualsWithDelta	matches(java.lang.Number)	wanted	org.mockito.internal.matchers.EqualsWithDelta	SOURCE
org.mockito.internal.matchers.EqualsWithDelta	matches(java.lang.Number)	wanted	org.mockito.internal.matchers.EqualsWithDelta	SOURCE
org.mockito.internal.matchers.EqualsWithDelta	matches(java.lang.Number)	wanted	org.mockito.internal.matchers.EqualsWithDelta	SOURCE
org.mockito.internal.matchers.EqualsWithDelta	matches(java.lang.Number)	delta	org.mockito.internal.matchers.EqualsWithDelta	SOURCE
org.mockito.internal.matchers.EqualsWithDelta	matches(java.lang.Number)	wanted	org.mockito.internal.matchers.EqualsWithDelta	SOURCE
org.mockito.internal.matchers.EqualsWithDelta	matches(java.lang.Number)	delta	org.mockito.internal.matchers.EqualsWithDelta	SOURCE
org.mockito.internal.matchers.EqualsWithDelta	toString()	wanted	org.mockito.internal.matchers.EqualsWithDelta	SOURCE
org.mockito.internal.matchers.EqualsWithDelta	toString()	delta	org.mockito.internal.matchers.EqualsWithDelta	SOURCE
org.mockito.internal.verification.VerificationWrapperInOrderWrapper	VerificationWrapperInOrderWrapper(org.mockito.internal.verification.VerificationWrapper,org.mockito.internal.InOrderImpl)	wrappedVerification	org.mockito.internal.verification.VerificationWrapper	SOURCE
org.mockito.internal.verification.VerificationWrapperInOrderWrapper	VerificationWrapperInOrderWrapper(org.mockito.internal.verification.VerificationWrapper,org.mockito.internal.InOrderImpl)	wrappedVerification	org.mockito.internal.verification.VerificationWrapper	SOURCE
org.mockito.internal.verification.VerificationWrapperInOrderWrapper	VerificationWrapperInOrderWrapper(org.mockito.internal.verification.VerificationWrapper,org.mockito.internal.InOrderImpl)	delegate	org.mockito.internal.verification.VerificationWrapperInOrderWrapper	SOURCE
org.mockito.internal.verification.VerificationWrapperInOrderWrapper	verify(org.mockito.internal.verification.api.VerificationData)	delegate	org.mockito.internal.verification.VerificationWrapperInOrderWrapper	SOURCE
org.mockito.internal.verification.api.VerificationDataInOrderImpl	VerificationDataInOrderImpl(org.mockito.internal.verification.api.InOrderContext,java.util.List,org.mockito.invocation.MatchableInvocation)	inOrder	org.mockito.internal.verification.api.VerificationDataInOrderImpl	SOURCE
org.mockito.internal.verification.api.VerificationDataInOrderImpl	VerificationDataInOrderImpl(org.mockito.internal.verification.api.InOrderContext,java.util.List,org.mockito.invocation.MatchableInvocation)	this	org.mockito.internal.verification.api.VerificationDataInOrderImpl	SOURCE
org.mockito.internal.verification.api.VerificationDataInOrderImpl	VerificationDataInOrderImpl(org.mockito.internal.verification.api.InOrderContext,java.util.List,org.mockito.invocation.MatchableInvocation)	allInvocations	org.mockito.internal.verification.api.VerificationDataInOrderImpl	SOURCE
org.mockito.internal.verification.api.VerificationDataInOrderImpl	VerificationDataInOrderImpl(org.mockito.internal.verification.api.InOrderContext,java.util.List,org.mockito.invocation.MatchableInvocation)	this	org.mockito.internal.verification.api.VerificationDataInOrderImpl	SOURCE
org.mockito.internal.verification.api.VerificationDataInOrderImpl	VerificationDataInOrderImpl(org.mockito.internal.verification.api.InOrderContext,java.util.List,org.mockito.invocation.MatchableInvocation)	wanted	org.mockito.internal.verification.api.VerificationDataInOrderImpl	SOURCE
org.mockito.internal.verification.api.VerificationDataInOrderImpl	VerificationDataInOrderImpl(org.mockito.internal.verification.api.InOrderContext,java.util.List,org.mockito.invocation.MatchableInvocation)	this	org.mockito.internal.verification.api.VerificationDataInOrderImpl	SOURCE
org.mockito.internal.verification.api.VerificationDataInOrderImpl	getAllInvocations()	allInvocations	org.mockito.internal.verification.api.VerificationDataInOrderImpl	SOURCE
org.mockito.internal.verification.api.VerificationDataInOrderImpl	getOrderingContext()	inOrder	org.mockito.internal.verification.api.VerificationDataInOrderImpl	SOURCE
org.mockito.internal.verification.api.VerificationDataInOrderImpl	getWanted()	wanted	org.mockito.internal.verification.api.VerificationDataInOrderImpl	SOURCE
org.mockito.internal.verification.Description	Description(org.mockito.verification.VerificationMode,java.lang.String)	verification	org.mockito.internal.verification.Description	SOURCE
org.mockito.internal.verification.Description	Description(org.mockito.verification.VerificationMode,java.lang.String)	this	org.mockito.internal.verification.Description	SOURCE
org.mockito.internal.verification.Description	Description(org.mockito.verification.VerificationMode,java.lang.String)	description	org.mockito.internal.verification.Description	SOURCE
org.mockito.internal.verification.Description	Description(org.mockito.verification.VerificationMode,java.lang.String)	this	org.mockito.internal.verification.Description	SOURCE
org.mockito.internal.verification.Description	verify(org.mockito.internal.verification.api.VerificationData)	verification	org.mockito.internal.verification.Description	SOURCE
org.mockito.internal.verification.Description	verify(org.mockito.internal.verification.api.VerificationData)	description	org.mockito.internal.verification.Description	SOURCE
org.mockito.internal.verification.Description	verify(org.mockito.internal.verification.api.VerificationData)	description	org.mockito.internal.verification.Description	SOURCE
org.mockito.internal.verification.MockAwareVerificationMode	MockAwareVerificationMode(java.lang.Object,org.mockito.verification.VerificationMode,java.util.Set)	mock	org.mockito.internal.verification.MockAwareVerificationMode	SOURCE
org.mockito.internal.verification.MockAwareVerificationMode	MockAwareVerificationMode(java.lang.Object,org.mockito.verification.VerificationMode,java.util.Set)	this	org.mockito.internal.verification.MockAwareVerificationMode	SOURCE
org.mockito.internal.verification.MockAwareVerificationMode	MockAwareVerificationMode(java.lang.Object,org.mockito.verification.VerificationMode,java.util.Set)	mode	org.mockito.internal.verification.MockAwareVerificationMode	SOURCE
org.mockito.internal.verification.MockAwareVerificationMode	MockAwareVerificationMode(java.lang.Object,org.mockito.verification.VerificationMode,java.util.Set)	this	org.mockito.internal.verification.MockAwareVerificationMode	SOURCE
org.mockito.internal.verification.MockAwareVerificationMode	MockAwareVerificationMode(java.lang.Object,org.mockito.verification.VerificationMode,java.util.Set)	listeners	org.mockito.internal.verification.MockAwareVerificationMode	SOURCE
org.mockito.internal.verification.MockAwareVerificationMode	MockAwareVerificationMode(java.lang.Object,org.mockito.verification.VerificationMode,java.util.Set)	this	org.mockito.internal.verification.MockAwareVerificationMode	SOURCE
org.mockito.internal.verification.MockAwareVerificationMode	verify(org.mockito.internal.verification.api.VerificationData)	mode	org.mockito.internal.verification.MockAwareVerificationMode	SOURCE
org.mockito.internal.verification.MockAwareVerificationMode	verify(org.mockito.internal.verification.api.VerificationData)	mock	org.mockito.internal.verification.MockAwareVerificationMode	SOURCE
org.mockito.internal.verification.MockAwareVerificationMode	verify(org.mockito.internal.verification.api.VerificationData)	mode	org.mockito.internal.verification.MockAwareVerificationMode	SOURCE
org.mockito.internal.verification.MockAwareVerificationMode	verify(org.mockito.internal.verification.api.VerificationData)	mock	org.mockito.internal.verification.MockAwareVerificationMode	SOURCE
org.mockito.internal.verification.MockAwareVerificationMode	verify(org.mockito.internal.verification.api.VerificationData)	mode	org.mockito.internal.verification.MockAwareVerificationMode	SOURCE
org.mockito.internal.verification.MockAwareVerificationMode	verify(org.mockito.internal.verification.api.VerificationData)	mock	org.mockito.internal.verification.MockAwareVerificationMode	SOURCE
org.mockito.internal.verification.MockAwareVerificationMode	verify(org.mockito.internal.verification.api.VerificationData)	mode	org.mockito.internal.verification.MockAwareVerificationMode	SOURCE
org.mockito.internal.verification.MockAwareVerificationMode	notifyListeners(org.mockito.verification.VerificationEvent)	listeners	org.mockito.internal.verification.MockAwareVerificationMode	SOURCE
org.mockito.internal.verification.MockAwareVerificationMode	getMock()	mock	org.mockito.internal.verification.MockAwareVerificationMode	SOURCE
org.mockito.internal.verification.AtMost	AtMost(int)	maxNumberOfInvocations	org.mockito.internal.verification.AtMost	SOURCE
org.mockito.internal.verification.AtMost	AtMost(int)	this	org.mockito.internal.verification.AtMost	SOURCE
org.mockito.internal.verification.AtMost	verify(org.mockito.internal.verification.api.VerificationData)	maxNumberOfInvocations	org.mockito.internal.verification.AtMost	SOURCE
org.mockito.internal.verification.AtMost	verify(org.mockito.internal.verification.api.VerificationData)	maxNumberOfInvocations	org.mockito.internal.verification.AtMost	SOURCE
org.mockito.internal.verification.AtLeast	AtLeast(int)	wantedCount	org.mockito.internal.verification.AtLeast	SOURCE
org.mockito.internal.verification.AtLeast	AtLeast(int)	this	org.mockito.internal.verification.AtLeast	SOURCE
org.mockito.internal.verification.AtLeast	verify(org.mockito.internal.verification.api.VerificationData)	wantedCount	org.mockito.internal.verification.AtLeast	SOURCE
org.mockito.internal.verification.AtLeast	verify(org.mockito.internal.verification.api.VerificationData)	wantedCount	org.mockito.internal.verification.AtLeast	SOURCE
org.mockito.internal.verification.AtLeast	verifyInOrder(org.mockito.internal.verification.api.VerificationDataInOrder)	wantedCount	org.mockito.internal.verification.AtLeast	SOURCE
org.mockito.internal.verification.AtLeast	verifyInOrder(org.mockito.internal.verification.api.VerificationDataInOrder)	wantedCount	org.mockito.internal.verification.AtLeast	SOURCE
org.mockito.internal.verification.AtLeast	toString()	wantedCount	org.mockito.internal.verification.AtLeast	SOURCE
org.mockito.internal.verification.SingleRegisteredInvocation	add(org.mockito.invocation.Invocation)	invocation	org.mockito.internal.verification.SingleRegisteredInvocation	SOURCE
org.mockito.internal.verification.SingleRegisteredInvocation	add(org.mockito.invocation.Invocation)	this	org.mockito.internal.verification.SingleRegisteredInvocation	SOURCE
org.mockito.internal.verification.SingleRegisteredInvocation	removeLast()	invocation	org.mockito.internal.verification.SingleRegisteredInvocation	SOURCE
org.mockito.internal.verification.SingleRegisteredInvocation	clear()	invocation	org.mockito.internal.verification.SingleRegisteredInvocation	SOURCE
org.mockito.internal.verification.SingleRegisteredInvocation	isEmpty()	invocation	org.mockito.internal.verification.SingleRegisteredInvocation	SOURCE
org.mockito.internal.verification.VerificationDataImpl	VerificationDataImpl(org.mockito.internal.stubbing.InvocationContainerImpl,org.mockito.internal.invocation.InvocationMatcher)	invocations	org.mockito.internal.verification.VerificationDataImpl	SOURCE
org.mockito.internal.verification.VerificationDataImpl	VerificationDataImpl(org.mockito.internal.stubbing.InvocationContainerImpl,org.mockito.internal.invocation.InvocationMatcher)	this	org.mockito.internal.verification.VerificationDataImpl	SOURCE
org.mockito.internal.verification.VerificationDataImpl	VerificationDataImpl(org.mockito.internal.stubbing.InvocationContainerImpl,org.mockito.internal.invocation.InvocationMatcher)	wanted	org.mockito.internal.verification.VerificationDataImpl	SOURCE
org.mockito.internal.verification.VerificationDataImpl	VerificationDataImpl(org.mockito.internal.stubbing.InvocationContainerImpl,org.mockito.internal.invocation.InvocationMatcher)	this	org.mockito.internal.verification.VerificationDataImpl	SOURCE
org.mockito.internal.verification.VerificationDataImpl	VerificationDataImpl(org.mockito.internal.stubbing.InvocationContainerImpl,org.mockito.internal.invocation.InvocationMatcher)	this	org.mockito.internal.verification.VerificationDataImpl	SOURCE
org.mockito.internal.verification.VerificationDataImpl	getAllInvocations()	invocations	org.mockito.internal.verification.VerificationDataImpl	SOURCE
org.mockito.internal.verification.VerificationDataImpl	getTarget()	wanted	org.mockito.internal.verification.VerificationDataImpl	SOURCE
org.mockito.internal.verification.VerificationDataImpl	getWanted()	wanted	org.mockito.internal.verification.VerificationDataImpl	SOURCE
org.mockito.internal.verification.VerificationDataImpl	assertWantedIsVerifiable()	wanted	org.mockito.internal.verification.VerificationDataImpl	SOURCE
org.mockito.internal.verification.VerificationDataImpl	assertWantedIsVerifiable()	wanted	org.mockito.internal.verification.VerificationDataImpl	SOURCE
org.mockito.internal.verification.InOrderWrapper	InOrderWrapper(org.mockito.internal.verification.api.VerificationInOrderMode,org.mockito.internal.InOrderImpl)	mode	org.mockito.internal.verification.InOrderWrapper	SOURCE
org.mockito.internal.verification.InOrderWrapper	InOrderWrapper(org.mockito.internal.verification.api.VerificationInOrderMode,org.mockito.internal.InOrderImpl)	this	org.mockito.internal.verification.InOrderWrapper	SOURCE
org.mockito.internal.verification.InOrderWrapper	InOrderWrapper(org.mockito.internal.verification.api.VerificationInOrderMode,org.mockito.internal.InOrderImpl)	inOrder	org.mockito.internal.verification.InOrderWrapper	SOURCE
org.mockito.internal.verification.InOrderWrapper	InOrderWrapper(org.mockito.internal.verification.api.VerificationInOrderMode,org.mockito.internal.InOrderImpl)	this	org.mockito.internal.verification.InOrderWrapper	SOURCE
org.mockito.internal.verification.InOrderWrapper	verify(org.mockito.internal.verification.api.VerificationData)	inOrder	org.mockito.internal.verification.InOrderWrapper	SOURCE
org.mockito.internal.verification.InOrderWrapper	verify(org.mockito.internal.verification.api.VerificationData)	inOrder	org.mockito.internal.verification.InOrderWrapper	SOURCE
org.mockito.internal.verification.InOrderWrapper	verify(org.mockito.internal.verification.api.VerificationData)	mode	org.mockito.internal.verification.InOrderWrapper	SOURCE
org.mockito.internal.verification.InOrderContextImpl	isVerified(org.mockito.invocation.Invocation)	verified	org.mockito.internal.verification.InOrderContextImpl	SOURCE
org.mockito.internal.verification.InOrderContextImpl	markVerified(org.mockito.invocation.Invocation)	verified	org.mockito.internal.verification.InOrderContextImpl	SOURCE
org.mockito.internal.util.collections.IdentitySet	contains(java.lang.Object)	list	org.mockito.internal.util.collections.IdentitySet	SOURCE
org.mockito.internal.util.collections.IdentitySet	add(java.lang.Object)	list	org.mockito.internal.util.collections.IdentitySet	SOURCE
org.mockito.internal.verification.checkers.AtLeastDiscrepancy	getPluralizedWantedCount()	super	org.mockito.internal.verification.checkers.AtLeastDiscrepancy	SOURCE
org.mockito.internal.verification.DefaultRegisteredInvocations	add(org.mockito.invocation.Invocation)	invocations	org.mockito.internal.verification.DefaultRegisteredInvocations	SOURCE
org.mockito.internal.verification.DefaultRegisteredInvocations	add(org.mockito.invocation.Invocation)	invocations	org.mockito.internal.verification.DefaultRegisteredInvocations	SOURCE
org.mockito.internal.verification.DefaultRegisteredInvocations	removeLast()	invocations	org.mockito.internal.verification.DefaultRegisteredInvocations	SOURCE
org.mockito.internal.verification.DefaultRegisteredInvocations	removeLast()	invocations	org.mockito.internal.verification.DefaultRegisteredInvocations	SOURCE
org.mockito.internal.verification.DefaultRegisteredInvocations	removeLast()	invocations	org.mockito.internal.verification.DefaultRegisteredInvocations	SOURCE
org.mockito.internal.verification.DefaultRegisteredInvocations	getAll()	invocations	org.mockito.internal.verification.DefaultRegisteredInvocations	SOURCE
org.mockito.internal.verification.DefaultRegisteredInvocations	getAll()	invocations	org.mockito.internal.verification.DefaultRegisteredInvocations	SOURCE
org.mockito.internal.verification.DefaultRegisteredInvocations	clear()	invocations	org.mockito.internal.verification.DefaultRegisteredInvocations	SOURCE
org.mockito.internal.verification.DefaultRegisteredInvocations	clear()	invocations	org.mockito.internal.verification.DefaultRegisteredInvocations	SOURCE
org.mockito.internal.verification.DefaultRegisteredInvocations	isEmpty()	invocations	org.mockito.internal.verification.DefaultRegisteredInvocations	SOURCE
org.mockito.internal.verification.DefaultRegisteredInvocations	isEmpty()	invocations	org.mockito.internal.verification.DefaultRegisteredInvocations	SOURCE
org.mockito.internal.verification.VerificationEventImpl	VerificationEventImpl(java.lang.Object,org.mockito.verification.VerificationMode,org.mockito.internal.verification.api.VerificationData,java.lang.Throwable)	mock	org.mockito.internal.verification.VerificationEventImpl	SOURCE
org.mockito.internal.verification.VerificationEventImpl	VerificationEventImpl(java.lang.Object,org.mockito.verification.VerificationMode,org.mockito.internal.verification.api.VerificationData,java.lang.Throwable)	this	org.mockito.internal.verification.VerificationEventImpl	SOURCE
org.mockito.internal.verification.VerificationEventImpl	VerificationEventImpl(java.lang.Object,org.mockito.verification.VerificationMode,org.mockito.internal.verification.api.VerificationData,java.lang.Throwable)	mode	org.mockito.internal.verification.VerificationEventImpl	SOURCE
org.mockito.internal.verification.VerificationEventImpl	VerificationEventImpl(java.lang.Object,org.mockito.verification.VerificationMode,org.mockito.internal.verification.api.VerificationData,java.lang.Throwable)	this	org.mockito.internal.verification.VerificationEventImpl	SOURCE
org.mockito.internal.verification.VerificationEventImpl	VerificationEventImpl(java.lang.Object,org.mockito.verification.VerificationMode,org.mockito.internal.verification.api.VerificationData,java.lang.Throwable)	data	org.mockito.internal.verification.VerificationEventImpl	SOURCE
org.mockito.internal.verification.VerificationEventImpl	VerificationEventImpl(java.lang.Object,org.mockito.verification.VerificationMode,org.mockito.internal.verification.api.VerificationData,java.lang.Throwable)	this	org.mockito.internal.verification.VerificationEventImpl	SOURCE
org.mockito.internal.verification.VerificationEventImpl	VerificationEventImpl(java.lang.Object,org.mockito.verification.VerificationMode,org.mockito.internal.verification.api.VerificationData,java.lang.Throwable)	cause	org.mockito.internal.verification.VerificationEventImpl	SOURCE
org.mockito.internal.verification.VerificationEventImpl	VerificationEventImpl(java.lang.Object,org.mockito.verification.VerificationMode,org.mockito.internal.verification.api.VerificationData,java.lang.Throwable)	this	org.mockito.internal.verification.VerificationEventImpl	SOURCE
org.mockito.internal.verification.VerificationEventImpl	getMock()	mock	org.mockito.internal.verification.VerificationEventImpl	SOURCE
org.mockito.internal.verification.VerificationEventImpl	getMode()	mode	org.mockito.internal.verification.VerificationEventImpl	SOURCE
org.mockito.internal.verification.VerificationEventImpl	getData()	data	org.mockito.internal.verification.VerificationEventImpl	SOURCE
org.mockito.internal.verification.VerificationEventImpl	getVerificationError()	cause	org.mockito.internal.verification.VerificationEventImpl	SOURCE
org.mockito.internal.hamcrest.HamcrestArgumentMatcher	HamcrestArgumentMatcher(org.hamcrest.Matcher)	matcher	org.mockito.internal.hamcrest.HamcrestArgumentMatcher	SOURCE
org.mockito.internal.hamcrest.HamcrestArgumentMatcher	HamcrestArgumentMatcher(org.hamcrest.Matcher)	this	org.mockito.internal.hamcrest.HamcrestArgumentMatcher	SOURCE
org.mockito.internal.hamcrest.HamcrestArgumentMatcher	matches(java.lang.Object)	matcher	org.mockito.internal.hamcrest.HamcrestArgumentMatcher	SOURCE
org.mockito.internal.hamcrest.HamcrestArgumentMatcher	matches(java.lang.Object)	this	org.mockito.internal.hamcrest.HamcrestArgumentMatcher	SOURCE
org.mockito.internal.hamcrest.HamcrestArgumentMatcher	isVarargMatcher()	matcher	org.mockito.internal.hamcrest.HamcrestArgumentMatcher	SOURCE
org.mockito.internal.hamcrest.HamcrestArgumentMatcher	toString()	matcher	org.mockito.internal.hamcrest.HamcrestArgumentMatcher	SOURCE
org.mockito.internal.configuration.InjectingAnnotationEngine	processInjectMocks(java.lang.Class,java.lang.Object)	class	java.lang.Object	SOURCE
org.mockito.internal.configuration.InjectingAnnotationEngine	processIndependentAnnotations(java.lang.Class,java.lang.Object)	class	java.lang.Object	SOURCE
org.mockito.internal.configuration.InjectingAnnotationEngine	processIndependentAnnotations(java.lang.Class,java.lang.Object)	delegate	org.mockito.internal.configuration.InjectingAnnotationEngine	SOURCE
org.mockito.internal.configuration.InjectingAnnotationEngine	processIndependentAnnotations(java.lang.Class,java.lang.Object)	spyAnnotationEngine	org.mockito.internal.configuration.InjectingAnnotationEngine	SOURCE
org.mockito.internal.configuration.InjectingAnnotationEngine	injectCloseableMocks(java.lang.Object)	class	java.lang.Object	SOURCE
org.mockito.internal.configuration.ClassPathLoader	loadConfiguration()	MOCKITO_CONFIGURATION_CLASS_NAME	org.mockito.internal.configuration.ClassPathLoader	SOURCE
org.mockito.internal.configuration.ClassPathLoader	loadConfiguration()	class	org.mockito.configuration.IMockitoConfiguration	SOURCE
org.mockito.internal.configuration.ClassPathLoader	loadConfiguration()	MOCKITO_CONFIGURATION_CLASS_NAME	org.mockito.internal.configuration.ClassPathLoader	SOURCE
org.mockito.internal.configuration.injection.scanner.MockScanner	MockScanner(java.lang.Object,java.lang.Class)	instance	org.mockito.internal.configuration.injection.scanner.MockScanner	SOURCE
org.mockito.internal.configuration.injection.scanner.MockScanner	MockScanner(java.lang.Object,java.lang.Class)	this	org.mockito.internal.configuration.injection.scanner.MockScanner	SOURCE
org.mockito.internal.configuration.injection.scanner.MockScanner	MockScanner(java.lang.Object,java.lang.Class)	clazz	org.mockito.internal.configuration.injection.scanner.MockScanner	SOURCE
org.mockito.internal.configuration.injection.scanner.MockScanner	MockScanner(java.lang.Object,java.lang.Class)	this	org.mockito.internal.configuration.injection.scanner.MockScanner	SOURCE
org.mockito.internal.configuration.injection.scanner.MockScanner	scan()	clazz	org.mockito.internal.configuration.injection.scanner.MockScanner	SOURCE
org.mockito.internal.configuration.injection.scanner.MockScanner	scan()	instance	org.mockito.internal.configuration.injection.scanner.MockScanner	SOURCE
org.mockito.internal.configuration.injection.scanner.MockScanner	isAnnotatedByMockOrSpy(java.lang.reflect.Field)	class	org.mockito.Spy	SOURCE
org.mockito.internal.configuration.injection.scanner.MockScanner	isAnnotatedByMockOrSpy(java.lang.reflect.Field)	class	org.mockito.Mock	SOURCE
org.mockito.internal.configuration.injection.scanner.InjectMocksScanner	InjectMocksScanner(java.lang.Class)	clazz	org.mockito.internal.configuration.injection.scanner.InjectMocksScanner	SOURCE
org.mockito.internal.configuration.injection.scanner.InjectMocksScanner	InjectMocksScanner(java.lang.Class)	this	org.mockito.internal.configuration.injection.scanner.InjectMocksScanner	SOURCE
org.mockito.internal.configuration.injection.scanner.InjectMocksScanner	scan()	clazz	org.mockito.internal.configuration.injection.scanner.InjectMocksScanner	SOURCE
org.mockito.internal.configuration.injection.scanner.InjectMocksScanner	scan()	class	org.mockito.InjectMocks	SOURCE
org.mockito.internal.configuration.injection.scanner.InjectMocksScanner	scan()	class	org.mockito.Mock	SOURCE
org.mockito.internal.configuration.injection.scanner.InjectMocksScanner	scan()	class	org.mockito.Captor	SOURCE
org.mockito.internal.configuration.injection.scanner.InjectMocksScanner	assertNoAnnotations(java.lang.reflect.Field,java.lang.Class[])	class	org.mockito.InjectMocks	SOURCE
org.mockito.internal.configuration.injection.MockInjectionStrategy	thenTry(org.mockito.internal.configuration.injection.MockInjectionStrategy)	nextStrategy	org.mockito.internal.configuration.injection.MockInjectionStrategy	SOURCE
org.mockito.internal.configuration.injection.MockInjectionStrategy	thenTry(org.mockito.internal.configuration.injection.MockInjectionStrategy)	nextStrategy	org.mockito.internal.configuration.injection.MockInjectionStrategy	SOURCE
org.mockito.internal.configuration.injection.MockInjectionStrategy	thenTry(org.mockito.internal.configuration.injection.MockInjectionStrategy)	nextStrategy	org.mockito.internal.configuration.injection.MockInjectionStrategy	SOURCE
org.mockito.internal.configuration.injection.MockInjectionStrategy	relayProcessToNextStrategy(java.lang.reflect.Field,java.lang.Object,java.util.Set)	nextStrategy	org.mockito.internal.configuration.injection.MockInjectionStrategy	SOURCE
org.mockito.internal.configuration.injection.MockInjectionStrategy	relayProcessToNextStrategy(java.lang.reflect.Field,java.lang.Object,java.util.Set)	nextStrategy	org.mockito.internal.configuration.injection.MockInjectionStrategy	SOURCE
org.mockito.internal.util.reflection.SuperTypesLastSorter	sortSuperTypesLast(java.util.Collection)	compareFieldsByName	org.mockito.internal.util.reflection.SuperTypesLastSorter	SOURCE
org.mockito.internal.configuration.injection.PropertyAndSetterInjection	processInjection(java.lang.reflect.Field,java.lang.Object,java.util.Set)	class	java.lang.Object	SOURCE
org.mockito.internal.configuration.injection.PropertyAndSetterInjection	injectMockCandidatesOnFields(java.util.Set,java.lang.Object,boolean,java.util.List)	mockCandidateFilter	org.mockito.internal.configuration.injection.PropertyAndSetterInjection	SOURCE
org.mockito.internal.configuration.injection.PropertyAndSetterInjection	orderedInstanceFieldsFrom(java.lang.Class)	notFinalOrStatic	org.mockito.internal.configuration.injection.PropertyAndSetterInjection	SOURCE
org.mockito.internal.util.reflection.FieldInitializationReport	FieldInitializationReport(java.lang.Object,boolean,boolean)	fieldInstance	org.mockito.internal.util.reflection.FieldInitializationReport	SOURCE
org.mockito.internal.util.reflection.FieldInitializationReport	FieldInitializationReport(java.lang.Object,boolean,boolean)	this	org.mockito.internal.util.reflection.FieldInitializationReport	SOURCE
org.mockito.internal.util.reflection.FieldInitializationReport	FieldInitializationReport(java.lang.Object,boolean,boolean)	wasInitialized	org.mockito.internal.util.reflection.FieldInitializationReport	SOURCE
org.mockito.internal.util.reflection.FieldInitializationReport	FieldInitializationReport(java.lang.Object,boolean,boolean)	this	org.mockito.internal.util.reflection.FieldInitializationReport	SOURCE
org.mockito.internal.util.reflection.FieldInitializationReport	FieldInitializationReport(java.lang.Object,boolean,boolean)	wasInitializedUsingConstructorArgs	org.mockito.internal.util.reflection.FieldInitializationReport	SOURCE
org.mockito.internal.util.reflection.FieldInitializationReport	FieldInitializationReport(java.lang.Object,boolean,boolean)	this	org.mockito.internal.util.reflection.FieldInitializationReport	SOURCE
org.mockito.internal.util.reflection.FieldInitializationReport	fieldInstance()	fieldInstance	org.mockito.internal.util.reflection.FieldInitializationReport	SOURCE
org.mockito.internal.util.reflection.FieldInitializationReport	fieldWasInitialized()	wasInitialized	org.mockito.internal.util.reflection.FieldInitializationReport	SOURCE
org.mockito.internal.util.reflection.FieldInitializationReport	fieldWasInitializedUsingContructorArgs()	wasInitializedUsingConstructorArgs	org.mockito.internal.util.reflection.FieldInitializationReport	SOURCE
org.mockito.internal.util.reflection.FieldInitializationReport	fieldClass()	fieldInstance	org.mockito.internal.util.reflection.FieldInitializationReport	SOURCE
org.mockito.internal.util.reflection.FieldInitializationReport	fieldClass()	fieldInstance	org.mockito.internal.util.reflection.FieldInitializationReport	SOURCE
org.mockito.internal.configuration.injection.MockInjection$OngoingMockInjection	OngoingMockInjection(java.util.Set,java.lang.Object)	fieldOwner	org.mockito.internal.configuration.injection.MockInjection$OngoingMockInjection	SOURCE
org.mockito.internal.configuration.injection.MockInjection$OngoingMockInjection	OngoingMockInjection(java.util.Set,java.lang.Object)	this	org.mockito.internal.configuration.injection.MockInjection$OngoingMockInjection	SOURCE
org.mockito.internal.configuration.injection.MockInjection$OngoingMockInjection	OngoingMockInjection(java.util.Set,java.lang.Object)	fields	org.mockito.internal.configuration.injection.MockInjection$OngoingMockInjection	SOURCE
org.mockito.internal.configuration.injection.MockInjection$OngoingMockInjection	OngoingMockInjection(java.util.Set,java.lang.Object)	this	org.mockito.internal.configuration.injection.MockInjection$OngoingMockInjection	SOURCE
org.mockito.internal.configuration.injection.MockInjection$OngoingMockInjection	withMocks(java.util.Set)	mocks	org.mockito.internal.configuration.injection.MockInjection$OngoingMockInjection	SOURCE
org.mockito.internal.configuration.injection.MockInjection$OngoingMockInjection	withMocks(java.util.Set)	this	org.mockito.internal.configuration.injection.MockInjection$OngoingMockInjection	SOURCE
org.mockito.internal.configuration.injection.MockInjection$OngoingMockInjection	withMocks(java.util.Set)	this	org.mockito.internal.configuration.injection.MockInjection$OngoingMockInjection	SOURCE
org.mockito.internal.configuration.injection.MockInjection$OngoingMockInjection	tryConstructorInjection()	injectionStrategies	org.mockito.internal.configuration.injection.MockInjection$OngoingMockInjection	SOURCE
org.mockito.internal.configuration.injection.MockInjection$OngoingMockInjection	tryConstructorInjection()	this	org.mockito.internal.configuration.injection.MockInjection$OngoingMockInjection	SOURCE
org.mockito.internal.configuration.injection.MockInjection$OngoingMockInjection	tryPropertyOrFieldInjection()	injectionStrategies	org.mockito.internal.configuration.injection.MockInjection$OngoingMockInjection	SOURCE
org.mockito.internal.configuration.injection.MockInjection$OngoingMockInjection	tryPropertyOrFieldInjection()	this	org.mockito.internal.configuration.injection.MockInjection$OngoingMockInjection	SOURCE
org.mockito.internal.configuration.injection.MockInjection$OngoingMockInjection	handleSpyAnnotation()	postInjectionStrategies	org.mockito.internal.configuration.injection.MockInjection$OngoingMockInjection	SOURCE
org.mockito.internal.configuration.injection.MockInjection$OngoingMockInjection	handleSpyAnnotation()	this	org.mockito.internal.configuration.injection.MockInjection$OngoingMockInjection	SOURCE
org.mockito.internal.configuration.injection.MockInjection$OngoingMockInjection	apply()	fields	org.mockito.internal.configuration.injection.MockInjection$OngoingMockInjection	SOURCE
org.mockito.internal.configuration.injection.MockInjection$OngoingMockInjection	apply()	injectionStrategies	org.mockito.internal.configuration.injection.MockInjection$OngoingMockInjection	SOURCE
org.mockito.internal.configuration.injection.MockInjection$OngoingMockInjection	apply()	fieldOwner	org.mockito.internal.configuration.injection.MockInjection$OngoingMockInjection	SOURCE
org.mockito.internal.configuration.injection.MockInjection$OngoingMockInjection	apply()	mocks	org.mockito.internal.configuration.injection.MockInjection$OngoingMockInjection	SOURCE
org.mockito.internal.configuration.injection.MockInjection$OngoingMockInjection	apply()	postInjectionStrategies	org.mockito.internal.configuration.injection.MockInjection$OngoingMockInjection	SOURCE
org.mockito.internal.configuration.injection.MockInjection$OngoingMockInjection	apply()	fieldOwner	org.mockito.internal.configuration.injection.MockInjection$OngoingMockInjection	SOURCE
org.mockito.internal.configuration.injection.MockInjection$OngoingMockInjection	apply()	mocks	org.mockito.internal.configuration.injection.MockInjection$OngoingMockInjection	SOURCE
org.mockito.internal.util.reflection.FieldInitializer	FieldInitializer(java.lang.Object,java.lang.reflect.Field,org.mockito.internal.util.reflection.FieldInitializer.ConstructorInstantiator)	fieldOwner	org.mockito.internal.util.reflection.FieldInitializer	SOURCE
org.mockito.internal.util.reflection.FieldInitializer	FieldInitializer(java.lang.Object,java.lang.reflect.Field,org.mockito.internal.util.reflection.FieldInitializer.ConstructorInstantiator)	this	org.mockito.internal.util.reflection.FieldInitializer	SOURCE
org.mockito.internal.util.reflection.FieldInitializer	FieldInitializer(java.lang.Object,java.lang.reflect.Field,org.mockito.internal.util.reflection.FieldInitializer.ConstructorInstantiator)	field	org.mockito.internal.util.reflection.FieldInitializer	SOURCE
org.mockito.internal.util.reflection.FieldInitializer	FieldInitializer(java.lang.Object,java.lang.reflect.Field,org.mockito.internal.util.reflection.FieldInitializer.ConstructorInstantiator)	this	org.mockito.internal.util.reflection.FieldInitializer	SOURCE
org.mockito.internal.util.reflection.FieldInitializer	FieldInitializer(java.lang.Object,java.lang.reflect.Field,org.mockito.internal.util.reflection.FieldInitializer.ConstructorInstantiator)	instantiator	org.mockito.internal.util.reflection.FieldInitializer	SOURCE
org.mockito.internal.util.reflection.FieldInitializer	FieldInitializer(java.lang.Object,java.lang.reflect.Field,org.mockito.internal.util.reflection.FieldInitializer.ConstructorInstantiator)	this	org.mockito.internal.util.reflection.FieldInitializer	SOURCE
org.mockito.internal.util.reflection.FieldInitializer	initialize()	field	org.mockito.internal.util.reflection.FieldInitializer	SOURCE
org.mockito.internal.util.reflection.FieldInitializer	initialize()	field	org.mockito.internal.util.reflection.FieldInitializer	SOURCE
org.mockito.internal.util.reflection.FieldInitializer	acquireFieldInstance()	field	org.mockito.internal.util.reflection.FieldInitializer	SOURCE
org.mockito.internal.util.reflection.FieldInitializer	acquireFieldInstance()	fieldOwner	org.mockito.internal.util.reflection.FieldInitializer	SOURCE
org.mockito.internal.util.reflection.FieldInitializer	acquireFieldInstance()	instantiator	org.mockito.internal.util.reflection.FieldInitializer	SOURCE
org.mockito.internal.util.reflection.FieldInitializer$NoArgConstructorInstantiator	NoArgConstructorInstantiator(java.lang.Object,java.lang.reflect.Field)	testClass	org.mockito.internal.util.reflection.FieldInitializer$NoArgConstructorInstantiator	SOURCE
org.mockito.internal.util.reflection.FieldInitializer$NoArgConstructorInstantiator	NoArgConstructorInstantiator(java.lang.Object,java.lang.reflect.Field)	this	org.mockito.internal.util.reflection.FieldInitializer$NoArgConstructorInstantiator	SOURCE
org.mockito.internal.util.reflection.FieldInitializer$NoArgConstructorInstantiator	NoArgConstructorInstantiator(java.lang.Object,java.lang.reflect.Field)	field	org.mockito.internal.util.reflection.FieldInitializer$NoArgConstructorInstantiator	SOURCE
org.mockito.internal.util.reflection.FieldInitializer$NoArgConstructorInstantiator	NoArgConstructorInstantiator(java.lang.Object,java.lang.reflect.Field)	this	org.mockito.internal.util.reflection.FieldInitializer$NoArgConstructorInstantiator	SOURCE
org.mockito.internal.util.reflection.FieldInitializer$NoArgConstructorInstantiator	instantiate()	field	org.mockito.internal.util.reflection.FieldInitializer$NoArgConstructorInstantiator	SOURCE
org.mockito.internal.util.reflection.FieldInitializer$NoArgConstructorInstantiator	instantiate()	field	org.mockito.internal.util.reflection.FieldInitializer$NoArgConstructorInstantiator	SOURCE
org.mockito.internal.util.reflection.FieldInitializer$NoArgConstructorInstantiator	instantiate()	testClass	org.mockito.internal.util.reflection.FieldInitializer$NoArgConstructorInstantiator	SOURCE
org.mockito.internal.util.reflection.FieldInitializer$NoArgConstructorInstantiator	instantiate()	field	org.mockito.internal.util.reflection.FieldInitializer$NoArgConstructorInstantiator	SOURCE
org.mockito.internal.util.reflection.FieldInitializer$NoArgConstructorInstantiator	instantiate()	testClass	org.mockito.internal.util.reflection.FieldInitializer$NoArgConstructorInstantiator	SOURCE
org.mockito.internal.util.reflection.FieldInitializer$NoArgConstructorInstantiator	instantiate()	field	org.mockito.internal.util.reflection.FieldInitializer$NoArgConstructorInstantiator	SOURCE
org.mockito.internal.util.reflection.FieldInitializer$NoArgConstructorInstantiator	instantiate()	field	org.mockito.internal.util.reflection.FieldInitializer$NoArgConstructorInstantiator	SOURCE
org.mockito.internal.util.reflection.FieldInitializer$ParameterizedConstructorInstantiator$1	compare(java.lang.reflect.Constructor,java.lang.reflect.Constructor)	length	Array	SOURCE
org.mockito.internal.util.reflection.FieldInitializer$ParameterizedConstructorInstantiator$1	compare(java.lang.reflect.Constructor,java.lang.reflect.Constructor)	length	Array	SOURCE
org.mockito.internal.util.reflection.FieldInitializer$ParameterizedConstructorInstantiator	ParameterizedConstructorInstantiator(java.lang.Object,java.lang.reflect.Field,org.mockito.internal.util.reflection.FieldInitializer.ConstructorArgumentResolver)	testClass	org.mockito.internal.util.reflection.FieldInitializer$ParameterizedConstructorInstantiator	SOURCE
org.mockito.internal.util.reflection.FieldInitializer$ParameterizedConstructorInstantiator	ParameterizedConstructorInstantiator(java.lang.Object,java.lang.reflect.Field,org.mockito.internal.util.reflection.FieldInitializer.ConstructorArgumentResolver)	this	org.mockito.internal.util.reflection.FieldInitializer$ParameterizedConstructorInstantiator	SOURCE
org.mockito.internal.util.reflection.FieldInitializer$ParameterizedConstructorInstantiator	ParameterizedConstructorInstantiator(java.lang.Object,java.lang.reflect.Field,org.mockito.internal.util.reflection.FieldInitializer.ConstructorArgumentResolver)	field	org.mockito.internal.util.reflection.FieldInitializer$ParameterizedConstructorInstantiator	SOURCE
org.mockito.internal.util.reflection.FieldInitializer$ParameterizedConstructorInstantiator	ParameterizedConstructorInstantiator(java.lang.Object,java.lang.reflect.Field,org.mockito.internal.util.reflection.FieldInitializer.ConstructorArgumentResolver)	this	org.mockito.internal.util.reflection.FieldInitializer$ParameterizedConstructorInstantiator	SOURCE
org.mockito.internal.util.reflection.FieldInitializer$ParameterizedConstructorInstantiator	ParameterizedConstructorInstantiator(java.lang.Object,java.lang.reflect.Field,org.mockito.internal.util.reflection.FieldInitializer.ConstructorArgumentResolver)	argResolver	org.mockito.internal.util.reflection.FieldInitializer$ParameterizedConstructorInstantiator	SOURCE
org.mockito.internal.util.reflection.FieldInitializer$ParameterizedConstructorInstantiator	ParameterizedConstructorInstantiator(java.lang.Object,java.lang.reflect.Field,org.mockito.internal.util.reflection.FieldInitializer.ConstructorArgumentResolver)	this	org.mockito.internal.util.reflection.FieldInitializer$ParameterizedConstructorInstantiator	SOURCE
org.mockito.internal.util.reflection.FieldInitializer$ParameterizedConstructorInstantiator	instantiate()	field	org.mockito.internal.util.reflection.FieldInitializer$ParameterizedConstructorInstantiator	SOURCE
org.mockito.internal.util.reflection.FieldInitializer$ParameterizedConstructorInstantiator	instantiate()	argResolver	org.mockito.internal.util.reflection.FieldInitializer$ParameterizedConstructorInstantiator	SOURCE
org.mockito.internal.util.reflection.FieldInitializer$ParameterizedConstructorInstantiator	instantiate()	field	org.mockito.internal.util.reflection.FieldInitializer$ParameterizedConstructorInstantiator	SOURCE
org.mockito.internal.util.reflection.FieldInitializer$ParameterizedConstructorInstantiator	instantiate()	testClass	org.mockito.internal.util.reflection.FieldInitializer$ParameterizedConstructorInstantiator	SOURCE
org.mockito.internal.util.reflection.FieldInitializer$ParameterizedConstructorInstantiator	instantiate()	field	org.mockito.internal.util.reflection.FieldInitializer$ParameterizedConstructorInstantiator	SOURCE
org.mockito.internal.util.reflection.FieldInitializer$ParameterizedConstructorInstantiator	instantiate()	testClass	org.mockito.internal.util.reflection.FieldInitializer$ParameterizedConstructorInstantiator	SOURCE
org.mockito.internal.util.reflection.FieldInitializer$ParameterizedConstructorInstantiator	instantiate()	field	org.mockito.internal.util.reflection.FieldInitializer$ParameterizedConstructorInstantiator	SOURCE
org.mockito.internal.util.reflection.FieldInitializer$ParameterizedConstructorInstantiator	instantiate()	field	org.mockito.internal.util.reflection.FieldInitializer$ParameterizedConstructorInstantiator	SOURCE
org.mockito.internal.util.reflection.FieldInitializer$ParameterizedConstructorInstantiator	checkParameterized(java.lang.reflect.Constructor,java.lang.reflect.Field)	length	Array	SOURCE
org.mockito.internal.util.reflection.FieldInitializer$ParameterizedConstructorInstantiator	biggestConstructor(java.lang.Class)	byParameterNumber	org.mockito.internal.util.reflection.FieldInitializer$ParameterizedConstructorInstantiator	SOURCE
org.mockito.internal.util.reflection.FieldInitializer$ParameterizedConstructorInstantiator	biggestConstructor(java.lang.Class)	field	org.mockito.internal.util.reflection.FieldInitializer$ParameterizedConstructorInstantiator	SOURCE
org.mockito.internal.configuration.injection.ConstructorInjection$SimpleArgumentResolver	SimpleArgumentResolver(java.util.Set)	objects	org.mockito.internal.configuration.injection.ConstructorInjection$SimpleArgumentResolver	SOURCE
org.mockito.internal.configuration.injection.ConstructorInjection$SimpleArgumentResolver	SimpleArgumentResolver(java.util.Set)	this	org.mockito.internal.configuration.injection.ConstructorInjection$SimpleArgumentResolver	SOURCE
org.mockito.internal.configuration.injection.ConstructorInjection$SimpleArgumentResolver	resolveTypeInstances(java.lang.Class[])	length	Array	SOURCE
org.mockito.internal.configuration.injection.ConstructorInjection$SimpleArgumentResolver	objectThatIsAssignableFrom(java.lang.Class)	objects	org.mockito.internal.configuration.injection.ConstructorInjection$SimpleArgumentResolver	SOURCE
org.mockito.internal.configuration.injection.SpyOnInjectedFieldsHandler	processInjection(java.lang.reflect.Field,java.lang.Object,java.util.Set)	class	org.mockito.Spy	SOURCE
org.mockito.internal.configuration.injection.SpyOnInjectedFieldsHandler	processInjection(java.lang.reflect.Field,java.lang.Object,java.util.Set)	CALLS_REAL_METHODS	org.mockito.Mockito	SOURCE
org.mockito.internal.configuration.injection.SpyOnInjectedFieldsHandler	processInjection(java.lang.reflect.Field,java.lang.Object,java.util.Set)	accessor	org.mockito.internal.configuration.injection.SpyOnInjectedFieldsHandler	SOURCE
org.mockito.internal.configuration.injection.filter.TerminalMockCandidateFilter	filterCandidate(java.util.Collection,java.lang.reflect.Field,java.util.List,java.lang.Object)	nop	org.mockito.internal.configuration.injection.filter.OngoingInjector	SOURCE
org.mockito.internal.configuration.injection.filter.NameBasedCandidateFilter	NameBasedCandidateFilter(org.mockito.internal.configuration.injection.filter.MockCandidateFilter)	next	org.mockito.internal.configuration.injection.filter.NameBasedCandidateFilter	SOURCE
org.mockito.internal.configuration.injection.filter.NameBasedCandidateFilter	NameBasedCandidateFilter(org.mockito.internal.configuration.injection.filter.MockCandidateFilter)	this	org.mockito.internal.configuration.injection.filter.NameBasedCandidateFilter	SOURCE
org.mockito.internal.configuration.injection.filter.NameBasedCandidateFilter	filterCandidate(java.util.Collection,java.lang.reflect.Field,java.util.List,java.lang.Object)	nop	org.mockito.internal.configuration.injection.filter.OngoingInjector	SOURCE
org.mockito.internal.configuration.injection.filter.NameBasedCandidateFilter	filterCandidate(java.util.Collection,java.lang.reflect.Field,java.util.List,java.lang.Object)	next	org.mockito.internal.configuration.injection.filter.NameBasedCandidateFilter	SOURCE
org.mockito.internal.configuration.injection.filter.TypeBasedCandidateFilter	TypeBasedCandidateFilter(org.mockito.internal.configuration.injection.filter.MockCandidateFilter)	next	org.mockito.internal.configuration.injection.filter.TypeBasedCandidateFilter	SOURCE
org.mockito.internal.configuration.injection.filter.TypeBasedCandidateFilter	TypeBasedCandidateFilter(org.mockito.internal.configuration.injection.filter.MockCandidateFilter)	this	org.mockito.internal.configuration.injection.filter.TypeBasedCandidateFilter	SOURCE
org.mockito.internal.configuration.injection.filter.TypeBasedCandidateFilter	filterCandidate(java.util.Collection,java.lang.reflect.Field,java.util.List,java.lang.Object)	next	org.mockito.internal.configuration.injection.filter.TypeBasedCandidateFilter	SOURCE
org.mockito.internal.configuration.IndependentAnnotationEngine	IndependentAnnotationEngine()	class	org.mockito.Mock	SOURCE
org.mockito.internal.configuration.IndependentAnnotationEngine	IndependentAnnotationEngine()	class	org.mockito.Captor	SOURCE
org.mockito.internal.configuration.IndependentAnnotationEngine	forAnnotation(A)	annotationProcessorMap	org.mockito.internal.configuration.IndependentAnnotationEngine	SOURCE
org.mockito.internal.configuration.IndependentAnnotationEngine	forAnnotation(A)	annotationProcessorMap	org.mockito.internal.configuration.IndependentAnnotationEngine	SOURCE
org.mockito.internal.configuration.IndependentAnnotationEngine	registerAnnotationProcessor(java.lang.Class,org.mockito.internal.configuration.FieldAnnotationProcessor)	annotationProcessorMap	org.mockito.internal.configuration.IndependentAnnotationEngine	SOURCE
org.mockito.internal.configuration.SpyAnnotationEngine	process(java.lang.Class,java.lang.Object)	class	org.mockito.Spy	SOURCE
org.mockito.internal.configuration.SpyAnnotationEngine	process(java.lang.Class,java.lang.Object)	class	org.mockito.InjectMocks	SOURCE
org.mockito.internal.configuration.SpyAnnotationEngine	process(java.lang.Class,java.lang.Object)	class	org.mockito.Spy	SOURCE
org.mockito.internal.configuration.SpyAnnotationEngine	process(java.lang.Class,java.lang.Object)	class	org.mockito.Mock	SOURCE
org.mockito.internal.configuration.SpyAnnotationEngine	process(java.lang.Class,java.lang.Object)	class	org.mockito.Captor	SOURCE
org.mockito.internal.configuration.SpyAnnotationEngine	spyInstance(java.lang.reflect.Field,java.lang.Object)	CALLS_REAL_METHODS	org.mockito.Mockito	SOURCE
org.mockito.internal.configuration.SpyAnnotationEngine	spyNewInstance(java.lang.Object,java.lang.reflect.Field)	CALLS_REAL_METHODS	org.mockito.Mockito	SOURCE
org.mockito.internal.configuration.MockAnnotationProcessor	processAnnotationForMock(org.mockito.Mock,java.lang.Class,org.mockito.internal.util.Supplier,java.lang.String)	length	Array	SOURCE
org.mockito.internal.configuration.MockAnnotationProcessor	processAnnotationForMock(org.mockito.Mock,java.lang.Class,org.mockito.internal.util.Supplier,java.lang.String)	class	org.mockito.MockedStatic	SOURCE
org.mockito.internal.configuration.MockAnnotationProcessor	processAnnotationForMock(org.mockito.Mock,java.lang.Class,org.mockito.internal.util.Supplier,java.lang.String)	class	org.mockito.MockedStatic	SOURCE
org.mockito.internal.configuration.MockAnnotationProcessor	processAnnotationForMock(org.mockito.Mock,java.lang.Class,org.mockito.internal.util.Supplier,java.lang.String)	class	org.mockito.MockedConstruction	SOURCE
org.mockito.internal.configuration.MockAnnotationProcessor	processAnnotationForMock(org.mockito.Mock,java.lang.Class,org.mockito.internal.util.Supplier,java.lang.String)	class	org.mockito.MockedConstruction	SOURCE
org.mockito.internal.configuration.MockAnnotationProcessor	inferParameterizedType(java.lang.reflect.Type,java.lang.String,java.lang.String)	length	Array	SOURCE
org.mockito.internal.configuration.plugins.PluginLoader	PluginLoader(org.mockito.internal.configuration.plugins.DefaultMockitoPlugins,org.mockito.internal.configuration.plugins.PluginInitializer)	plugins	org.mockito.internal.configuration.plugins.PluginLoader	SOURCE
org.mockito.internal.configuration.plugins.PluginLoader	PluginLoader(org.mockito.internal.configuration.plugins.DefaultMockitoPlugins,org.mockito.internal.configuration.plugins.PluginInitializer)	this	org.mockito.internal.configuration.plugins.PluginLoader	SOURCE
org.mockito.internal.configuration.plugins.PluginLoader	PluginLoader(org.mockito.internal.configuration.plugins.DefaultMockitoPlugins,org.mockito.internal.configuration.plugins.PluginInitializer)	initializer	org.mockito.internal.configuration.plugins.PluginLoader	SOURCE
org.mockito.internal.configuration.plugins.PluginLoader	PluginLoader(org.mockito.internal.configuration.plugins.DefaultMockitoPlugins,org.mockito.internal.configuration.plugins.PluginInitializer)	this	org.mockito.internal.configuration.plugins.PluginLoader	SOURCE
org.mockito.internal.configuration.plugins.PluginLoader	loadPlugin(java.lang.Class,java.lang.Class)	initializer	org.mockito.internal.configuration.plugins.PluginLoader	SOURCE
org.mockito.internal.configuration.plugins.PluginLoader	loadPlugin(java.lang.Class,java.lang.Class)	initializer	org.mockito.internal.configuration.plugins.PluginLoader	SOURCE
org.mockito.internal.configuration.plugins.PluginLoader	loadPlugin(java.lang.Class,java.lang.Class)	plugins	org.mockito.internal.configuration.plugins.PluginLoader	SOURCE
org.mockito.internal.configuration.plugins.DefaultMockitoPlugins	DEFAULT_PLUGINS	DEFAULT_PLUGINS	org.mockito.internal.configuration.plugins.DefaultMockitoPlugins	SOURCE
org.mockito.internal.configuration.plugins.DefaultMockitoPlugins	null	class	org.mockito.plugins.PluginSwitch	SOURCE
org.mockito.internal.configuration.plugins.DefaultMockitoPlugins	null	class	org.mockito.internal.configuration.plugins.DefaultPluginSwitch	SOURCE
org.mockito.internal.configuration.plugins.DefaultMockitoPlugins	DEFAULT_PLUGINS	DEFAULT_PLUGINS	org.mockito.internal.configuration.plugins.DefaultMockitoPlugins	SOURCE
org.mockito.internal.configuration.plugins.DefaultMockitoPlugins	null	class	org.mockito.plugins.MockMaker	SOURCE
org.mockito.internal.configuration.plugins.DefaultMockitoPlugins	DEFAULT_PLUGINS	DEFAULT_PLUGINS	org.mockito.internal.configuration.plugins.DefaultMockitoPlugins	SOURCE
org.mockito.internal.configuration.plugins.DefaultMockitoPlugins	null	class	org.mockito.plugins.StackTraceCleanerProvider	SOURCE
org.mockito.internal.configuration.plugins.DefaultMockitoPlugins	DEFAULT_PLUGINS	DEFAULT_PLUGINS	org.mockito.internal.configuration.plugins.DefaultMockitoPlugins	SOURCE
org.mockito.internal.configuration.plugins.DefaultMockitoPlugins	null	class	org.mockito.plugins.InstantiatorProvider2	SOURCE
org.mockito.internal.configuration.plugins.DefaultMockitoPlugins	DEFAULT_PLUGINS	DEFAULT_PLUGINS	org.mockito.internal.configuration.plugins.DefaultMockitoPlugins	SOURCE
org.mockito.internal.configuration.plugins.DefaultMockitoPlugins	null	class	org.mockito.plugins.AnnotationEngine	SOURCE
org.mockito.internal.configuration.plugins.DefaultMockitoPlugins	DEFAULT_PLUGINS	DEFAULT_PLUGINS	org.mockito.internal.configuration.plugins.DefaultMockitoPlugins	SOURCE
org.mockito.internal.configuration.plugins.DefaultMockitoPlugins	INLINE_ALIAS	INLINE_ALIAS	org.mockito.internal.configuration.plugins.DefaultMockitoPlugins	SOURCE
org.mockito.internal.configuration.plugins.DefaultMockitoPlugins	DEFAULT_PLUGINS	DEFAULT_PLUGINS	org.mockito.internal.configuration.plugins.DefaultMockitoPlugins	SOURCE
org.mockito.internal.configuration.plugins.DefaultMockitoPlugins	null	class	org.mockito.plugins.MockitoLogger	SOURCE
org.mockito.internal.configuration.plugins.DefaultMockitoPlugins	DEFAULT_PLUGINS	DEFAULT_PLUGINS	org.mockito.internal.configuration.plugins.DefaultMockitoPlugins	SOURCE
org.mockito.internal.configuration.plugins.DefaultMockitoPlugins	null	class	org.mockito.plugins.MemberAccessor	SOURCE
org.mockito.internal.configuration.plugins.DefaultMockitoPlugins	DEFAULT_PLUGINS	DEFAULT_PLUGINS	org.mockito.internal.configuration.plugins.DefaultMockitoPlugins	SOURCE
org.mockito.internal.configuration.plugins.DefaultMockitoPlugins	MODULE_ALIAS	MODULE_ALIAS	org.mockito.internal.configuration.plugins.DefaultMockitoPlugins	SOURCE
org.mockito.internal.configuration.plugins.DefaultMockitoPlugins	getDefaultPlugin(java.lang.Class)	class	org.mockito.plugins.InstantiatorProvider	SOURCE
org.mockito.internal.configuration.plugins.DefaultMockitoPlugins	getDefaultPlugin(java.lang.Class)	DEFAULT_PLUGINS	org.mockito.internal.configuration.plugins.DefaultMockitoPlugins	SOURCE
org.mockito.internal.configuration.plugins.DefaultMockitoPlugins	getDefaultPlugin(java.lang.Class)	class	org.mockito.plugins.InstantiatorProvider2	SOURCE
org.mockito.internal.configuration.plugins.DefaultMockitoPlugins	getDefaultPlugin(java.lang.Class)	class	org.mockito.plugins.InstantiatorProvider2	SOURCE
org.mockito.internal.configuration.plugins.DefaultMockitoPlugins	getDefaultPlugin(java.lang.Class)	DEFAULT_PLUGINS	org.mockito.internal.configuration.plugins.DefaultMockitoPlugins	SOURCE
org.mockito.internal.configuration.plugins.DefaultMockitoPlugins	getDefaultPluginClass(java.lang.String)	DEFAULT_PLUGINS	org.mockito.internal.configuration.plugins.DefaultMockitoPlugins	SOURCE
org.mockito.internal.configuration.plugins.DefaultMockitoPlugins	getInlineMockMaker()	class	org.mockito.plugins.MockMaker	SOURCE
org.mockito.internal.configuration.plugins.DefaultMockitoPlugins	getInlineMockMaker()	DEFAULT_PLUGINS	org.mockito.internal.configuration.plugins.DefaultMockitoPlugins	SOURCE
org.mockito.internal.configuration.plugins.DefaultMockitoPlugins	getInlineMockMaker()	INLINE_ALIAS	org.mockito.internal.configuration.plugins.DefaultMockitoPlugins	SOURCE
org.mockito.internal.configuration.plugins.PluginInitializer	PluginInitializer(org.mockito.plugins.PluginSwitch,java.lang.String,org.mockito.internal.configuration.plugins.DefaultMockitoPlugins)	pluginSwitch	org.mockito.internal.configuration.plugins.PluginInitializer	SOURCE
org.mockito.internal.configuration.plugins.PluginInitializer	PluginInitializer(org.mockito.plugins.PluginSwitch,java.lang.String,org.mockito.internal.configuration.plugins.DefaultMockitoPlugins)	this	org.mockito.internal.configuration.plugins.PluginInitializer	SOURCE
org.mockito.internal.configuration.plugins.PluginInitializer	PluginInitializer(org.mockito.plugins.PluginSwitch,java.lang.String,org.mockito.internal.configuration.plugins.DefaultMockitoPlugins)	alias	org.mockito.internal.configuration.plugins.PluginInitializer	SOURCE
org.mockito.internal.configuration.plugins.PluginInitializer	PluginInitializer(org.mockito.plugins.PluginSwitch,java.lang.String,org.mockito.internal.configuration.plugins.DefaultMockitoPlugins)	this	org.mockito.internal.configuration.plugins.PluginInitializer	SOURCE
org.mockito.internal.configuration.plugins.PluginInitializer	PluginInitializer(org.mockito.plugins.PluginSwitch,java.lang.String,org.mockito.internal.configuration.plugins.DefaultMockitoPlugins)	plugins	org.mockito.internal.configuration.plugins.PluginInitializer	SOURCE
org.mockito.internal.configuration.plugins.PluginInitializer	PluginInitializer(org.mockito.plugins.PluginSwitch,java.lang.String,org.mockito.internal.configuration.plugins.DefaultMockitoPlugins)	this	org.mockito.internal.configuration.plugins.PluginInitializer	SOURCE
org.mockito.internal.configuration.plugins.PluginInitializer	loadImpl(java.lang.Class)	pluginSwitch	org.mockito.internal.configuration.plugins.PluginInitializer	SOURCE
org.mockito.internal.configuration.plugins.PluginInitializer	loadImpl(java.lang.Class)	alias	org.mockito.internal.configuration.plugins.PluginInitializer	SOURCE
org.mockito.internal.configuration.plugins.PluginInitializer	loadImpl(java.lang.Class)	plugins	org.mockito.internal.configuration.plugins.PluginInitializer	SOURCE
org.mockito.internal.configuration.plugins.PluginInitializer	loadImpl(java.lang.Class)	alias	org.mockito.internal.configuration.plugins.PluginInitializer	SOURCE
org.mockito.internal.configuration.plugins.PluginRegistry	pluginSwitch	class	org.mockito.plugins.PluginSwitch	SOURCE
org.mockito.internal.configuration.plugins.PluginRegistry	pluginSwitch	pluginSwitch	org.mockito.internal.configuration.plugins.PluginRegistry	SOURCE
org.mockito.internal.configuration.plugins.PluginRegistry	mockMaker	INLINE_ALIAS	org.mockito.internal.configuration.plugins.DefaultMockitoPlugins	SOURCE
org.mockito.internal.configuration.plugins.PluginRegistry	mockMaker	class	org.mockito.plugins.MockMaker	SOURCE
org.mockito.internal.configuration.plugins.PluginRegistry	pluginSwitch	pluginSwitch	org.mockito.internal.configuration.plugins.PluginRegistry	SOURCE
org.mockito.internal.configuration.plugins.PluginRegistry	memberAccessor	MODULE_ALIAS	org.mockito.internal.configuration.plugins.DefaultMockitoPlugins	SOURCE
org.mockito.internal.configuration.plugins.PluginRegistry	memberAccessor	class	org.mockito.plugins.MemberAccessor	SOURCE
org.mockito.internal.configuration.plugins.PluginRegistry	pluginSwitch	pluginSwitch	org.mockito.internal.configuration.plugins.PluginRegistry	SOURCE
org.mockito.internal.configuration.plugins.PluginRegistry	stackTraceCleanerProvider	class	org.mockito.plugins.StackTraceCleanerProvider	SOURCE
org.mockito.internal.configuration.plugins.PluginRegistry	pluginSwitch	pluginSwitch	org.mockito.internal.configuration.plugins.PluginRegistry	SOURCE
org.mockito.internal.configuration.plugins.PluginRegistry	annotationEngine	class	org.mockito.plugins.AnnotationEngine	SOURCE
org.mockito.internal.configuration.plugins.PluginRegistry	pluginSwitch	pluginSwitch	org.mockito.internal.configuration.plugins.PluginRegistry	SOURCE
org.mockito.internal.configuration.plugins.PluginRegistry	mockitoLogger	class	org.mockito.plugins.MockitoLogger	SOURCE
org.mockito.internal.configuration.plugins.PluginRegistry	PluginRegistry()	pluginSwitch	org.mockito.internal.configuration.plugins.PluginRegistry	SOURCE
org.mockito.internal.configuration.plugins.PluginRegistry	PluginRegistry()	class	org.mockito.plugins.InstantiatorProvider2	SOURCE
org.mockito.internal.configuration.plugins.PluginRegistry	PluginRegistry()	class	org.mockito.plugins.InstantiatorProvider	SOURCE
org.mockito.internal.configuration.plugins.PluginRegistry	PluginRegistry()	instantiatorProvider	org.mockito.internal.configuration.plugins.PluginRegistry	SOURCE
org.mockito.internal.configuration.plugins.PluginRegistry	PluginRegistry()	instantiatorProvider	org.mockito.internal.configuration.plugins.PluginRegistry	SOURCE
org.mockito.internal.configuration.plugins.PluginRegistry	getStackTraceCleanerProvider()	stackTraceCleanerProvider	org.mockito.internal.configuration.plugins.PluginRegistry	SOURCE
org.mockito.internal.configuration.plugins.PluginRegistry	getMockMaker()	mockMaker	org.mockito.internal.configuration.plugins.PluginRegistry	SOURCE
org.mockito.internal.configuration.plugins.PluginRegistry	getMemberAccessor()	memberAccessor	org.mockito.internal.configuration.plugins.PluginRegistry	SOURCE
org.mockito.internal.configuration.plugins.PluginRegistry	getInstantiatorProvider()	instantiatorProvider	org.mockito.internal.configuration.plugins.PluginRegistry	SOURCE
org.mockito.internal.configuration.plugins.PluginRegistry	getAnnotationEngine()	annotationEngine	org.mockito.internal.configuration.plugins.PluginRegistry	SOURCE
org.mockito.internal.configuration.plugins.PluginRegistry	getMockitoLogger()	mockitoLogger	org.mockito.internal.configuration.plugins.PluginRegistry	SOURCE
org.mockito.internal.configuration.plugins.PluginFinder	PluginFinder(org.mockito.plugins.PluginSwitch)	pluginSwitch	org.mockito.internal.configuration.plugins.PluginFinder	SOURCE
org.mockito.internal.configuration.plugins.PluginFinder	PluginFinder(org.mockito.plugins.PluginSwitch)	this	org.mockito.internal.configuration.plugins.PluginFinder	SOURCE
org.mockito.internal.configuration.plugins.PluginFinder	findPluginClass(java.lang.Iterable)	pluginSwitch	org.mockito.internal.configuration.plugins.PluginFinder	SOURCE
org.mockito.internal.configuration.plugins.Plugins	getStackTraceCleanerProvider()	registry	org.mockito.internal.configuration.plugins.Plugins	SOURCE
org.mockito.internal.configuration.plugins.Plugins	getMockMaker()	registry	org.mockito.internal.configuration.plugins.Plugins	SOURCE
org.mockito.internal.configuration.plugins.Plugins	getMemberAccessor()	registry	org.mockito.internal.configuration.plugins.Plugins	SOURCE
org.mockito.internal.configuration.plugins.Plugins	getInstantiatorProvider()	registry	org.mockito.internal.configuration.plugins.Plugins	SOURCE
org.mockito.internal.configuration.plugins.Plugins	getAnnotationEngine()	registry	org.mockito.internal.configuration.plugins.Plugins	SOURCE
org.mockito.internal.configuration.plugins.Plugins	getMockitoLogger()	registry	org.mockito.internal.configuration.plugins.Plugins	SOURCE
org.mockito.internal.configuration.GlobalConfiguration	getIt()	GLOBAL_CONFIGURATION	org.mockito.internal.configuration.GlobalConfiguration	SOURCE
org.mockito.internal.configuration.GlobalConfiguration	GlobalConfiguration()	GLOBAL_CONFIGURATION	org.mockito.internal.configuration.GlobalConfiguration	SOURCE
org.mockito.internal.configuration.GlobalConfiguration	GlobalConfiguration()	GLOBAL_CONFIGURATION	org.mockito.internal.configuration.GlobalConfiguration	SOURCE
org.mockito.internal.configuration.GlobalConfiguration	getAnnotationEngine()	GLOBAL_CONFIGURATION	org.mockito.internal.configuration.GlobalConfiguration	SOURCE
org.mockito.internal.configuration.GlobalConfiguration	tryGetPluginAnnotationEngine()	GLOBAL_CONFIGURATION	org.mockito.internal.configuration.GlobalConfiguration	SOURCE
org.mockito.internal.configuration.GlobalConfiguration	tryGetPluginAnnotationEngine()	class	org.mockito.configuration.DefaultMockitoConfiguration	SOURCE
org.mockito.internal.configuration.GlobalConfiguration	cleansStackTrace()	GLOBAL_CONFIGURATION	org.mockito.internal.configuration.GlobalConfiguration	SOURCE
org.mockito.internal.configuration.GlobalConfiguration	enableClassCache()	GLOBAL_CONFIGURATION	org.mockito.internal.configuration.GlobalConfiguration	SOURCE
org.mockito.internal.configuration.GlobalConfiguration	getDefaultAnswer()	GLOBAL_CONFIGURATION	org.mockito.internal.configuration.GlobalConfiguration	SOURCE
org.mockito.internal.configuration.CaptorAnnotationProcessor	process(org.mockito.Captor,java.lang.reflect.Field)	class	org.mockito.ArgumentCaptor	SOURCE
org.mockito.internal.util.MockNameImpl	MockNameImpl(java.lang.String,java.lang.Class,boolean)	mockName	org.mockito.internal.util.MockNameImpl	SOURCE
org.mockito.internal.util.MockNameImpl	MockNameImpl(java.lang.String,java.lang.Class,boolean)	this	org.mockito.internal.util.MockNameImpl	SOURCE
org.mockito.internal.util.MockNameImpl	MockNameImpl(java.lang.String,java.lang.Class,boolean)	defaultName	org.mockito.internal.util.MockNameImpl	SOURCE
org.mockito.internal.util.MockNameImpl	MockNameImpl(java.lang.String,java.lang.Class,boolean)	this	org.mockito.internal.util.MockNameImpl	SOURCE
org.mockito.internal.util.MockNameImpl	MockNameImpl(java.lang.String,java.lang.Class,boolean)	mockName	org.mockito.internal.util.MockNameImpl	SOURCE
org.mockito.internal.util.MockNameImpl	MockNameImpl(java.lang.String,java.lang.Class,boolean)	this	org.mockito.internal.util.MockNameImpl	SOURCE
org.mockito.internal.util.MockNameImpl	MockNameImpl(java.lang.String)	mockName	org.mockito.internal.util.MockNameImpl	SOURCE
org.mockito.internal.util.MockNameImpl	MockNameImpl(java.lang.String)	this	org.mockito.internal.util.MockNameImpl	SOURCE
org.mockito.internal.util.MockNameImpl	isDefault()	defaultName	org.mockito.internal.util.MockNameImpl	SOURCE
org.mockito.internal.util.MockNameImpl	toString()	mockName	org.mockito.internal.util.MockNameImpl	SOURCE
org.mockito.internal.util.DefaultMockingDetails	DefaultMockingDetails(java.lang.Object)	toInspect	org.mockito.internal.util.DefaultMockingDetails	SOURCE
org.mockito.internal.util.DefaultMockingDetails	DefaultMockingDetails(java.lang.Object)	this	org.mockito.internal.util.DefaultMockingDetails	SOURCE
org.mockito.internal.util.DefaultMockingDetails	isMock()	toInspect	org.mockito.internal.util.DefaultMockingDetails	SOURCE
org.mockito.internal.util.DefaultMockingDetails	isSpy()	toInspect	org.mockito.internal.util.DefaultMockingDetails	SOURCE
org.mockito.internal.util.DefaultMockingDetails	getInvocationContainer()	toInspect	org.mockito.internal.util.DefaultMockingDetails	SOURCE
org.mockito.internal.util.DefaultMockingDetails	printInvocations()	toInspect	org.mockito.internal.util.DefaultMockingDetails	SOURCE
org.mockito.internal.util.DefaultMockingDetails	getMock()	toInspect	org.mockito.internal.util.DefaultMockingDetails	SOURCE
org.mockito.internal.util.DefaultMockingDetails	mockHandler()	toInspect	org.mockito.internal.util.DefaultMockingDetails	SOURCE
org.mockito.internal.util.DefaultMockingDetails	assertGoodMock()	toInspect	org.mockito.internal.util.DefaultMockingDetails	SOURCE
org.mockito.internal.util.DefaultMockingDetails	assertGoodMock()	toInspect	org.mockito.internal.util.DefaultMockingDetails	SOURCE
org.mockito.internal.util.JavaEightUtil	emptyOptional()	emptyOptional	org.mockito.internal.util.JavaEightUtil	SOURCE
org.mockito.internal.util.JavaEightUtil	emptyOptional()	emptyOptional	org.mockito.internal.util.JavaEightUtil	SOURCE
org.mockito.internal.util.JavaEightUtil	emptyOptional()	emptyOptional	org.mockito.internal.util.JavaEightUtil	SOURCE
org.mockito.internal.util.JavaEightUtil	emptyOptionalDouble()	emptyOptionalDouble	org.mockito.internal.util.JavaEightUtil	SOURCE
org.mockito.internal.util.JavaEightUtil	emptyOptionalDouble()	emptyOptionalDouble	org.mockito.internal.util.JavaEightUtil	SOURCE
org.mockito.internal.util.JavaEightUtil	emptyOptionalDouble()	emptyOptionalDouble	org.mockito.internal.util.JavaEightUtil	SOURCE
org.mockito.internal.util.JavaEightUtil	emptyOptionalInt()	emptyOptionalInt	org.mockito.internal.util.JavaEightUtil	SOURCE
org.mockito.internal.util.JavaEightUtil	emptyOptionalInt()	emptyOptionalInt	org.mockito.internal.util.JavaEightUtil	SOURCE
org.mockito.internal.util.JavaEightUtil	emptyOptionalInt()	emptyOptionalInt	org.mockito.internal.util.JavaEightUtil	SOURCE
org.mockito.internal.util.JavaEightUtil	emptyOptionalLong()	emptyOptionalLong	org.mockito.internal.util.JavaEightUtil	SOURCE
org.mockito.internal.util.JavaEightUtil	emptyOptionalLong()	emptyOptionalLong	org.mockito.internal.util.JavaEightUtil	SOURCE
org.mockito.internal.util.JavaEightUtil	emptyOptionalLong()	emptyOptionalLong	org.mockito.internal.util.JavaEightUtil	SOURCE
org.mockito.internal.util.JavaEightUtil	emptyDuration()	emptyDuration	org.mockito.internal.util.JavaEightUtil	SOURCE
org.mockito.internal.util.JavaEightUtil	emptyDuration()	emptyDuration	org.mockito.internal.util.JavaEightUtil	SOURCE
org.mockito.internal.util.JavaEightUtil	emptyDuration()	emptyDuration	org.mockito.internal.util.JavaEightUtil	SOURCE
org.mockito.internal.util.JavaEightUtil	emptyPeriod()	emptyPeriod	org.mockito.internal.util.JavaEightUtil	SOURCE
org.mockito.internal.util.JavaEightUtil	emptyPeriod()	emptyPeriod	org.mockito.internal.util.JavaEightUtil	SOURCE
org.mockito.internal.util.JavaEightUtil	emptyPeriod()	emptyPeriod	org.mockito.internal.util.JavaEightUtil	SOURCE
org.mockito.internal.util.collections.HashCodeAndEqualsMockWrapper	HashCodeAndEqualsMockWrapper(java.lang.Object)	mockInstance	org.mockito.internal.util.collections.HashCodeAndEqualsMockWrapper	SOURCE
org.mockito.internal.util.collections.HashCodeAndEqualsMockWrapper	HashCodeAndEqualsMockWrapper(java.lang.Object)	this	org.mockito.internal.util.collections.HashCodeAndEqualsMockWrapper	SOURCE
org.mockito.internal.util.collections.HashCodeAndEqualsMockWrapper	get()	mockInstance	org.mockito.internal.util.collections.HashCodeAndEqualsMockWrapper	SOURCE
org.mockito.internal.util.collections.HashCodeAndEqualsMockWrapper	equals(java.lang.Object)	this	org.mockito.internal.util.collections.HashCodeAndEqualsMockWrapper	SOURCE
org.mockito.internal.util.collections.HashCodeAndEqualsMockWrapper	equals(java.lang.Object)	mockInstance	org.mockito.internal.util.collections.HashCodeAndEqualsMockWrapper	SOURCE
org.mockito.internal.util.collections.HashCodeAndEqualsMockWrapper	equals(java.lang.Object)	mockInstance	org.mockito.internal.util.collections.HashCodeAndEqualsMockWrapper	SOURCE
org.mockito.internal.util.collections.HashCodeAndEqualsMockWrapper	hashCode()	mockInstance	org.mockito.internal.util.collections.HashCodeAndEqualsMockWrapper	SOURCE
org.mockito.internal.util.collections.HashCodeAndEqualsMockWrapper	toString()	mockInstance	org.mockito.internal.util.collections.HashCodeAndEqualsMockWrapper	SOURCE
org.mockito.internal.util.collections.HashCodeAndEqualsMockWrapper	toString()	mockInstance	org.mockito.internal.util.collections.HashCodeAndEqualsMockWrapper	SOURCE
org.mockito.internal.util.collections.HashCodeAndEqualsMockWrapper	typeInstanceString()	mockInstance	org.mockito.internal.util.collections.HashCodeAndEqualsMockWrapper	SOURCE
org.mockito.internal.util.collections.HashCodeAndEqualsMockWrapper	typeInstanceString()	mockInstance	org.mockito.internal.util.collections.HashCodeAndEqualsMockWrapper	SOURCE
org.mockito.internal.util.collections.HashCodeAndEqualsSafeSet$1	iterator	backingHashSet	org.mockito.internal.util.collections.HashCodeAndEqualsSafeSet	SOURCE
org.mockito.internal.util.collections.HashCodeAndEqualsSafeSet$1	hasNext()	iterator	org.mockito.internal.util.collections.HashCodeAndEqualsSafeSet$1	SOURCE
org.mockito.internal.util.collections.HashCodeAndEqualsSafeSet$1	next()	iterator	org.mockito.internal.util.collections.HashCodeAndEqualsSafeSet$1	SOURCE
org.mockito.internal.util.collections.HashCodeAndEqualsSafeSet$1	remove()	iterator	org.mockito.internal.util.collections.HashCodeAndEqualsSafeSet$1	SOURCE
org.mockito.internal.util.collections.HashCodeAndEqualsSafeSet	size()	backingHashSet	org.mockito.internal.util.collections.HashCodeAndEqualsSafeSet	SOURCE
org.mockito.internal.util.collections.HashCodeAndEqualsSafeSet	isEmpty()	backingHashSet	org.mockito.internal.util.collections.HashCodeAndEqualsSafeSet	SOURCE
org.mockito.internal.util.collections.HashCodeAndEqualsSafeSet	contains(java.lang.Object)	backingHashSet	org.mockito.internal.util.collections.HashCodeAndEqualsSafeSet	SOURCE
org.mockito.internal.util.collections.HashCodeAndEqualsSafeSet	add(java.lang.Object)	backingHashSet	org.mockito.internal.util.collections.HashCodeAndEqualsSafeSet	SOURCE
org.mockito.internal.util.collections.HashCodeAndEqualsSafeSet	remove(java.lang.Object)	backingHashSet	org.mockito.internal.util.collections.HashCodeAndEqualsSafeSet	SOURCE
org.mockito.internal.util.collections.HashCodeAndEqualsSafeSet	clear()	backingHashSet	org.mockito.internal.util.collections.HashCodeAndEqualsSafeSet	SOURCE
org.mockito.internal.util.collections.HashCodeAndEqualsSafeSet	equals(java.lang.Object)	backingHashSet	org.mockito.internal.util.collections.HashCodeAndEqualsSafeSet	SOURCE
org.mockito.internal.util.collections.HashCodeAndEqualsSafeSet	equals(java.lang.Object)	backingHashSet	org.mockito.internal.util.collections.HashCodeAndEqualsSafeSet	SOURCE
org.mockito.internal.util.collections.HashCodeAndEqualsSafeSet	hashCode()	backingHashSet	org.mockito.internal.util.collections.HashCodeAndEqualsSafeSet	SOURCE
org.mockito.internal.util.collections.HashCodeAndEqualsSafeSet	unwrapTo(T[])	length	Array	SOURCE
org.mockito.internal.util.collections.HashCodeAndEqualsSafeSet	unwrapTo(T[])	length	Array	SOURCE
org.mockito.internal.util.collections.HashCodeAndEqualsSafeSet	toArray(T[])	length	Array	SOURCE
org.mockito.internal.util.collections.HashCodeAndEqualsSafeSet	removeAll(java.util.Collection)	backingHashSet	org.mockito.internal.util.collections.HashCodeAndEqualsSafeSet	SOURCE
org.mockito.internal.util.collections.HashCodeAndEqualsSafeSet	containsAll(java.util.Collection)	backingHashSet	org.mockito.internal.util.collections.HashCodeAndEqualsSafeSet	SOURCE
org.mockito.internal.util.collections.HashCodeAndEqualsSafeSet	addAll(java.util.Collection)	backingHashSet	org.mockito.internal.util.collections.HashCodeAndEqualsSafeSet	SOURCE
org.mockito.internal.util.collections.HashCodeAndEqualsSafeSet	retainAll(java.util.Collection)	backingHashSet	org.mockito.internal.util.collections.HashCodeAndEqualsSafeSet	SOURCE
org.mockito.internal.util.collections.HashCodeAndEqualsSafeSet	toString()	backingHashSet	org.mockito.internal.util.collections.HashCodeAndEqualsSafeSet	SOURCE
org.mockito.internal.util.ConsoleMockitoLogger	log(java.lang.Object)	out	java.lang.System	SOURCE
org.mockito.internal.util.reflection.FieldReader	FieldReader(java.lang.Object,java.lang.reflect.Field)	target	org.mockito.internal.util.reflection.FieldReader	SOURCE
org.mockito.internal.util.reflection.FieldReader	FieldReader(java.lang.Object,java.lang.reflect.Field)	this	org.mockito.internal.util.reflection.FieldReader	SOURCE
org.mockito.internal.util.reflection.FieldReader	FieldReader(java.lang.Object,java.lang.reflect.Field)	field	org.mockito.internal.util.reflection.FieldReader	SOURCE
org.mockito.internal.util.reflection.FieldReader	FieldReader(java.lang.Object,java.lang.reflect.Field)	this	org.mockito.internal.util.reflection.FieldReader	SOURCE
org.mockito.internal.util.reflection.FieldReader	read()	accessor	org.mockito.internal.util.reflection.FieldReader	SOURCE
org.mockito.internal.util.reflection.FieldReader	read()	field	org.mockito.internal.util.reflection.FieldReader	SOURCE
org.mockito.internal.util.reflection.FieldReader	read()	target	org.mockito.internal.util.reflection.FieldReader	SOURCE
org.mockito.internal.util.reflection.FieldReader	read()	field	org.mockito.internal.util.reflection.FieldReader	SOURCE
org.mockito.internal.util.reflection.FieldReader	read()	target	org.mockito.internal.util.reflection.FieldReader	SOURCE
org.mockito.internal.util.reflection.ModuleMemberAccessor	ModuleMemberAccessor()	JAVA_V9	net.bytebuddy.ClassFileVersion	SOURCE
org.mockito.internal.util.reflection.ModuleMemberAccessor	ModuleMemberAccessor()	delegate	org.mockito.internal.util.reflection.ModuleMemberAccessor	SOURCE
org.mockito.internal.util.reflection.ModuleMemberAccessor	ModuleMemberAccessor()	delegate	org.mockito.internal.util.reflection.ModuleMemberAccessor	SOURCE
org.mockito.internal.util.reflection.ModuleMemberAccessor	newInstance(java.lang.reflect.Constructor,java.lang.Object[])	delegate	org.mockito.internal.util.reflection.ModuleMemberAccessor	SOURCE
org.mockito.internal.util.reflection.ModuleMemberAccessor	invoke(java.lang.reflect.Method,java.lang.Object,java.lang.Object[])	delegate	org.mockito.internal.util.reflection.ModuleMemberAccessor	SOURCE
org.mockito.internal.util.reflection.ModuleMemberAccessor	get(java.lang.reflect.Field,java.lang.Object)	delegate	org.mockito.internal.util.reflection.ModuleMemberAccessor	SOURCE
org.mockito.internal.util.reflection.ModuleMemberAccessor	set(java.lang.reflect.Field,java.lang.Object,java.lang.Object)	delegate	org.mockito.internal.util.reflection.ModuleMemberAccessor	SOURCE
org.mockito.internal.util.reflection.LenientCopyTool	copy(T,T,java.lang.Class)	class	java.lang.Object	SOURCE
org.mockito.internal.util.reflection.LenientCopyTool	copyValues(T,T,java.lang.Class)	accessor	org.mockito.internal.util.reflection.LenientCopyTool	SOURCE
org.mockito.internal.util.reflection.LenientCopyTool	copyValues(T,T,java.lang.Class)	accessor	org.mockito.internal.util.reflection.LenientCopyTool	SOURCE
org.mockito.internal.util.reflection.InstanceField	InstanceField(java.lang.reflect.Field,java.lang.Object)	field	org.mockito.internal.util.reflection.InstanceField	SOURCE
org.mockito.internal.util.reflection.InstanceField	InstanceField(java.lang.reflect.Field,java.lang.Object)	this	org.mockito.internal.util.reflection.InstanceField	SOURCE
org.mockito.internal.util.reflection.InstanceField	InstanceField(java.lang.reflect.Field,java.lang.Object)	instance	org.mockito.internal.util.reflection.InstanceField	SOURCE
org.mockito.internal.util.reflection.InstanceField	InstanceField(java.lang.reflect.Field,java.lang.Object)	this	org.mockito.internal.util.reflection.InstanceField	SOURCE
org.mockito.internal.util.reflection.InstanceField	set(java.lang.Object)	field	org.mockito.internal.util.reflection.InstanceField	SOURCE
org.mockito.internal.util.reflection.InstanceField	set(java.lang.Object)	instance	org.mockito.internal.util.reflection.InstanceField	SOURCE
org.mockito.internal.util.reflection.InstanceField	set(java.lang.Object)	field	org.mockito.internal.util.reflection.InstanceField	SOURCE
org.mockito.internal.util.reflection.InstanceField	isAnnotatedBy(java.lang.Class)	field	org.mockito.internal.util.reflection.InstanceField	SOURCE
org.mockito.internal.util.reflection.InstanceField	isSynthetic()	field	org.mockito.internal.util.reflection.InstanceField	SOURCE
org.mockito.internal.util.reflection.InstanceField	annotation(java.lang.Class)	field	org.mockito.internal.util.reflection.InstanceField	SOURCE
org.mockito.internal.util.reflection.InstanceField	jdkField()	field	org.mockito.internal.util.reflection.InstanceField	SOURCE
org.mockito.internal.util.reflection.InstanceField	reader()	fieldReader	org.mockito.internal.util.reflection.InstanceField	SOURCE
org.mockito.internal.util.reflection.InstanceField	reader()	fieldReader	org.mockito.internal.util.reflection.InstanceField	SOURCE
org.mockito.internal.util.reflection.InstanceField	reader()	instance	org.mockito.internal.util.reflection.InstanceField	SOURCE
org.mockito.internal.util.reflection.InstanceField	reader()	field	org.mockito.internal.util.reflection.InstanceField	SOURCE
org.mockito.internal.util.reflection.InstanceField	reader()	fieldReader	org.mockito.internal.util.reflection.InstanceField	SOURCE
org.mockito.internal.util.reflection.InstanceField	name()	field	org.mockito.internal.util.reflection.InstanceField	SOURCE
org.mockito.internal.util.reflection.InstanceField	equals(java.lang.Object)	this	org.mockito.internal.util.reflection.InstanceField	SOURCE
org.mockito.internal.util.reflection.InstanceField	equals(java.lang.Object)	field	org.mockito.internal.util.reflection.InstanceField	SOURCE
org.mockito.internal.util.reflection.InstanceField	equals(java.lang.Object)	field	org.mockito.internal.util.reflection.InstanceField	SOURCE
org.mockito.internal.util.reflection.InstanceField	equals(java.lang.Object)	instance	org.mockito.internal.util.reflection.InstanceField	SOURCE
org.mockito.internal.util.reflection.InstanceField	equals(java.lang.Object)	instance	org.mockito.internal.util.reflection.InstanceField	SOURCE
org.mockito.internal.util.reflection.InstanceField	hashCode()	field	org.mockito.internal.util.reflection.InstanceField	SOURCE
org.mockito.internal.util.reflection.InstanceField	hashCode()	instance	org.mockito.internal.util.reflection.InstanceField	SOURCE
org.mockito.internal.util.reflection.InstrumentationMemberAccessor	WRAPPERS	WRAPPERS	org.mockito.internal.util.reflection.InstrumentationMemberAccessor	SOURCE
org.mockito.internal.util.reflection.InstrumentationMemberAccessor	null	class	null	SOURCE
org.mockito.internal.util.reflection.InstrumentationMemberAccessor	null	class	java.lang.Boolean	SOURCE
org.mockito.internal.util.reflection.InstrumentationMemberAccessor	WRAPPERS	WRAPPERS	org.mockito.internal.util.reflection.InstrumentationMemberAccessor	SOURCE
org.mockito.internal.util.reflection.InstrumentationMemberAccessor	null	class	null	SOURCE
org.mockito.internal.util.reflection.InstrumentationMemberAccessor	null	class	java.lang.Byte	SOURCE
org.mockito.internal.util.reflection.InstrumentationMemberAccessor	WRAPPERS	WRAPPERS	org.mockito.internal.util.reflection.InstrumentationMemberAccessor	SOURCE
org.mockito.internal.util.reflection.InstrumentationMemberAccessor	null	class	null	SOURCE
org.mockito.internal.util.reflection.InstrumentationMemberAccessor	null	class	java.lang.Short	SOURCE
org.mockito.internal.util.reflection.InstrumentationMemberAccessor	WRAPPERS	WRAPPERS	org.mockito.internal.util.reflection.InstrumentationMemberAccessor	SOURCE
org.mockito.internal.util.reflection.InstrumentationMemberAccessor	null	class	null	SOURCE
org.mockito.internal.util.reflection.InstrumentationMemberAccessor	null	class	java.lang.Character	SOURCE
org.mockito.internal.util.reflection.InstrumentationMemberAccessor	WRAPPERS	WRAPPERS	org.mockito.internal.util.reflection.InstrumentationMemberAccessor	SOURCE
org.mockito.internal.util.reflection.InstrumentationMemberAccessor	null	class	null	SOURCE
org.mockito.internal.util.reflection.InstrumentationMemberAccessor	null	class	java.lang.Integer	SOURCE
org.mockito.internal.util.reflection.InstrumentationMemberAccessor	WRAPPERS	WRAPPERS	org.mockito.internal.util.reflection.InstrumentationMemberAccessor	SOURCE
org.mockito.internal.util.reflection.InstrumentationMemberAccessor	null	class	null	SOURCE
org.mockito.internal.util.reflection.InstrumentationMemberAccessor	null	class	java.lang.Long	SOURCE
org.mockito.internal.util.reflection.InstrumentationMemberAccessor	WRAPPERS	WRAPPERS	org.mockito.internal.util.reflection.InstrumentationMemberAccessor	SOURCE
org.mockito.internal.util.reflection.InstrumentationMemberAccessor	null	class	null	SOURCE
org.mockito.internal.util.reflection.InstrumentationMemberAccessor	null	class	java.lang.Float	SOURCE
org.mockito.internal.util.reflection.InstrumentationMemberAccessor	WRAPPERS	WRAPPERS	org.mockito.internal.util.reflection.InstrumentationMemberAccessor	SOURCE
org.mockito.internal.util.reflection.InstrumentationMemberAccessor	null	class	null	SOURCE
org.mockito.internal.util.reflection.InstrumentationMemberAccessor	null	class	java.lang.Double	SOURCE
org.mockito.internal.util.reflection.InstrumentationMemberAccessor	class	class	org.mockito.internal.util.reflection.InstrumentationMemberAccessor$Dispatcher	SOURCE
org.mockito.internal.util.reflection.InstrumentationMemberAccessor	null	class	java.lang.invoke.MethodHandles	SOURCE
org.mockito.internal.util.reflection.InstrumentationMemberAccessor	null	class	java.lang.Class	SOURCE
org.mockito.internal.util.reflection.InstrumentationMemberAccessor	null	class	java.lang.Object	SOURCE
org.mockito.internal.util.reflection.InstrumentationMemberAccessor	null	class	java.lang.reflect.AccessibleObject	SOURCE
org.mockito.internal.util.reflection.InstrumentationMemberAccessor	null	class	null	SOURCE
org.mockito.internal.util.reflection.InstrumentationMemberAccessor	class	class	org.mockito.internal.util.reflection.InstrumentationMemberAccessor	SOURCE
org.mockito.internal.util.reflection.InstrumentationMemberAccessor	INSTRUMENTATION	INSTRUMENTATION	org.mockito.internal.util.reflection.InstrumentationMemberAccessor	SOURCE
org.mockito.internal.util.reflection.InstrumentationMemberAccessor	DISPATCHER	DISPATCHER	org.mockito.internal.util.reflection.InstrumentationMemberAccessor	SOURCE
org.mockito.internal.util.reflection.InstrumentationMemberAccessor	INITIALIZATION_ERROR	INITIALIZATION_ERROR	org.mockito.internal.util.reflection.InstrumentationMemberAccessor	SOURCE
org.mockito.internal.util.reflection.InstrumentationMemberAccessor	InstrumentationMemberAccessor()	INITIALIZATION_ERROR	org.mockito.internal.util.reflection.InstrumentationMemberAccessor	SOURCE
org.mockito.internal.util.reflection.InstrumentationMemberAccessor	InstrumentationMemberAccessor()	INITIALIZATION_ERROR	org.mockito.internal.util.reflection.InstrumentationMemberAccessor	SOURCE
org.mockito.internal.util.reflection.InstrumentationMemberAccessor	InstrumentationMemberAccessor()	getModule	org.mockito.internal.util.reflection.InstrumentationMemberAccessor	SOURCE
org.mockito.internal.util.reflection.InstrumentationMemberAccessor	InstrumentationMemberAccessor()	class	java.lang.Class	SOURCE
org.mockito.internal.util.reflection.InstrumentationMemberAccessor	InstrumentationMemberAccessor()	isOpen	org.mockito.internal.util.reflection.InstrumentationMemberAccessor	SOURCE
org.mockito.internal.util.reflection.InstrumentationMemberAccessor	InstrumentationMemberAccessor()	class	null	SOURCE
org.mockito.internal.util.reflection.InstrumentationMemberAccessor	InstrumentationMemberAccessor()	class	java.lang.String	SOURCE
org.mockito.internal.util.reflection.InstrumentationMemberAccessor	InstrumentationMemberAccessor()	redefineModule	org.mockito.internal.util.reflection.InstrumentationMemberAccessor	SOURCE
org.mockito.internal.util.reflection.InstrumentationMemberAccessor	InstrumentationMemberAccessor()	class	java.lang.instrument.Instrumentation	SOURCE
org.mockito.internal.util.reflection.InstrumentationMemberAccessor	InstrumentationMemberAccessor()	class	null	SOURCE
org.mockito.internal.util.reflection.InstrumentationMemberAccessor	InstrumentationMemberAccessor()	class	java.util.Set	SOURCE
org.mockito.internal.util.reflection.InstrumentationMemberAccessor	InstrumentationMemberAccessor()	class	java.util.Map	SOURCE
org.mockito.internal.util.reflection.InstrumentationMemberAccessor	InstrumentationMemberAccessor()	class	java.util.Map	SOURCE
org.mockito.internal.util.reflection.InstrumentationMemberAccessor	InstrumentationMemberAccessor()	class	java.util.Set	SOURCE
org.mockito.internal.util.reflection.InstrumentationMemberAccessor	InstrumentationMemberAccessor()	class	java.util.Map	SOURCE
org.mockito.internal.util.reflection.InstrumentationMemberAccessor	InstrumentationMemberAccessor()	privateLookupIn	org.mockito.internal.util.reflection.InstrumentationMemberAccessor	SOURCE
org.mockito.internal.util.reflection.InstrumentationMemberAccessor	InstrumentationMemberAccessor()	class	java.lang.invoke.MethodHandles	SOURCE
org.mockito.internal.util.reflection.InstrumentationMemberAccessor	InstrumentationMemberAccessor()	class	java.lang.invoke.MethodHandles$Lookup	SOURCE
org.mockito.internal.util.reflection.InstrumentationMemberAccessor	InstrumentationMemberAccessor()	class	java.lang.Class	SOURCE
org.mockito.internal.util.reflection.InstrumentationMemberAccessor	InstrumentationMemberAccessor()	class	java.lang.invoke.MethodHandles$Lookup	SOURCE
org.mockito.internal.util.reflection.InstrumentationMemberAccessor	newInstance(java.lang.reflect.Constructor,java.lang.Object[])	getModule	org.mockito.internal.util.reflection.InstrumentationMemberAccessor	SOURCE
org.mockito.internal.util.reflection.InstrumentationMemberAccessor	newInstance(java.lang.reflect.Constructor,java.lang.Object[])	privateLookupIn	org.mockito.internal.util.reflection.InstrumentationMemberAccessor	SOURCE
org.mockito.internal.util.reflection.InstrumentationMemberAccessor	newInstance(java.lang.reflect.Constructor,java.lang.Object[])	DISPATCHER	org.mockito.internal.util.reflection.InstrumentationMemberAccessor	SOURCE
org.mockito.internal.util.reflection.InstrumentationMemberAccessor	invoke(java.lang.reflect.Method,java.lang.Object,java.lang.Object[])	getModule	org.mockito.internal.util.reflection.InstrumentationMemberAccessor	SOURCE
org.mockito.internal.util.reflection.InstrumentationMemberAccessor	invoke(java.lang.reflect.Method,java.lang.Object,java.lang.Object[])	privateLookupIn	org.mockito.internal.util.reflection.InstrumentationMemberAccessor	SOURCE
org.mockito.internal.util.reflection.InstrumentationMemberAccessor	invoke(java.lang.reflect.Method,java.lang.Object,java.lang.Object[])	DISPATCHER	org.mockito.internal.util.reflection.InstrumentationMemberAccessor	SOURCE
org.mockito.internal.util.reflection.InstrumentationMemberAccessor	get(java.lang.reflect.Field,java.lang.Object)	getModule	org.mockito.internal.util.reflection.InstrumentationMemberAccessor	SOURCE
org.mockito.internal.util.reflection.InstrumentationMemberAccessor	get(java.lang.reflect.Field,java.lang.Object)	privateLookupIn	org.mockito.internal.util.reflection.InstrumentationMemberAccessor	SOURCE
org.mockito.internal.util.reflection.InstrumentationMemberAccessor	get(java.lang.reflect.Field,java.lang.Object)	DISPATCHER	org.mockito.internal.util.reflection.InstrumentationMemberAccessor	SOURCE
org.mockito.internal.util.reflection.InstrumentationMemberAccessor	set(java.lang.reflect.Field,java.lang.Object,java.lang.Object)	getModule	org.mockito.internal.util.reflection.InstrumentationMemberAccessor	SOURCE
org.mockito.internal.util.reflection.InstrumentationMemberAccessor	set(java.lang.reflect.Field,java.lang.Object,java.lang.Object)	DISPATCHER	org.mockito.internal.util.reflection.InstrumentationMemberAccessor	SOURCE
org.mockito.internal.util.reflection.InstrumentationMemberAccessor	set(java.lang.reflect.Field,java.lang.Object,java.lang.Object)	privateLookupIn	org.mockito.internal.util.reflection.InstrumentationMemberAccessor	SOURCE
org.mockito.internal.util.reflection.InstrumentationMemberAccessor	set(java.lang.reflect.Field,java.lang.Object,java.lang.Object)	DISPATCHER	org.mockito.internal.util.reflection.InstrumentationMemberAccessor	SOURCE
org.mockito.internal.util.reflection.InstrumentationMemberAccessor	set(java.lang.reflect.Field,java.lang.Object,java.lang.Object)	DISPATCHER	org.mockito.internal.util.reflection.InstrumentationMemberAccessor	SOURCE
org.mockito.internal.util.reflection.InstrumentationMemberAccessor	assureOpen(java.lang.Object,java.lang.String)	isOpen	org.mockito.internal.util.reflection.InstrumentationMemberAccessor	SOURCE
org.mockito.internal.util.reflection.InstrumentationMemberAccessor	assureOpen(java.lang.Object,java.lang.String)	DISPATCHER	org.mockito.internal.util.reflection.InstrumentationMemberAccessor	SOURCE
org.mockito.internal.util.reflection.InstrumentationMemberAccessor	assureOpen(java.lang.Object,java.lang.String)	redefineModule	org.mockito.internal.util.reflection.InstrumentationMemberAccessor	SOURCE
org.mockito.internal.util.reflection.InstrumentationMemberAccessor	assureOpen(java.lang.Object,java.lang.String)	INSTRUMENTATION	org.mockito.internal.util.reflection.InstrumentationMemberAccessor	SOURCE
org.mockito.internal.util.reflection.InstrumentationMemberAccessor	assureOpen(java.lang.Object,java.lang.String)	DISPATCHER	org.mockito.internal.util.reflection.InstrumentationMemberAccessor	SOURCE
org.mockito.internal.util.reflection.InstrumentationMemberAccessor	assureArguments(java.lang.reflect.AccessibleObject,java.lang.Object,java.lang.Class,java.lang.Object[],java.lang.Class[])	length	Array	SOURCE
org.mockito.internal.util.reflection.InstrumentationMemberAccessor	assureArguments(java.lang.reflect.AccessibleObject,java.lang.Object,java.lang.Class,java.lang.Object[],java.lang.Class[])	length	Array	SOURCE
org.mockito.internal.util.reflection.InstrumentationMemberAccessor	assureArguments(java.lang.reflect.AccessibleObject,java.lang.Object,java.lang.Class,java.lang.Object[],java.lang.Class[])	length	Array	SOURCE
org.mockito.internal.util.reflection.InstrumentationMemberAccessor	assureArguments(java.lang.reflect.AccessibleObject,java.lang.Object,java.lang.Class,java.lang.Object[],java.lang.Class[])	length	Array	SOURCE
org.mockito.internal.util.reflection.InstrumentationMemberAccessor	assureArguments(java.lang.reflect.AccessibleObject,java.lang.Object,java.lang.Class,java.lang.Object[],java.lang.Class[])	length	Array	SOURCE
org.mockito.internal.util.reflection.InstrumentationMemberAccessor	assureArguments(java.lang.reflect.AccessibleObject,java.lang.Object,java.lang.Class,java.lang.Object[],java.lang.Class[])	WRAPPERS	org.mockito.internal.util.reflection.InstrumentationMemberAccessor	SOURCE
org.mockito.internal.util.reflection.GenericMaster	getGenericType(java.lang.reflect.Field)	class	java.lang.Object	SOURCE
org.mockito.internal.util.reflection.Fields	allDeclaredFieldsOf(java.lang.Object)	class	java.lang.Object	SOURCE
org.mockito.internal.util.reflection.Fields$InstanceFields	InstanceFields(java.lang.Object,java.util.List)	instance	org.mockito.internal.util.reflection.Fields$InstanceFields	SOURCE
org.mockito.internal.util.reflection.Fields$InstanceFields	InstanceFields(java.lang.Object,java.util.List)	this	org.mockito.internal.util.reflection.Fields$InstanceFields	SOURCE
org.mockito.internal.util.reflection.Fields$InstanceFields	InstanceFields(java.lang.Object,java.util.List)	instanceFields	org.mockito.internal.util.reflection.Fields$InstanceFields	SOURCE
org.mockito.internal.util.reflection.Fields$InstanceFields	InstanceFields(java.lang.Object,java.util.List)	this	org.mockito.internal.util.reflection.Fields$InstanceFields	SOURCE
org.mockito.internal.util.reflection.Fields$InstanceFields	filter(org.mockito.internal.util.collections.ListUtil.Filter)	instance	org.mockito.internal.util.reflection.Fields$InstanceFields	SOURCE
org.mockito.internal.util.reflection.Fields$InstanceFields	filter(org.mockito.internal.util.collections.ListUtil.Filter)	instanceFields	org.mockito.internal.util.reflection.Fields$InstanceFields	SOURCE
org.mockito.internal.util.reflection.Fields$InstanceFields	instanceFields()	instanceFields	org.mockito.internal.util.reflection.Fields$InstanceFields	SOURCE
org.mockito.internal.util.reflection.Fields$InstanceFields	assignedValues()	instanceFields	org.mockito.internal.util.reflection.Fields$InstanceFields	SOURCE
org.mockito.internal.util.reflection.Fields$InstanceFields	assignedValues()	instanceFields	org.mockito.internal.util.reflection.Fields$InstanceFields	SOURCE
org.mockito.internal.util.reflection.Fields$InstanceFields	names()	instanceFields	org.mockito.internal.util.reflection.Fields$InstanceFields	SOURCE
org.mockito.internal.util.reflection.Fields$InstanceFields	names()	instanceFields	org.mockito.internal.util.reflection.Fields$InstanceFields	SOURCE
org.mockito.internal.util.reflection.BeanPropertySetter	BeanPropertySetter(java.lang.Object,java.lang.reflect.Field,boolean)	field	org.mockito.internal.util.reflection.BeanPropertySetter	SOURCE
org.mockito.internal.util.reflection.BeanPropertySetter	BeanPropertySetter(java.lang.Object,java.lang.reflect.Field,boolean)	this	org.mockito.internal.util.reflection.BeanPropertySetter	SOURCE
org.mockito.internal.util.reflection.BeanPropertySetter	BeanPropertySetter(java.lang.Object,java.lang.reflect.Field,boolean)	target	org.mockito.internal.util.reflection.BeanPropertySetter	SOURCE
org.mockito.internal.util.reflection.BeanPropertySetter	BeanPropertySetter(java.lang.Object,java.lang.reflect.Field,boolean)	this	org.mockito.internal.util.reflection.BeanPropertySetter	SOURCE
org.mockito.internal.util.reflection.BeanPropertySetter	BeanPropertySetter(java.lang.Object,java.lang.reflect.Field,boolean)	reportNoSetterFound	org.mockito.internal.util.reflection.BeanPropertySetter	SOURCE
org.mockito.internal.util.reflection.BeanPropertySetter	BeanPropertySetter(java.lang.Object,java.lang.reflect.Field,boolean)	this	org.mockito.internal.util.reflection.BeanPropertySetter	SOURCE
org.mockito.internal.util.reflection.BeanPropertySetter	set(java.lang.Object)	target	org.mockito.internal.util.reflection.BeanPropertySetter	SOURCE
org.mockito.internal.util.reflection.BeanPropertySetter	set(java.lang.Object)	field	org.mockito.internal.util.reflection.BeanPropertySetter	SOURCE
org.mockito.internal.util.reflection.BeanPropertySetter	set(java.lang.Object)	field	org.mockito.internal.util.reflection.BeanPropertySetter	SOURCE
org.mockito.internal.util.reflection.BeanPropertySetter	set(java.lang.Object)	target	org.mockito.internal.util.reflection.BeanPropertySetter	SOURCE
org.mockito.internal.util.reflection.BeanPropertySetter	set(java.lang.Object)	target	org.mockito.internal.util.reflection.BeanPropertySetter	SOURCE
org.mockito.internal.util.reflection.BeanPropertySetter	set(java.lang.Object)	field	org.mockito.internal.util.reflection.BeanPropertySetter	SOURCE
org.mockito.internal.util.reflection.BeanPropertySetter	set(java.lang.Object)	target	org.mockito.internal.util.reflection.BeanPropertySetter	SOURCE
org.mockito.internal.util.reflection.BeanPropertySetter	setterName(java.lang.String)	SET_PREFIX	org.mockito.internal.util.reflection.BeanPropertySetter	SOURCE
org.mockito.internal.util.reflection.BeanPropertySetter	setterName(java.lang.String)	ENGLISH	java.util.Locale	SOURCE
org.mockito.internal.util.reflection.BeanPropertySetter	reportNoSetterFound()	reportNoSetterFound	org.mockito.internal.util.reflection.BeanPropertySetter	SOURCE
org.mockito.internal.util.reflection.BeanPropertySetter	reportNoSetterFound()	target	org.mockito.internal.util.reflection.BeanPropertySetter	SOURCE
org.mockito.internal.util.reflection.BeanPropertySetter	reportNoSetterFound()	field	org.mockito.internal.util.reflection.BeanPropertySetter	SOURCE
org.mockito.internal.util.Platform	isAndroid()	US	java.util.Locale	SOURCE
org.mockito.internal.util.Platform	describe()	JAVA_VERSION	org.mockito.internal.util.Platform	SOURCE
org.mockito.internal.util.Platform	describe()	JVM_VENDOR	org.mockito.internal.util.Platform	SOURCE
org.mockito.internal.util.Platform	describe()	JVM_VENDOR_VERSION	org.mockito.internal.util.Platform	SOURCE
org.mockito.internal.util.Platform	describe()	JVM_NAME	org.mockito.internal.util.Platform	SOURCE
org.mockito.internal.util.Platform	describe()	JVM_VERSION	org.mockito.internal.util.Platform	SOURCE
org.mockito.internal.util.Platform	describe()	JVM_INFO	org.mockito.internal.util.Platform	SOURCE
org.mockito.internal.util.Platform	describe()	OS_NAME	org.mockito.internal.util.Platform	SOURCE
org.mockito.internal.util.Platform	describe()	OS_VERSION	org.mockito.internal.util.Platform	SOURCE
org.mockito.internal.util.Platform	isJava8BelowUpdate45()	JVM_VERSION	org.mockito.internal.util.Platform	SOURCE
org.mockito.internal.util.Platform	isJava8BelowUpdate45(java.lang.String)	JAVA_8_RELEASE_VERSION_SCHEME	org.mockito.internal.util.Platform	SOURCE
org.mockito.internal.util.Platform	isJava8BelowUpdate45(java.lang.String)	JAVA_8_DEV_VERSION_SCHEME	org.mockito.internal.util.Platform	SOURCE
org.mockito.internal.util.Platform	warnForVM(java.lang.String,java.lang.String,java.lang.String,java.lang.String)	JVM_NAME	org.mockito.internal.util.Platform	SOURCE
org.mockito.internal.debugging.Localized	Localized(T)	object	org.mockito.internal.debugging.Localized	SOURCE
org.mockito.internal.debugging.Localized	Localized(T)	this	org.mockito.internal.debugging.Localized	SOURCE
org.mockito.internal.debugging.Localized	Localized(T)	location	org.mockito.internal.debugging.Localized	SOURCE
org.mockito.internal.debugging.Localized	getObject()	object	org.mockito.internal.debugging.Localized	SOURCE
org.mockito.internal.debugging.Localized	getLocation()	location	org.mockito.internal.debugging.Localized	SOURCE
org.mockito.internal.debugging.WarningsPrinterImpl	WarningsPrinterImpl(boolean,org.mockito.internal.debugging.WarningsFinder)	warnAboutUnstubbed	org.mockito.internal.debugging.WarningsPrinterImpl	SOURCE
org.mockito.internal.debugging.WarningsPrinterImpl	WarningsPrinterImpl(boolean,org.mockito.internal.debugging.WarningsFinder)	this	org.mockito.internal.debugging.WarningsPrinterImpl	SOURCE
org.mockito.internal.debugging.WarningsPrinterImpl	WarningsPrinterImpl(boolean,org.mockito.internal.debugging.WarningsFinder)	finder	org.mockito.internal.debugging.WarningsPrinterImpl	SOURCE
org.mockito.internal.debugging.WarningsPrinterImpl	WarningsPrinterImpl(boolean,org.mockito.internal.debugging.WarningsFinder)	this	org.mockito.internal.debugging.WarningsPrinterImpl	SOURCE
org.mockito.internal.debugging.WarningsPrinterImpl	print()	warnAboutUnstubbed	org.mockito.internal.debugging.WarningsPrinterImpl	SOURCE
org.mockito.internal.debugging.WarningsPrinterImpl	print()	finder	org.mockito.internal.debugging.WarningsPrinterImpl	SOURCE
org.mockito.internal.debugging.WarningsFinder	WarningsFinder(java.util.List,java.util.List)	baseUnusedStubs	org.mockito.internal.debugging.WarningsFinder	SOURCE
org.mockito.internal.debugging.WarningsFinder	WarningsFinder(java.util.List,java.util.List)	this	org.mockito.internal.debugging.WarningsFinder	SOURCE
org.mockito.internal.debugging.WarningsFinder	WarningsFinder(java.util.List,java.util.List)	baseAllInvocations	org.mockito.internal.debugging.WarningsFinder	SOURCE
org.mockito.internal.debugging.WarningsFinder	WarningsFinder(java.util.List,java.util.List)	this	org.mockito.internal.debugging.WarningsFinder	SOURCE
org.mockito.internal.debugging.WarningsFinder	find(org.mockito.internal.debugging.FindingsListener)	baseUnusedStubs	org.mockito.internal.debugging.WarningsFinder	SOURCE
org.mockito.internal.debugging.WarningsFinder	find(org.mockito.internal.debugging.FindingsListener)	this	org.mockito.internal.debugging.WarningsFinder	SOURCE
org.mockito.internal.debugging.WarningsFinder	find(org.mockito.internal.debugging.FindingsListener)	baseAllInvocations	org.mockito.internal.debugging.WarningsFinder	SOURCE
org.mockito.internal.debugging.WarningsFinder	find(org.mockito.internal.debugging.FindingsListener)	this	org.mockito.internal.debugging.WarningsFinder	SOURCE
org.mockito.internal.debugging.WarningsCollector	WarningsCollector()	createdMocks	org.mockito.internal.debugging.WarningsCollector	SOURCE
org.mockito.internal.debugging.WarningsCollector	getWarnings()	createdMocks	org.mockito.internal.debugging.WarningsCollector	SOURCE
org.mockito.internal.debugging.WarningsCollector	getWarnings()	createdMocks	org.mockito.internal.debugging.WarningsCollector	SOURCE
org.mockito.internal.debugging.VerboseMockInvocationLogger	VerboseMockInvocationLogger()	out	java.lang.System	SOURCE
org.mockito.internal.debugging.VerboseMockInvocationLogger	VerboseMockInvocationLogger(java.io.PrintStream)	printStream	org.mockito.internal.debugging.VerboseMockInvocationLogger	SOURCE
org.mockito.internal.debugging.VerboseMockInvocationLogger	VerboseMockInvocationLogger(java.io.PrintStream)	this	org.mockito.internal.debugging.VerboseMockInvocationLogger	SOURCE
org.mockito.internal.debugging.VerboseMockInvocationLogger	printHeader()	mockInvocationsCounter	org.mockito.internal.debugging.VerboseMockInvocationLogger	SOURCE
org.mockito.internal.debugging.VerboseMockInvocationLogger	printHeader()	printStream	org.mockito.internal.debugging.VerboseMockInvocationLogger	SOURCE
org.mockito.internal.debugging.VerboseMockInvocationLogger	printHeader()	mockInvocationsCounter	org.mockito.internal.debugging.VerboseMockInvocationLogger	SOURCE
org.mockito.internal.debugging.VerboseMockInvocationLogger	printInvocation(org.mockito.invocation.DescribedInvocation)	printStream	org.mockito.internal.debugging.VerboseMockInvocationLogger	SOURCE
org.mockito.internal.debugging.VerboseMockInvocationLogger	printFooter()	printStream	org.mockito.internal.debugging.VerboseMockInvocationLogger	SOURCE
org.mockito.internal.debugging.VerboseMockInvocationLogger	printlnIndented(java.lang.String)	printStream	org.mockito.internal.debugging.VerboseMockInvocationLogger	SOURCE
org.mockito.internal.debugging.LoggingListener	LoggingListener(boolean)	warnAboutUnstubbed	org.mockito.internal.debugging.LoggingListener	SOURCE
org.mockito.internal.debugging.LoggingListener	LoggingListener(boolean)	this	org.mockito.internal.debugging.LoggingListener	SOURCE
org.mockito.internal.debugging.LoggingListener	foundStubCalledWithDifferentArgs(org.mockito.invocation.Invocation,org.mockito.internal.invocation.InvocationMatcher)	argMismatchStubs	org.mockito.internal.debugging.LoggingListener	SOURCE
org.mockito.internal.debugging.LoggingListener	foundStubCalledWithDifferentArgs(org.mockito.invocation.Invocation,org.mockito.internal.invocation.InvocationMatcher)	argMismatchStubs	org.mockito.internal.debugging.LoggingListener	SOURCE
org.mockito.internal.debugging.LoggingListener	foundStubCalledWithDifferentArgs(org.mockito.invocation.Invocation,org.mockito.internal.invocation.InvocationMatcher)	argMismatchStubs	org.mockito.internal.debugging.LoggingListener	SOURCE
org.mockito.internal.debugging.LoggingListener	foundUnusedStub(org.mockito.invocation.Invocation)	unusedStubs	org.mockito.internal.debugging.LoggingListener	SOURCE
org.mockito.internal.debugging.LoggingListener	foundUnusedStub(org.mockito.invocation.Invocation)	unusedStubs	org.mockito.internal.debugging.LoggingListener	SOURCE
org.mockito.internal.debugging.LoggingListener	foundUnstubbed(org.mockito.internal.invocation.InvocationMatcher)	warnAboutUnstubbed	org.mockito.internal.debugging.LoggingListener	SOURCE
org.mockito.internal.debugging.LoggingListener	foundUnstubbed(org.mockito.internal.invocation.InvocationMatcher)	unstubbedCalls	org.mockito.internal.debugging.LoggingListener	SOURCE
org.mockito.internal.debugging.LoggingListener	foundUnstubbed(org.mockito.internal.invocation.InvocationMatcher)	unstubbedCalls	org.mockito.internal.debugging.LoggingListener	SOURCE
org.mockito.internal.debugging.LoggingListener	getStubbingInfo()	argMismatchStubs	org.mockito.internal.debugging.LoggingListener	SOURCE
org.mockito.internal.debugging.LoggingListener	getStubbingInfo()	unusedStubs	org.mockito.internal.debugging.LoggingListener	SOURCE
org.mockito.internal.debugging.LoggingListener	getStubbingInfo()	unstubbedCalls	org.mockito.internal.debugging.LoggingListener	SOURCE
org.mockito.internal.debugging.LoggingListener	getStubbingInfo()	argMismatchStubs	org.mockito.internal.debugging.LoggingListener	SOURCE
org.mockito.internal.debugging.LoggingListener	getStubbingInfo()	argMismatchStubs	org.mockito.internal.debugging.LoggingListener	SOURCE
org.mockito.internal.debugging.LoggingListener	getStubbingInfo()	unusedStubs	org.mockito.internal.debugging.LoggingListener	SOURCE
org.mockito.internal.debugging.LoggingListener	getStubbingInfo()	unusedStubs	org.mockito.internal.debugging.LoggingListener	SOURCE
org.mockito.internal.debugging.LoggingListener	getStubbingInfo()	unstubbedCalls	org.mockito.internal.debugging.LoggingListener	SOURCE
org.mockito.internal.debugging.LoggingListener	getStubbingInfo()	unstubbedCalls	org.mockito.internal.debugging.LoggingListener	SOURCE
org.mockito.internal.debugging.MockitoDebuggerImpl	printInvocations(java.lang.Object[])	unusedStubsFinder	org.mockito.internal.debugging.MockitoDebuggerImpl	SOURCE
org.mockito.internal.debugging.MockitoDebuggerImpl	print(java.lang.String)	out	java.lang.System	SOURCE
org.mockito.internal.debugging.LocationImpl	LocationImpl(java.lang.Throwable,boolean)	stackTraceFilter	org.mockito.internal.debugging.LocationImpl	SOURCE
org.mockito.internal.debugging.LocationImpl	toString()	stackTraceLine	org.mockito.internal.debugging.LocationImpl	SOURCE
org.mockito.internal.debugging.LocationImpl	computeStackTraceInformation(org.mockito.internal.exceptions.stacktrace.StackTraceFilter,java.lang.Throwable,boolean)	stackTraceLine	org.mockito.internal.debugging.LocationImpl	SOURCE
org.mockito.internal.debugging.LocationImpl	computeStackTraceInformation(org.mockito.internal.exceptions.stacktrace.StackTraceFilter,java.lang.Throwable,boolean)	this	org.mockito.internal.debugging.LocationImpl	SOURCE
org.mockito.internal.debugging.LocationImpl	computeStackTraceInformation(org.mockito.internal.exceptions.stacktrace.StackTraceFilter,java.lang.Throwable,boolean)	sourceFile	org.mockito.internal.debugging.LocationImpl	SOURCE
org.mockito.internal.debugging.LocationImpl	computeStackTraceInformation(org.mockito.internal.exceptions.stacktrace.StackTraceFilter,java.lang.Throwable,boolean)	this	org.mockito.internal.debugging.LocationImpl	SOURCE
org.mockito.internal.debugging.LocationImpl	computeStackTraceInformation(org.mockito.internal.exceptions.stacktrace.StackTraceFilter,java.lang.Throwable,boolean)	stackTraceLine	org.mockito.internal.debugging.LocationImpl	SOURCE
org.mockito.internal.debugging.LocationImpl	computeStackTraceInformation(org.mockito.internal.exceptions.stacktrace.StackTraceFilter,java.lang.Throwable,boolean)	this	org.mockito.internal.debugging.LocationImpl	SOURCE
org.mockito.internal.debugging.LocationImpl	computeStackTraceInformation(org.mockito.internal.exceptions.stacktrace.StackTraceFilter,java.lang.Throwable,boolean)	sourceFile	org.mockito.internal.debugging.LocationImpl	SOURCE
org.mockito.internal.debugging.LocationImpl	computeStackTraceInformation(org.mockito.internal.exceptions.stacktrace.StackTraceFilter,java.lang.Throwable,boolean)	this	org.mockito.internal.debugging.LocationImpl	SOURCE
org.mockito.internal.debugging.LocationImpl	getSourceFile()	sourceFile	org.mockito.internal.debugging.LocationImpl	SOURCE
org.mockito.internal.MockedConstructionImpl	MockedConstructionImpl(org.mockito.plugins.MockMaker.ConstructionMockControl)	control	org.mockito.internal.MockedConstructionImpl	SOURCE
org.mockito.internal.MockedConstructionImpl	MockedConstructionImpl(org.mockito.plugins.MockMaker.ConstructionMockControl)	this	org.mockito.internal.MockedConstructionImpl	SOURCE
org.mockito.internal.MockedConstructionImpl	constructed()	control	org.mockito.internal.MockedConstructionImpl	SOURCE
org.mockito.internal.MockedConstructionImpl	isClosed()	closed	org.mockito.internal.MockedConstructionImpl	SOURCE
org.mockito.internal.MockedConstructionImpl	close()	closed	org.mockito.internal.MockedConstructionImpl	SOURCE
org.mockito.internal.MockedConstructionImpl	close()	control	org.mockito.internal.MockedConstructionImpl	SOURCE
org.mockito.internal.MockedConstructionImpl	closeOnDemand()	closed	org.mockito.internal.MockedConstructionImpl	SOURCE
org.mockito.internal.MockedConstructionImpl	assertNotClosed()	closed	org.mockito.internal.MockedConstructionImpl	SOURCE
org.mockito.internal.MockedConstructionImpl	assertNotClosed()	location	org.mockito.internal.MockedConstructionImpl	SOURCE
org.mockito.internal.runners.DefaultInternalRunner	DefaultInternalRunner(java.lang.Class,org.mockito.internal.util.Supplier)	runner	org.mockito.internal.runners.DefaultInternalRunner	SOURCE
org.mockito.internal.runners.DefaultInternalRunner$1	withBefores(org.junit.runners.model.FrameworkMethod,java.lang.Object,org.junit.runners.model.Statement)	target	org.mockito.internal.runners.DefaultInternalRunner$1	SOURCE
org.mockito.internal.runners.DefaultInternalRunner$1	withBefores(org.junit.runners.model.FrameworkMethod,java.lang.Object,org.junit.runners.model.Statement)	this	org.mockito.internal.runners.DefaultInternalRunner$1	SOURCE
org.mockito.internal.runners.DefaultInternalRunner$1	withBefores(org.junit.runners.model.FrameworkMethod,java.lang.Object,org.junit.runners.model.Statement)	super	org.mockito.internal.runners.DefaultInternalRunner$1	SOURCE
org.mockito.internal.runners.DefaultInternalRunner$1$1	evaluate()	mockitoTestListener	org.mockito.internal.runners.DefaultInternalRunner$1	SOURCE
org.mockito.internal.runners.DefaultInternalRunner$1$1	evaluate()	mockitoTestListener	org.mockito.internal.runners.DefaultInternalRunner$1	SOURCE
org.mockito.internal.runners.DefaultInternalRunner$1$1	evaluate()	mockitoTestListener	org.mockito.internal.runners.DefaultInternalRunner$1	SOURCE
org.mockito.internal.runners.DefaultInternalRunner$1$2	testFailure(org.junit.runner.notification.Failure)	failure	org.mockito.internal.runners.DefaultInternalRunner$1$2	SOURCE
org.mockito.internal.runners.DefaultInternalRunner$1$2	testFailure(org.junit.runner.notification.Failure)	this	org.mockito.internal.runners.DefaultInternalRunner$1$2	SOURCE
org.mockito.internal.runners.DefaultInternalRunner$1$2	testFinished(org.junit.runner.Description)	mockitoTestListener	org.mockito.internal.runners.DefaultInternalRunner$1	SOURCE
org.mockito.internal.runners.DefaultInternalRunner$1$2	testFinished(org.junit.runner.Description)	mockitoTestListener	org.mockito.internal.runners.DefaultInternalRunner$1	SOURCE
org.mockito.internal.runners.DefaultInternalRunner$1$2	testFinished(org.junit.runner.Description)	mockitoTestListener	org.mockito.internal.runners.DefaultInternalRunner$1	SOURCE
org.mockito.internal.runners.DefaultInternalRunner$1$2	testFinished(org.junit.runner.Description)	target	org.mockito.internal.runners.DefaultInternalRunner$1	SOURCE
org.mockito.internal.runners.DefaultInternalRunner$1$2	testFinished(org.junit.runner.Description)	failure	org.mockito.internal.runners.DefaultInternalRunner$1$2	SOURCE
org.mockito.internal.runners.DefaultInternalRunner$1$2	testFinished(org.junit.runner.Description)	mockitoTestListener	org.mockito.internal.runners.DefaultInternalRunner$1	SOURCE
org.mockito.internal.runners.DefaultInternalRunner$1	run(org.junit.runner.notification.RunNotifier)	super	org.mockito.internal.runners.DefaultInternalRunner$1	SOURCE
org.mockito.internal.runners.DefaultInternalRunner	run(org.junit.runner.notification.RunNotifier)	runner	org.mockito.internal.runners.DefaultInternalRunner	SOURCE
org.mockito.internal.runners.DefaultInternalRunner	getDescription()	runner	org.mockito.internal.runners.DefaultInternalRunner	SOURCE
org.mockito.internal.runners.DefaultInternalRunner	filter(org.junit.runner.manipulation.Filter)	runner	org.mockito.internal.runners.DefaultInternalRunner	SOURCE
org.mockito.internal.runners.StrictRunner	StrictRunner(org.mockito.internal.runners.InternalRunner,java.lang.Class)	runner	org.mockito.internal.runners.StrictRunner	SOURCE
org.mockito.internal.runners.StrictRunner	StrictRunner(org.mockito.internal.runners.InternalRunner,java.lang.Class)	this	org.mockito.internal.runners.StrictRunner	SOURCE
org.mockito.internal.runners.StrictRunner	StrictRunner(org.mockito.internal.runners.InternalRunner,java.lang.Class)	testClass	org.mockito.internal.runners.StrictRunner	SOURCE
org.mockito.internal.runners.StrictRunner	StrictRunner(org.mockito.internal.runners.InternalRunner,java.lang.Class)	this	org.mockito.internal.runners.StrictRunner	SOURCE
org.mockito.internal.runners.StrictRunner	run(org.junit.runner.notification.RunNotifier)	runner	org.mockito.internal.runners.StrictRunner	SOURCE
org.mockito.internal.runners.StrictRunner	run(org.junit.runner.notification.RunNotifier)	filterRequested	org.mockito.internal.runners.StrictRunner	SOURCE
org.mockito.internal.runners.StrictRunner	run(org.junit.runner.notification.RunNotifier)	testClass	org.mockito.internal.runners.StrictRunner	SOURCE
org.mockito.internal.runners.StrictRunner	getDescription()	runner	org.mockito.internal.runners.StrictRunner	SOURCE
org.mockito.internal.runners.StrictRunner	filter(org.junit.runner.manipulation.Filter)	filterRequested	org.mockito.internal.runners.StrictRunner	SOURCE
org.mockito.internal.runners.StrictRunner	filter(org.junit.runner.manipulation.Filter)	runner	org.mockito.internal.runners.StrictRunner	SOURCE
org.mockito.internal.runners.util.TestMethodsFinder	hasTestMethods(java.lang.Class)	class	org.junit.Test	SOURCE
org.mockito.internal.runners.util.RunnerProvider	newInstance(java.lang.String,java.lang.Object[])	length	Array	SOURCE
org.mockito.internal.runners.util.FailureDetector	testFailure(org.junit.runner.notification.Failure)	super	org.mockito.internal.runners.util.FailureDetector	SOURCE
org.mockito.internal.runners.util.FailureDetector	testFailure(org.junit.runner.notification.Failure)	failed	org.mockito.internal.runners.util.FailureDetector	SOURCE
org.mockito.internal.runners.util.FailureDetector	isSuccessful()	failed	org.mockito.internal.runners.util.FailureDetector	SOURCE
org.mockito.internal.progress.ArgumentMatcherStorageImpl	reportMatcher(org.mockito.ArgumentMatcher)	matcherStack	org.mockito.internal.progress.ArgumentMatcherStorageImpl	SOURCE
org.mockito.internal.progress.ArgumentMatcherStorageImpl	pullLocalizedMatchers()	matcherStack	org.mockito.internal.progress.ArgumentMatcherStorageImpl	SOURCE
org.mockito.internal.progress.ArgumentMatcherStorageImpl	reportAnd()	TWO_SUB_MATCHERS	org.mockito.internal.progress.ArgumentMatcherStorageImpl	SOURCE
org.mockito.internal.progress.ArgumentMatcherStorageImpl	reportOr()	TWO_SUB_MATCHERS	org.mockito.internal.progress.ArgumentMatcherStorageImpl	SOURCE
org.mockito.internal.progress.ArgumentMatcherStorageImpl	reportNot()	ONE_SUB_MATCHER	org.mockito.internal.progress.ArgumentMatcherStorageImpl	SOURCE
org.mockito.internal.progress.ArgumentMatcherStorageImpl	validateState()	matcherStack	org.mockito.internal.progress.ArgumentMatcherStorageImpl	SOURCE
org.mockito.internal.progress.ArgumentMatcherStorageImpl	reset()	matcherStack	org.mockito.internal.progress.ArgumentMatcherStorageImpl	SOURCE
org.mockito.internal.progress.ArgumentMatcherStorageImpl	assertStateFor(java.lang.String,int)	matcherStack	org.mockito.internal.progress.ArgumentMatcherStorageImpl	SOURCE
org.mockito.internal.progress.ArgumentMatcherStorageImpl	assertStateFor(java.lang.String,int)	matcherStack	org.mockito.internal.progress.ArgumentMatcherStorageImpl	SOURCE
org.mockito.internal.progress.ArgumentMatcherStorageImpl	popMatcher()	matcherStack	org.mockito.internal.progress.ArgumentMatcherStorageImpl	SOURCE
org.mockito.internal.progress.ArgumentMatcherStorageImpl	resetStack()	matcherStack	org.mockito.internal.progress.ArgumentMatcherStorageImpl	SOURCE
org.mockito.internal.progress.SequenceNumber	next()	sequenceNumber	org.mockito.internal.progress.SequenceNumber	SOURCE
org.mockito.internal.progress.MockingProgressImpl	MockingProgressImpl()	verificationStrategy	org.mockito.internal.progress.MockingProgressImpl	SOURCE
org.mockito.internal.progress.MockingProgressImpl	MockingProgressImpl()	this	org.mockito.internal.progress.MockingProgressImpl	SOURCE
org.mockito.internal.progress.MockingProgressImpl	reportOngoingStubbing(org.mockito.stubbing.OngoingStubbing)	ongoingStubbing	org.mockito.internal.progress.MockingProgressImpl	SOURCE
org.mockito.internal.progress.MockingProgressImpl	reportOngoingStubbing(org.mockito.stubbing.OngoingStubbing)	this	org.mockito.internal.progress.MockingProgressImpl	SOURCE
org.mockito.internal.progress.MockingProgressImpl	pullOngoingStubbing()	ongoingStubbing	org.mockito.internal.progress.MockingProgressImpl	SOURCE
org.mockito.internal.progress.MockingProgressImpl	pullOngoingStubbing()	ongoingStubbing	org.mockito.internal.progress.MockingProgressImpl	SOURCE
org.mockito.internal.progress.MockingProgressImpl	pullOngoingStubbing()	ongoingStubbing	org.mockito.internal.progress.MockingProgressImpl	SOURCE
org.mockito.internal.progress.MockingProgressImpl	verificationListeners()	listeners	org.mockito.internal.progress.MockingProgressImpl	SOURCE
org.mockito.internal.progress.MockingProgressImpl	verificationStarted(org.mockito.verification.VerificationMode)	verificationMode	org.mockito.internal.progress.MockingProgressImpl	SOURCE
org.mockito.internal.progress.MockingProgressImpl	resetOngoingStubbing()	ongoingStubbing	org.mockito.internal.progress.MockingProgressImpl	SOURCE
org.mockito.internal.progress.MockingProgressImpl	pullVerificationMode()	verificationMode	org.mockito.internal.progress.MockingProgressImpl	SOURCE
org.mockito.internal.progress.MockingProgressImpl	pullVerificationMode()	verificationMode	org.mockito.internal.progress.MockingProgressImpl	SOURCE
org.mockito.internal.progress.MockingProgressImpl	pullVerificationMode()	verificationMode	org.mockito.internal.progress.MockingProgressImpl	SOURCE
org.mockito.internal.progress.MockingProgressImpl	stubbingStarted()	stubbingInProgress	org.mockito.internal.progress.MockingProgressImpl	SOURCE
org.mockito.internal.progress.MockingProgressImpl	validateState()	stubbingInProgress	org.mockito.internal.progress.MockingProgressImpl	SOURCE
org.mockito.internal.progress.MockingProgressImpl	validateState()	stubbingInProgress	org.mockito.internal.progress.MockingProgressImpl	SOURCE
org.mockito.internal.progress.MockingProgressImpl	validateState()	stubbingInProgress	org.mockito.internal.progress.MockingProgressImpl	SOURCE
org.mockito.internal.progress.MockingProgressImpl	validateState()	stubbingInProgress	org.mockito.internal.progress.MockingProgressImpl	SOURCE
org.mockito.internal.progress.MockingProgressImpl	validateMostStuff()	verificationMode	org.mockito.internal.progress.MockingProgressImpl	SOURCE
org.mockito.internal.progress.MockingProgressImpl	validateMostStuff()	verificationMode	org.mockito.internal.progress.MockingProgressImpl	SOURCE
org.mockito.internal.progress.MockingProgressImpl	validateMostStuff()	verificationMode	org.mockito.internal.progress.MockingProgressImpl	SOURCE
org.mockito.internal.progress.MockingProgressImpl	stubbingCompleted()	stubbingInProgress	org.mockito.internal.progress.MockingProgressImpl	SOURCE
org.mockito.internal.progress.MockingProgressImpl	toString()	ongoingStubbing	org.mockito.internal.progress.MockingProgressImpl	SOURCE
org.mockito.internal.progress.MockingProgressImpl	toString()	verificationMode	org.mockito.internal.progress.MockingProgressImpl	SOURCE
org.mockito.internal.progress.MockingProgressImpl	toString()	stubbingInProgress	org.mockito.internal.progress.MockingProgressImpl	SOURCE
org.mockito.internal.progress.MockingProgressImpl	reset()	stubbingInProgress	org.mockito.internal.progress.MockingProgressImpl	SOURCE
org.mockito.internal.progress.MockingProgressImpl	reset()	verificationMode	org.mockito.internal.progress.MockingProgressImpl	SOURCE
org.mockito.internal.progress.MockingProgressImpl	getArgumentMatcherStorage()	argumentMatcherStorage	org.mockito.internal.progress.MockingProgressImpl	SOURCE
org.mockito.internal.progress.MockingProgressImpl	mockingStarted(java.lang.Object,org.mockito.mock.MockCreationSettings)	listeners	org.mockito.internal.progress.MockingProgressImpl	SOURCE
org.mockito.internal.progress.MockingProgressImpl	mockingStarted(java.lang.Class,org.mockito.mock.MockCreationSettings)	listeners	org.mockito.internal.progress.MockingProgressImpl	SOURCE
org.mockito.internal.progress.MockingProgressImpl	addListener(org.mockito.listeners.MockitoListener)	listeners	org.mockito.internal.progress.MockingProgressImpl	SOURCE
org.mockito.internal.progress.MockingProgressImpl	removeListener(org.mockito.listeners.MockitoListener)	listeners	org.mockito.internal.progress.MockingProgressImpl	SOURCE
org.mockito.internal.progress.MockingProgressImpl	removeListener(org.mockito.listeners.MockitoListener)	this	org.mockito.internal.progress.MockingProgressImpl	SOURCE
org.mockito.internal.progress.MockingProgressImpl	setVerificationStrategy(org.mockito.verification.VerificationStrategy)	verificationStrategy	org.mockito.internal.progress.MockingProgressImpl	SOURCE
org.mockito.internal.progress.MockingProgressImpl	setVerificationStrategy(org.mockito.verification.VerificationStrategy)	this	org.mockito.internal.progress.MockingProgressImpl	SOURCE
org.mockito.internal.progress.MockingProgressImpl	maybeVerifyLazily(org.mockito.verification.VerificationMode)	verificationStrategy	org.mockito.internal.progress.MockingProgressImpl	SOURCE
org.mockito.internal.progress.MockingProgressImpl	maybeVerifyLazily(org.mockito.verification.VerificationMode)	this	org.mockito.internal.progress.MockingProgressImpl	SOURCE
org.mockito.internal.progress.MockingProgressImpl	clearListeners()	listeners	org.mockito.internal.progress.MockingProgressImpl	SOURCE
org.mockito.internal.MockedStaticImpl	MockedStaticImpl(org.mockito.plugins.MockMaker.StaticMockControl)	control	org.mockito.internal.MockedStaticImpl	SOURCE
org.mockito.internal.MockedStaticImpl	MockedStaticImpl(org.mockito.plugins.MockMaker.StaticMockControl)	this	org.mockito.internal.MockedStaticImpl	SOURCE
org.mockito.internal.MockedStaticImpl	verify(org.mockito.verification.VerificationMode,org.mockito.MockedStatic.Verification)	control	org.mockito.internal.MockedStaticImpl	SOURCE
org.mockito.internal.MockedStaticImpl	verify(org.mockito.verification.VerificationMode,org.mockito.MockedStatic.Verification)	control	org.mockito.internal.MockedStaticImpl	SOURCE
org.mockito.internal.MockedStaticImpl	verify(org.mockito.verification.VerificationMode,org.mockito.MockedStatic.Verification)	control	org.mockito.internal.MockedStaticImpl	SOURCE
org.mockito.internal.MockedStaticImpl	verify(org.mockito.verification.VerificationMode,org.mockito.MockedStatic.Verification)	control	org.mockito.internal.MockedStaticImpl	SOURCE
org.mockito.internal.MockedStaticImpl	verify(org.mockito.verification.VerificationMode,org.mockito.MockedStatic.Verification)	control	org.mockito.internal.MockedStaticImpl	SOURCE
org.mockito.internal.MockedStaticImpl	reset()	control	org.mockito.internal.MockedStaticImpl	SOURCE
org.mockito.internal.MockedStaticImpl	clearInvocations()	control	org.mockito.internal.MockedStaticImpl	SOURCE
org.mockito.internal.MockedStaticImpl	verifyNoMoreInteractions()	control	org.mockito.internal.MockedStaticImpl	SOURCE
org.mockito.internal.MockedStaticImpl	verifyNoInteractions()	control	org.mockito.internal.MockedStaticImpl	SOURCE
org.mockito.internal.MockedStaticImpl	isClosed()	closed	org.mockito.internal.MockedStaticImpl	SOURCE
org.mockito.internal.MockedStaticImpl	close()	closed	org.mockito.internal.MockedStaticImpl	SOURCE
org.mockito.internal.MockedStaticImpl	close()	control	org.mockito.internal.MockedStaticImpl	SOURCE
org.mockito.internal.MockedStaticImpl	closeOnDemand()	closed	org.mockito.internal.MockedStaticImpl	SOURCE
org.mockito.internal.MockedStaticImpl	assertNotClosed()	closed	org.mockito.internal.MockedStaticImpl	SOURCE
org.mockito.internal.MockedStaticImpl	assertNotClosed()	location	org.mockito.internal.MockedStaticImpl	SOURCE
org.mockito.internal.MockedStaticImpl	toString()	control	org.mockito.internal.MockedStaticImpl	SOURCE
org.mockito.internal.framework.DefaultMockitoSession	DefaultMockitoSession(java.util.List,java.lang.String,org.mockito.quality.Strictness,org.mockito.plugins.MockitoLogger)	name	org.mockito.internal.framework.DefaultMockitoSession	SOURCE
org.mockito.internal.framework.DefaultMockitoSession	DefaultMockitoSession(java.util.List,java.lang.String,org.mockito.quality.Strictness,org.mockito.plugins.MockitoLogger)	this	org.mockito.internal.framework.DefaultMockitoSession	SOURCE
org.mockito.internal.framework.DefaultMockitoSession	DefaultMockitoSession(java.util.List,java.lang.String,org.mockito.quality.Strictness,org.mockito.plugins.MockitoLogger)	listener	org.mockito.internal.framework.DefaultMockitoSession	SOURCE
org.mockito.internal.framework.DefaultMockitoSession	DefaultMockitoSession(java.util.List,java.lang.String,org.mockito.quality.Strictness,org.mockito.plugins.MockitoLogger)	listener	org.mockito.internal.framework.DefaultMockitoSession	SOURCE
org.mockito.internal.framework.DefaultMockitoSession	DefaultMockitoSession(java.util.List,java.lang.String,org.mockito.quality.Strictness,org.mockito.plugins.MockitoLogger)	closeables	org.mockito.internal.framework.DefaultMockitoSession	SOURCE
org.mockito.internal.framework.DefaultMockitoSession	DefaultMockitoSession(java.util.List,java.lang.String,org.mockito.quality.Strictness,org.mockito.plugins.MockitoLogger)	listener	org.mockito.internal.framework.DefaultMockitoSession	SOURCE
org.mockito.internal.framework.DefaultMockitoSession	setStrictness(org.mockito.quality.Strictness)	listener	org.mockito.internal.framework.DefaultMockitoSession	SOURCE
org.mockito.internal.framework.DefaultMockitoSession	finishMocking(java.lang.Throwable)	listener	org.mockito.internal.framework.DefaultMockitoSession	SOURCE
org.mockito.internal.framework.DefaultMockitoSession	finishMocking(java.lang.Throwable)	listener	org.mockito.internal.framework.DefaultMockitoSession	SOURCE
org.mockito.internal.framework.DefaultMockitoSession$1	getTestName()	name	org.mockito.internal.framework.DefaultMockitoSession	SOURCE
org.mockito.internal.framework.DefaultMockitoSession	release()	closeables	org.mockito.internal.framework.DefaultMockitoSession	SOURCE
org.mockito.internal.framework.DefaultMockitoFramework	addListener(org.mockito.listeners.MockitoListener)	this	org.mockito.internal.framework.DefaultMockitoFramework	SOURCE
org.mockito.internal.framework.DefaultMockitoFramework	removeListener(org.mockito.listeners.MockitoListener)	this	org.mockito.internal.framework.DefaultMockitoFramework	SOURCE
org.mockito.internal.reporting.SmartPrinter	SmartPrinter(org.mockito.invocation.MatchableInvocation,java.util.List,java.lang.Integer[])	wanted	org.mockito.internal.reporting.SmartPrinter	SOURCE
org.mockito.internal.reporting.SmartPrinter	SmartPrinter(org.mockito.invocation.MatchableInvocation,java.util.List,java.lang.Integer[])	this	org.mockito.internal.reporting.SmartPrinter	SOURCE
org.mockito.internal.reporting.SmartPrinter	SmartPrinter(org.mockito.invocation.MatchableInvocation,java.util.List,java.lang.Integer[])	actuals	org.mockito.internal.reporting.SmartPrinter	SOURCE
org.mockito.internal.reporting.SmartPrinter	SmartPrinter(org.mockito.invocation.MatchableInvocation,java.util.List,java.lang.Integer[])	this	org.mockito.internal.reporting.SmartPrinter	SOURCE
org.mockito.internal.reporting.SmartPrinter	getWanted()	wanted	org.mockito.internal.reporting.SmartPrinter	SOURCE
org.mockito.internal.reporting.SmartPrinter	getActuals()	actuals	org.mockito.internal.reporting.SmartPrinter	SOURCE
org.mockito.internal.handler.InvocationNotifierHandler	InvocationNotifierHandler(org.mockito.invocation.MockHandler,org.mockito.mock.MockCreationSettings)	mockHandler	org.mockito.internal.handler.InvocationNotifierHandler	SOURCE
org.mockito.internal.handler.InvocationNotifierHandler	InvocationNotifierHandler(org.mockito.invocation.MockHandler,org.mockito.mock.MockCreationSettings)	this	org.mockito.internal.handler.InvocationNotifierHandler	SOURCE
org.mockito.internal.handler.InvocationNotifierHandler	InvocationNotifierHandler(org.mockito.invocation.MockHandler,org.mockito.mock.MockCreationSettings)	invocationListeners	org.mockito.internal.handler.InvocationNotifierHandler	SOURCE
org.mockito.internal.handler.InvocationNotifierHandler	InvocationNotifierHandler(org.mockito.invocation.MockHandler,org.mockito.mock.MockCreationSettings)	this	org.mockito.internal.handler.InvocationNotifierHandler	SOURCE
org.mockito.internal.handler.InvocationNotifierHandler	handle(org.mockito.invocation.Invocation)	mockHandler	org.mockito.internal.handler.InvocationNotifierHandler	SOURCE
org.mockito.internal.handler.InvocationNotifierHandler	notifyMethodCall(org.mockito.invocation.Invocation,java.lang.Object)	invocationListeners	org.mockito.internal.handler.InvocationNotifierHandler	SOURCE
org.mockito.internal.handler.InvocationNotifierHandler	notifyMethodCallException(org.mockito.invocation.Invocation,java.lang.Throwable)	invocationListeners	org.mockito.internal.handler.InvocationNotifierHandler	SOURCE
org.mockito.internal.handler.InvocationNotifierHandler	getMockSettings()	mockHandler	org.mockito.internal.handler.InvocationNotifierHandler	SOURCE
org.mockito.internal.handler.InvocationNotifierHandler	getInvocationContainer()	mockHandler	org.mockito.internal.handler.InvocationNotifierHandler	SOURCE
org.mockito.internal.handler.NotifiedMethodInvocationReport	NotifiedMethodInvocationReport(org.mockito.invocation.Invocation,java.lang.Object)	invocation	org.mockito.internal.handler.NotifiedMethodInvocationReport	SOURCE
org.mockito.internal.handler.NotifiedMethodInvocationReport	NotifiedMethodInvocationReport(org.mockito.invocation.Invocation,java.lang.Object)	this	org.mockito.internal.handler.NotifiedMethodInvocationReport	SOURCE
org.mockito.internal.handler.NotifiedMethodInvocationReport	NotifiedMethodInvocationReport(org.mockito.invocation.Invocation,java.lang.Object)	returnedValue	org.mockito.internal.handler.NotifiedMethodInvocationReport	SOURCE
org.mockito.internal.handler.NotifiedMethodInvocationReport	NotifiedMethodInvocationReport(org.mockito.invocation.Invocation,java.lang.Object)	this	org.mockito.internal.handler.NotifiedMethodInvocationReport	SOURCE
org.mockito.internal.handler.NotifiedMethodInvocationReport	NotifiedMethodInvocationReport(org.mockito.invocation.Invocation,java.lang.Object)	throwable	org.mockito.internal.handler.NotifiedMethodInvocationReport	SOURCE
org.mockito.internal.handler.NotifiedMethodInvocationReport	NotifiedMethodInvocationReport(org.mockito.invocation.Invocation,java.lang.Object)	this	org.mockito.internal.handler.NotifiedMethodInvocationReport	SOURCE
org.mockito.internal.handler.NotifiedMethodInvocationReport	NotifiedMethodInvocationReport(org.mockito.invocation.Invocation,java.lang.Throwable)	invocation	org.mockito.internal.handler.NotifiedMethodInvocationReport	SOURCE
org.mockito.internal.handler.NotifiedMethodInvocationReport	NotifiedMethodInvocationReport(org.mockito.invocation.Invocation,java.lang.Throwable)	this	org.mockito.internal.handler.NotifiedMethodInvocationReport	SOURCE
org.mockito.internal.handler.NotifiedMethodInvocationReport	NotifiedMethodInvocationReport(org.mockito.invocation.Invocation,java.lang.Throwable)	returnedValue	org.mockito.internal.handler.NotifiedMethodInvocationReport	SOURCE
org.mockito.internal.handler.NotifiedMethodInvocationReport	NotifiedMethodInvocationReport(org.mockito.invocation.Invocation,java.lang.Throwable)	this	org.mockito.internal.handler.NotifiedMethodInvocationReport	SOURCE
org.mockito.internal.handler.NotifiedMethodInvocationReport	NotifiedMethodInvocationReport(org.mockito.invocation.Invocation,java.lang.Throwable)	throwable	org.mockito.internal.handler.NotifiedMethodInvocationReport	SOURCE
org.mockito.internal.handler.NotifiedMethodInvocationReport	NotifiedMethodInvocationReport(org.mockito.invocation.Invocation,java.lang.Throwable)	this	org.mockito.internal.handler.NotifiedMethodInvocationReport	SOURCE
org.mockito.internal.handler.NotifiedMethodInvocationReport	getInvocation()	invocation	org.mockito.internal.handler.NotifiedMethodInvocationReport	SOURCE
org.mockito.internal.handler.NotifiedMethodInvocationReport	getReturnedValue()	returnedValue	org.mockito.internal.handler.NotifiedMethodInvocationReport	SOURCE
org.mockito.internal.handler.NotifiedMethodInvocationReport	getThrowable()	throwable	org.mockito.internal.handler.NotifiedMethodInvocationReport	SOURCE
org.mockito.internal.handler.NotifiedMethodInvocationReport	threwException()	throwable	org.mockito.internal.handler.NotifiedMethodInvocationReport	SOURCE
org.mockito.internal.handler.NotifiedMethodInvocationReport	getLocationOfStubbing()	invocation	org.mockito.internal.handler.NotifiedMethodInvocationReport	SOURCE
org.mockito.internal.handler.NotifiedMethodInvocationReport	getLocationOfStubbing()	invocation	org.mockito.internal.handler.NotifiedMethodInvocationReport	SOURCE
org.mockito.internal.handler.NotifiedMethodInvocationReport	equals(java.lang.Object)	this	org.mockito.internal.handler.NotifiedMethodInvocationReport	SOURCE
org.mockito.internal.handler.NotifiedMethodInvocationReport	equals(java.lang.Object)	invocation	org.mockito.internal.handler.NotifiedMethodInvocationReport	SOURCE
org.mockito.internal.handler.NotifiedMethodInvocationReport	equals(java.lang.Object)	invocation	org.mockito.internal.handler.NotifiedMethodInvocationReport	SOURCE
org.mockito.internal.handler.NotifiedMethodInvocationReport	equals(java.lang.Object)	returnedValue	org.mockito.internal.handler.NotifiedMethodInvocationReport	SOURCE
org.mockito.internal.handler.NotifiedMethodInvocationReport	equals(java.lang.Object)	returnedValue	org.mockito.internal.handler.NotifiedMethodInvocationReport	SOURCE
org.mockito.internal.handler.NotifiedMethodInvocationReport	equals(java.lang.Object)	throwable	org.mockito.internal.handler.NotifiedMethodInvocationReport	SOURCE
org.mockito.internal.handler.NotifiedMethodInvocationReport	equals(java.lang.Object)	throwable	org.mockito.internal.handler.NotifiedMethodInvocationReport	SOURCE
org.mockito.internal.handler.NotifiedMethodInvocationReport	hashCode()	invocation	org.mockito.internal.handler.NotifiedMethodInvocationReport	SOURCE
org.mockito.internal.handler.NotifiedMethodInvocationReport	hashCode()	invocation	org.mockito.internal.handler.NotifiedMethodInvocationReport	SOURCE
org.mockito.internal.handler.NotifiedMethodInvocationReport	hashCode()	returnedValue	org.mockito.internal.handler.NotifiedMethodInvocationReport	SOURCE
org.mockito.internal.handler.NotifiedMethodInvocationReport	hashCode()	returnedValue	org.mockito.internal.handler.NotifiedMethodInvocationReport	SOURCE
org.mockito.internal.handler.NotifiedMethodInvocationReport	hashCode()	throwable	org.mockito.internal.handler.NotifiedMethodInvocationReport	SOURCE
org.mockito.internal.handler.NotifiedMethodInvocationReport	hashCode()	throwable	org.mockito.internal.handler.NotifiedMethodInvocationReport	SOURCE
org.mockito.internal.handler.MockHandlerImpl	MockHandlerImpl(org.mockito.mock.MockCreationSettings)	mockSettings	org.mockito.internal.handler.MockHandlerImpl	SOURCE
org.mockito.internal.handler.MockHandlerImpl	MockHandlerImpl(org.mockito.mock.MockCreationSettings)	this	org.mockito.internal.handler.MockHandlerImpl	SOURCE
org.mockito.internal.handler.MockHandlerImpl	MockHandlerImpl(org.mockito.mock.MockCreationSettings)	matchersBinder	org.mockito.internal.handler.MockHandlerImpl	SOURCE
org.mockito.internal.handler.MockHandlerImpl	MockHandlerImpl(org.mockito.mock.MockCreationSettings)	this	org.mockito.internal.handler.MockHandlerImpl	SOURCE
org.mockito.internal.handler.MockHandlerImpl	MockHandlerImpl(org.mockito.mock.MockCreationSettings)	invocationContainer	org.mockito.internal.handler.MockHandlerImpl	SOURCE
org.mockito.internal.handler.MockHandlerImpl	MockHandlerImpl(org.mockito.mock.MockCreationSettings)	this	org.mockito.internal.handler.MockHandlerImpl	SOURCE
org.mockito.internal.handler.MockHandlerImpl	handle(org.mockito.invocation.Invocation)	invocationContainer	org.mockito.internal.handler.MockHandlerImpl	SOURCE
org.mockito.internal.handler.MockHandlerImpl	handle(org.mockito.invocation.Invocation)	matchersBinder	org.mockito.internal.handler.MockHandlerImpl	SOURCE
org.mockito.internal.handler.MockHandlerImpl	handle(org.mockito.invocation.Invocation)	invocationContainer	org.mockito.internal.handler.MockHandlerImpl	SOURCE
org.mockito.internal.handler.MockHandlerImpl	handle(org.mockito.invocation.Invocation)	matchersBinder	org.mockito.internal.handler.MockHandlerImpl	SOURCE
org.mockito.internal.handler.MockHandlerImpl	handle(org.mockito.invocation.Invocation)	invocationContainer	org.mockito.internal.handler.MockHandlerImpl	SOURCE
org.mockito.internal.handler.MockHandlerImpl	handle(org.mockito.invocation.Invocation)	invocationContainer	org.mockito.internal.handler.MockHandlerImpl	SOURCE
org.mockito.internal.handler.MockHandlerImpl	handle(org.mockito.invocation.Invocation)	invocationContainer	org.mockito.internal.handler.MockHandlerImpl	SOURCE
org.mockito.internal.handler.MockHandlerImpl	handle(org.mockito.invocation.Invocation)	invocationContainer	org.mockito.internal.handler.MockHandlerImpl	SOURCE
org.mockito.internal.handler.MockHandlerImpl	handle(org.mockito.invocation.Invocation)	invocationContainer	org.mockito.internal.handler.MockHandlerImpl	SOURCE
org.mockito.internal.handler.MockHandlerImpl	handle(org.mockito.invocation.Invocation)	mockSettings	org.mockito.internal.handler.MockHandlerImpl	SOURCE
org.mockito.internal.handler.MockHandlerImpl	handle(org.mockito.invocation.Invocation)	mockSettings	org.mockito.internal.handler.MockHandlerImpl	SOURCE
org.mockito.internal.handler.MockHandlerImpl	handle(org.mockito.invocation.Invocation)	invocationContainer	org.mockito.internal.handler.MockHandlerImpl	SOURCE
org.mockito.internal.handler.MockHandlerImpl	getMockSettings()	mockSettings	org.mockito.internal.handler.MockHandlerImpl	SOURCE
org.mockito.internal.handler.MockHandlerImpl	getInvocationContainer()	invocationContainer	org.mockito.internal.handler.MockHandlerImpl	SOURCE
org.mockito.internal.handler.NullResultGuardian	NullResultGuardian(org.mockito.invocation.MockHandler)	delegate	org.mockito.internal.handler.NullResultGuardian	SOURCE
org.mockito.internal.handler.NullResultGuardian	NullResultGuardian(org.mockito.invocation.MockHandler)	this	org.mockito.internal.handler.NullResultGuardian	SOURCE
org.mockito.internal.handler.NullResultGuardian	handle(org.mockito.invocation.Invocation)	delegate	org.mockito.internal.handler.NullResultGuardian	SOURCE
org.mockito.internal.handler.NullResultGuardian	getMockSettings()	delegate	org.mockito.internal.handler.NullResultGuardian	SOURCE
org.mockito.internal.handler.NullResultGuardian	getInvocationContainer()	delegate	org.mockito.internal.handler.NullResultGuardian	SOURCE
org.mockito.internal.session.DefaultMockitoSessionBuilder	initMocks(java.lang.Object)	testClassInstances	org.mockito.internal.session.DefaultMockitoSessionBuilder	SOURCE
org.mockito.internal.session.DefaultMockitoSessionBuilder	initMocks(java.lang.Object)	this	org.mockito.internal.session.DefaultMockitoSessionBuilder	SOURCE
org.mockito.internal.session.DefaultMockitoSessionBuilder	initMocks(java.lang.Object)	this	org.mockito.internal.session.DefaultMockitoSessionBuilder	SOURCE
org.mockito.internal.session.DefaultMockitoSessionBuilder	initMocks(java.lang.Object[])	this	org.mockito.internal.session.DefaultMockitoSessionBuilder	SOURCE
org.mockito.internal.session.DefaultMockitoSessionBuilder	name(java.lang.String)	name	org.mockito.internal.session.DefaultMockitoSessionBuilder	SOURCE
org.mockito.internal.session.DefaultMockitoSessionBuilder	name(java.lang.String)	this	org.mockito.internal.session.DefaultMockitoSessionBuilder	SOURCE
org.mockito.internal.session.DefaultMockitoSessionBuilder	name(java.lang.String)	this	org.mockito.internal.session.DefaultMockitoSessionBuilder	SOURCE
org.mockito.internal.session.DefaultMockitoSessionBuilder	strictness(org.mockito.quality.Strictness)	strictness	org.mockito.internal.session.DefaultMockitoSessionBuilder	SOURCE
org.mockito.internal.session.DefaultMockitoSessionBuilder	strictness(org.mockito.quality.Strictness)	this	org.mockito.internal.session.DefaultMockitoSessionBuilder	SOURCE
org.mockito.internal.session.DefaultMockitoSessionBuilder	strictness(org.mockito.quality.Strictness)	this	org.mockito.internal.session.DefaultMockitoSessionBuilder	SOURCE
org.mockito.internal.session.DefaultMockitoSessionBuilder	logger(org.mockito.session.MockitoSessionLogger)	logger	org.mockito.internal.session.DefaultMockitoSessionBuilder	SOURCE
org.mockito.internal.session.DefaultMockitoSessionBuilder	logger(org.mockito.session.MockitoSessionLogger)	this	org.mockito.internal.session.DefaultMockitoSessionBuilder	SOURCE
org.mockito.internal.session.DefaultMockitoSessionBuilder	logger(org.mockito.session.MockitoSessionLogger)	this	org.mockito.internal.session.DefaultMockitoSessionBuilder	SOURCE
org.mockito.internal.session.DefaultMockitoSessionBuilder	startMocking()	testClassInstances	org.mockito.internal.session.DefaultMockitoSessionBuilder	SOURCE
org.mockito.internal.session.DefaultMockitoSessionBuilder	startMocking()	name	org.mockito.internal.session.DefaultMockitoSessionBuilder	SOURCE
org.mockito.internal.session.DefaultMockitoSessionBuilder	startMocking()	this	org.mockito.internal.session.DefaultMockitoSessionBuilder	SOURCE
org.mockito.internal.session.DefaultMockitoSessionBuilder	startMocking()	name	org.mockito.internal.session.DefaultMockitoSessionBuilder	SOURCE
org.mockito.internal.session.DefaultMockitoSessionBuilder	startMocking()	this	org.mockito.internal.session.DefaultMockitoSessionBuilder	SOURCE
org.mockito.internal.session.DefaultMockitoSessionBuilder	startMocking()	testClassInstances	org.mockito.internal.session.DefaultMockitoSessionBuilder	SOURCE
org.mockito.internal.session.DefaultMockitoSessionBuilder	startMocking()	testClassInstances	org.mockito.internal.session.DefaultMockitoSessionBuilder	SOURCE
org.mockito.internal.session.DefaultMockitoSessionBuilder	startMocking()	testClassInstances	org.mockito.internal.session.DefaultMockitoSessionBuilder	SOURCE
org.mockito.internal.session.DefaultMockitoSessionBuilder	startMocking()	name	org.mockito.internal.session.DefaultMockitoSessionBuilder	SOURCE
org.mockito.internal.session.DefaultMockitoSessionBuilder	startMocking()	this	org.mockito.internal.session.DefaultMockitoSessionBuilder	SOURCE
org.mockito.internal.session.DefaultMockitoSessionBuilder	startMocking()	name	org.mockito.internal.session.DefaultMockitoSessionBuilder	SOURCE
org.mockito.internal.session.DefaultMockitoSessionBuilder	startMocking()	this	org.mockito.internal.session.DefaultMockitoSessionBuilder	SOURCE
org.mockito.internal.session.DefaultMockitoSessionBuilder	startMocking()	strictness	org.mockito.internal.session.DefaultMockitoSessionBuilder	SOURCE
org.mockito.internal.session.DefaultMockitoSessionBuilder	startMocking()	this	org.mockito.internal.session.DefaultMockitoSessionBuilder	SOURCE
org.mockito.internal.session.DefaultMockitoSessionBuilder	startMocking()	strictness	org.mockito.internal.session.DefaultMockitoSessionBuilder	SOURCE
org.mockito.internal.session.DefaultMockitoSessionBuilder	startMocking()	this	org.mockito.internal.session.DefaultMockitoSessionBuilder	SOURCE
org.mockito.internal.session.DefaultMockitoSessionBuilder	startMocking()	logger	org.mockito.internal.session.DefaultMockitoSessionBuilder	SOURCE
org.mockito.internal.session.DefaultMockitoSessionBuilder	startMocking()	this	org.mockito.internal.session.DefaultMockitoSessionBuilder	SOURCE
org.mockito.internal.session.DefaultMockitoSessionBuilder	startMocking()	logger	org.mockito.internal.session.DefaultMockitoSessionBuilder	SOURCE
org.mockito.internal.session.DefaultMockitoSessionBuilder	startMocking()	this	org.mockito.internal.session.DefaultMockitoSessionBuilder	SOURCE
org.mockito.internal.session.MockitoSessionLoggerAdapter	MockitoSessionLoggerAdapter(org.mockito.plugins.MockitoLogger)	logger	org.mockito.internal.session.MockitoSessionLoggerAdapter	SOURCE
org.mockito.internal.session.MockitoSessionLoggerAdapter	MockitoSessionLoggerAdapter(org.mockito.plugins.MockitoLogger)	this	org.mockito.internal.session.MockitoSessionLoggerAdapter	SOURCE
org.mockito.internal.session.MockitoSessionLoggerAdapter	log(java.lang.String)	logger	org.mockito.internal.session.MockitoSessionLoggerAdapter	SOURCE
org.mockito.internal.session.MockitoLoggerAdapter	MockitoLoggerAdapter(org.mockito.session.MockitoSessionLogger)	logger	org.mockito.internal.session.MockitoLoggerAdapter	SOURCE
org.mockito.internal.session.MockitoLoggerAdapter	MockitoLoggerAdapter(org.mockito.session.MockitoSessionLogger)	this	org.mockito.internal.session.MockitoLoggerAdapter	SOURCE
org.mockito.internal.session.MockitoLoggerAdapter	log(java.lang.Object)	logger	org.mockito.internal.session.MockitoLoggerAdapter	SOURCE
org.mockito.AdditionalAnswers	returnsLastArg()	LAST_ARGUMENT	org.mockito.internal.stubbing.answers.ReturnsArgumentAt	SOURCE
