message_type	message	enc_class	enc_member	offset	path	target_kind	target_class	target_method	target_param	target_index	target_path
RETURN_NULLABLE	returning @Nullable expression from method with @NonNull return type	org.mockito.internal.util.reflection.GenericTypeExtractor	findGenericInterface(java.lang.Class<?>,java.lang.Class<?>)	3126	/Users/nima/Developer/NullAwayFixer/Projects/mockito/src/main/java/org/mockito/internal/util/reflection/GenericTypeExtractor.java	METHOD	org.mockito.internal.util.reflection.GenericTypeExtractor	findGenericInterface(java.lang.Class<?>,java.lang.Class<?>)	null	null	/Users/nima/Developer/NullAwayFixer/Projects/mockito/src/main/java/org/mockito/internal/util/reflection/GenericTypeExtractor.java
RETURN_NULLABLE	returning @Nullable expression from method with @NonNull return type	org.mockito.internal.util.Primitives	<T>primitiveTypeOf(java.lang.Class<T>)	1184	/Users/nima/Developer/NullAwayFixer/Projects/mockito/src/main/java/org/mockito/internal/util/Primitives.java	METHOD	org.mockito.internal.util.Primitives	<T>primitiveTypeOf(java.lang.Class<T>)	null	null	/Users/nima/Developer/NullAwayFixer/Projects/mockito/src/main/java/org/mockito/internal/util/Primitives.java
RETURN_NULLABLE	returning @Nullable expression from method with @NonNull return type	org.mockito.internal.util.Primitives	<T>defaultValue(java.lang.Class<T>)	2388	/Users/nima/Developer/NullAwayFixer/Projects/mockito/src/main/java/org/mockito/internal/util/Primitives.java	METHOD	org.mockito.internal.util.Primitives	<T>defaultValue(java.lang.Class<T>)	null	null	/Users/nima/Developer/NullAwayFixer/Projects/mockito/src/main/java/org/mockito/internal/util/Primitives.java
RETURN_NULLABLE	returning @Nullable expression from method with @NonNull return type	org.mockito.internal.exceptions.Reporter	exceptionCauseMessageIfAvailable(java.lang.Exception)	40431	/Users/nima/Developer/NullAwayFixer/Projects/mockito/src/main/java/org/mockito/internal/exceptions/Reporter.java	METHOD	org.mockito.internal.exceptions.Reporter	exceptionCauseMessageIfAvailable(java.lang.Exception)	null	null	/Users/nima/Developer/NullAwayFixer/Projects/mockito/src/main/java/org/mockito/internal/exceptions/Reporter.java
RETURN_NULLABLE	returning @Nullable expression from method with @NonNull return type	org.mockito.internal.exceptions.Reporter	exceptionCauseMessageIfAvailable(java.lang.Exception)	40478	/Users/nima/Developer/NullAwayFixer/Projects/mockito/src/main/java/org/mockito/internal/exceptions/Reporter.java	METHOD	org.mockito.internal.exceptions.Reporter	exceptionCauseMessageIfAvailable(java.lang.Exception)	null	null	/Users/nima/Developer/NullAwayFixer/Projects/mockito/src/main/java/org/mockito/internal/exceptions/Reporter.java
PASS_NULLABLE	passing @Nullable parameter 'null' where @NonNull is required	org.mockito.internal.exceptions.Reporter	unncessaryStubbingException(java.util.List<org.mockito.invocation.Invocation>)	51729	/Users/nima/Developer/NullAwayFixer/Projects/mockito/src/main/java/org/mockito/internal/exceptions/Reporter.java	PARAMETER	org.mockito.internal.exceptions.Reporter	formatUnncessaryStubbingException(java.lang.Class<?>,java.util.Collection<org.mockito.invocation.Invocation>)	testClass	0	/Users/nima/Developer/NullAwayFixer/Projects/mockito/src/main/java/org/mockito/internal/exceptions/Reporter.java
RETURN_NULLABLE	returning @Nullable expression from method with @NonNull return type	org.mockito.internal.invocation.InvocationsFinder	findFirstMatchingUnverifiedInvocation(java.util.List<org.mockito.invocation.Invocation>,org.mockito.invocation.MatchableInvocation,org.mockito.internal.verification.api.InOrderContext)	2914	/Users/nima/Developer/NullAwayFixer/Projects/mockito/src/main/java/org/mockito/internal/invocation/InvocationsFinder.java	METHOD	org.mockito.internal.invocation.InvocationsFinder	findFirstMatchingUnverifiedInvocation(java.util.List<org.mockito.invocation.Invocation>,org.mockito.invocation.MatchableInvocation,org.mockito.internal.verification.api.InOrderContext)	null	null	/Users/nima/Developer/NullAwayFixer/Projects/mockito/src/main/java/org/mockito/internal/invocation/InvocationsFinder.java
RETURN_NULLABLE	returning @Nullable expression from method with @NonNull return type	org.mockito.internal.invocation.InvocationsFinder	findSimilarInvocation(java.util.List<org.mockito.invocation.Invocation>,org.mockito.invocation.MatchableInvocation)	3463	/Users/nima/Developer/NullAwayFixer/Projects/mockito/src/main/java/org/mockito/internal/invocation/InvocationsFinder.java	METHOD	org.mockito.internal.invocation.InvocationsFinder	findSimilarInvocation(java.util.List<org.mockito.invocation.Invocation>,org.mockito.invocation.MatchableInvocation)	null	null	/Users/nima/Developer/NullAwayFixer/Projects/mockito/src/main/java/org/mockito/internal/invocation/InvocationsFinder.java
PASS_NULLABLE	passing @Nullable parameter 'null' where @NonNull is required	org.mockito.internal.invocation.InvocationsFinder	findFirstUnverified(java.util.List<org.mockito.invocation.Invocation>)	3587	/Users/nima/Developer/NullAwayFixer/Projects/mockito/src/main/java/org/mockito/internal/invocation/InvocationsFinder.java	PARAMETER	org.mockito.internal.invocation.InvocationsFinder	findFirstUnverified(java.util.List<org.mockito.invocation.Invocation>,java.lang.Object)	mock	1	/Users/nima/Developer/NullAwayFixer/Projects/mockito/src/main/java/org/mockito/internal/invocation/InvocationsFinder.java
RETURN_NULLABLE	returning @Nullable expression from method with @NonNull return type	org.mockito.internal.invocation.InvocationsFinder	findFirstUnverified(java.util.List<org.mockito.invocation.Invocation>,java.lang.Object)	3943	/Users/nima/Developer/NullAwayFixer/Projects/mockito/src/main/java/org/mockito/internal/invocation/InvocationsFinder.java	METHOD	org.mockito.internal.invocation.InvocationsFinder	findFirstUnverified(java.util.List<org.mockito.invocation.Invocation>,java.lang.Object)	null	null	/Users/nima/Developer/NullAwayFixer/Projects/mockito/src/main/java/org/mockito/internal/invocation/InvocationsFinder.java
RETURN_NULLABLE	returning @Nullable expression from method with @NonNull return type	org.mockito.internal.invocation.InvocationsFinder	getLastLocation(java.util.List<org.mockito.invocation.Invocation>)	4087	/Users/nima/Developer/NullAwayFixer/Projects/mockito/src/main/java/org/mockito/internal/invocation/InvocationsFinder.java	METHOD	org.mockito.internal.invocation.InvocationsFinder	getLastLocation(java.util.List<org.mockito.invocation.Invocation>)	null	null	/Users/nima/Developer/NullAwayFixer/Projects/mockito/src/main/java/org/mockito/internal/invocation/InvocationsFinder.java
RETURN_NULLABLE	returning @Nullable expression from method with @NonNull return type	org.mockito.internal.invocation.InvocationsFinder	findPreviousVerifiedInOrder(java.util.List<org.mockito.invocation.Invocation>,org.mockito.internal.verification.api.InOrderContext)	4551	/Users/nima/Developer/NullAwayFixer/Projects/mockito/src/main/java/org/mockito/internal/invocation/InvocationsFinder.java	METHOD	org.mockito.internal.invocation.InvocationsFinder	findPreviousVerifiedInOrder(java.util.List<org.mockito.invocation.Invocation>,org.mockito.internal.verification.api.InOrderContext)	null	null	/Users/nima/Developer/NullAwayFixer/Projects/mockito/src/main/java/org/mockito/internal/invocation/InvocationsFinder.java
RETURN_NULLABLE	returning @Nullable expression from method with @NonNull return type	org.mockito.internal.invocation.InvocationsFinder	findFirstUnverifiedInOrder(org.mockito.internal.verification.api.InOrderContext,java.util.List<org.mockito.invocation.Invocation>)	6763	/Users/nima/Developer/NullAwayFixer/Projects/mockito/src/main/java/org/mockito/internal/invocation/InvocationsFinder.java	METHOD	org.mockito.internal.invocation.InvocationsFinder	findFirstUnverifiedInOrder(org.mockito.internal.verification.api.InOrderContext,java.util.List<org.mockito.invocation.Invocation>)	null	null	/Users/nima/Developer/NullAwayFixer/Projects/mockito/src/main/java/org/mockito/internal/invocation/InvocationsFinder.java
METHOD_NO_INIT	initializer method does not guarantee @NonNull field stubInfo (line 37) is initialized along all control-flow paths (remember to check for exceptions or early returns).	org.mockito.internal.invocation.InterceptedInvocation	InterceptedInvocation(org.mockito.internal.invocation.mockref.MockReference<java.lang.Object>,org.mockito.internal.invocation.MockitoMethod,java.lang.Object[],org.mockito.internal.invocation.RealMethod,org.mockito.invocation.Location,int)	1297	/Users/nima/Developer/NullAwayFixer/Projects/mockito/src/main/java/org/mockito/internal/invocation/InterceptedInvocation.java	null	null	null	null	null	null
RETURN_NULLABLE	returning @Nullable expression from method with @NonNull return type	org.mockito.internal.invocation.InterceptedInvocation$1	invoke()	5287	/Users/nima/Developer/NullAwayFixer/Projects/mockito/src/main/java/org/mockito/internal/invocation/InterceptedInvocation.java	METHOD	org.mockito.internal.invocation.InterceptedInvocation$1	invoke()	null	null	/Users/nima/Developer/NullAwayFixer/Projects/mockito/src/main/java/org/mockito/internal/invocation/InterceptedInvocation.java
ASSIGN_FIELD_NULLABLE	assigning @Nullable expression to @NonNull field	org.mockito.internal.handler.NotifiedMethodInvocationReport	NotifiedMethodInvocationReport(org.mockito.invocation.Invocation,java.lang.Object)	1036	/Users/nima/Developer/NullAwayFixer/Projects/mockito/src/main/java/org/mockito/internal/handler/NotifiedMethodInvocationReport.java	FIELD	org.mockito.internal.handler.NotifiedMethodInvocationReport	null	throwable	null	/Users/nima/Developer/NullAwayFixer/Projects/mockito/src/main/java/org/mockito/internal/handler/NotifiedMethodInvocationReport.java
ASSIGN_FIELD_NULLABLE	assigning @Nullable expression to @NonNull field	org.mockito.internal.handler.NotifiedMethodInvocationReport	NotifiedMethodInvocationReport(org.mockito.invocation.Invocation,java.lang.Throwable)	1449	/Users/nima/Developer/NullAwayFixer/Projects/mockito/src/main/java/org/mockito/internal/handler/NotifiedMethodInvocationReport.java	FIELD	org.mockito.internal.handler.NotifiedMethodInvocationReport	null	returnedValue	null	/Users/nima/Developer/NullAwayFixer/Projects/mockito/src/main/java/org/mockito/internal/handler/NotifiedMethodInvocationReport.java
RETURN_NULLABLE	returning @Nullable expression from method with @NonNull return type	org.mockito.internal.handler.NotifiedMethodInvocationReport	getLocationOfStubbing()	1880	/Users/nima/Developer/NullAwayFixer/Projects/mockito/src/main/java/org/mockito/internal/handler/NotifiedMethodInvocationReport.java	METHOD	org.mockito.internal.handler.NotifiedMethodInvocationReport	getLocationOfStubbing()	null	null	/Users/nima/Developer/NullAwayFixer/Projects/mockito/src/main/java/org/mockito/internal/handler/NotifiedMethodInvocationReport.java
RETURN_NULLABLE	returning @Nullable expression from method with @NonNull return type	org.mockito.internal.handler.MockHandlerImpl	handle(org.mockito.invocation.Invocation)	2243	/Users/nima/Developer/NullAwayFixer/Projects/mockito/src/main/java/org/mockito/internal/handler/MockHandlerImpl.java	METHOD	org.mockito.internal.handler.MockHandlerImpl	handle(org.mockito.invocation.Invocation)	null	null	/Users/nima/Developer/NullAwayFixer/Projects/mockito/src/main/java/org/mockito/internal/handler/MockHandlerImpl.java
RETURN_NULLABLE	returning @Nullable expression from method with @NonNull return type	org.mockito.internal.handler.MockHandlerImpl	handle(org.mockito.invocation.Invocation)	3140	/Users/nima/Developer/NullAwayFixer/Projects/mockito/src/main/java/org/mockito/internal/handler/MockHandlerImpl.java	METHOD	org.mockito.internal.handler.MockHandlerImpl	handle(org.mockito.invocation.Invocation)	null	null	/Users/nima/Developer/NullAwayFixer/Projects/mockito/src/main/java/org/mockito/internal/handler/MockHandlerImpl.java
METHOD_NO_INIT	initializer method does not guarantee @NonNull field invocationForStubbing (line 38) is initialized along all control-flow paths (remember to check for exceptions or early returns).	org.mockito.internal.stubbing.InvocationContainerImpl	InvocationContainerImpl(org.mockito.mock.MockCreationSettings)	1536	/Users/nima/Developer/NullAwayFixer/Projects/mockito/src/main/java/org/mockito/internal/stubbing/InvocationContainerImpl.java	null	null	null	null	null	null
ASSIGN_FIELD_NULLABLE	assigning @Nullable expression to @NonNull field	org.mockito.internal.stubbing.InvocationContainerImpl	InvocationContainerImpl(org.mockito.mock.MockCreationSettings)	1692	/Users/nima/Developer/NullAwayFixer/Projects/mockito/src/main/java/org/mockito/internal/stubbing/InvocationContainerImpl.java	FIELD	org.mockito.internal.stubbing.InvocationContainerImpl	null	mockStrictness	null	/Users/nima/Developer/NullAwayFixer/Projects/mockito/src/main/java/org/mockito/internal/stubbing/InvocationContainerImpl.java
PASS_NULLABLE	passing @Nullable parameter 'null' where @NonNull is required	org.mockito.internal.stubbing.InvocationContainerImpl	addConsecutiveAnswer(org.mockito.stubbing.Answer)	2441	/Users/nima/Developer/NullAwayFixer/Projects/mockito/src/main/java/org/mockito/internal/stubbing/InvocationContainerImpl.java	PARAMETER	org.mockito.internal.stubbing.InvocationContainerImpl	addAnswer(org.mockito.stubbing.Answer,boolean,org.mockito.quality.Strictness)	stubbingStrictness	2	/Users/nima/Developer/NullAwayFixer/Projects/mockito/src/main/java/org/mockito/internal/stubbing/InvocationContainerImpl.java
RETURN_NULLABLE	returning @Nullable expression from method with @NonNull return type	org.mockito.internal.stubbing.InvocationContainerImpl	findAnswerFor(org.mockito.invocation.Invocation)	4167	/Users/nima/Developer/NullAwayFixer/Projects/mockito/src/main/java/org/mockito/internal/stubbing/InvocationContainerImpl.java	METHOD	org.mockito.internal.stubbing.InvocationContainerImpl	findAnswerFor(org.mockito.invocation.Invocation)	null	null	/Users/nima/Developer/NullAwayFixer/Projects/mockito/src/main/java/org/mockito/internal/stubbing/InvocationContainerImpl.java
METHOD_NO_INIT	initializer method does not guarantee @NonNull field usedAt (line 25) is initialized along all control-flow paths (remember to check for exceptions or early returns).	org.mockito.internal.stubbing.StubbedInvocationMatcher	StubbedInvocationMatcher(org.mockito.stubbing.Answer,org.mockito.invocation.MatchableInvocation,org.mockito.quality.Strictness)	955	/Users/nima/Developer/NullAwayFixer/Projects/mockito/src/main/java/org/mockito/internal/stubbing/StubbedInvocationMatcher.java	null	null	null	null	null	null
FIELD_NO_INIT	@NonNull field stubbingStrictness not initialized	org.mockito.internal.stubbing.DoAnswerStyleStubbing	stubbingStrictness	515	/Users/nima/Developer/NullAwayFixer/Projects/mockito/src/main/java/org/mockito/internal/stubbing/DoAnswerStyleStubbing.java	FIELD	org.mockito.internal.stubbing.DoAnswerStyleStubbing	null	stubbingStrictness	null	/Users/nima/Developer/NullAwayFixer/Projects/mockito/src/main/java/org/mockito/internal/stubbing/DoAnswerStyleStubbing.java
ASSIGN_FIELD_NULLABLE	assigning @Nullable expression to @NonNull field	org.mockito.internal.stubbing.DoAnswerStyleStubbing	clear()	847	/Users/nima/Developer/NullAwayFixer/Projects/mockito/src/main/java/org/mockito/internal/stubbing/DoAnswerStyleStubbing.java	FIELD	org.mockito.internal.stubbing.DoAnswerStyleStubbing	null	stubbingStrictness	null	/Users/nima/Developer/NullAwayFixer/Projects/mockito/src/main/java/org/mockito/internal/stubbing/DoAnswerStyleStubbing.java
METHOD_NO_INIT	initializer method does not guarantee @NonNull fields typeToMock (line 26), name (line 28), spiedInstance (line 29), defaultAnswer (line 30), mockName (line 31), outerClassInstance (line 47), constructorArgs (line 48) are initialized along all control-flow paths (remember to check for exceptions or early returns).	org.mockito.internal.creation.settings.CreationSettings	CreationSettings()	2020	/Users/nima/Developer/NullAwayFixer/Projects/mockito/src/main/java/org/mockito/internal/creation/settings/CreationSettings.java	null	null	null	null	null	null
RETURN_NULLABLE	returning @Nullable expression from method with @NonNull return type	org.mockito.internal.configuration.plugins.PluginInitializer	<T>loadImpl(java.lang.Class<T>)	1885	/Users/nima/Developer/NullAwayFixer/Projects/mockito/src/main/java/org/mockito/internal/configuration/plugins/PluginInitializer.java	METHOD	org.mockito.internal.configuration.plugins.PluginInitializer	<T>loadImpl(java.lang.Class<T>)	null	null	/Users/nima/Developer/NullAwayFixer/Projects/mockito/src/main/java/org/mockito/internal/configuration/plugins/PluginInitializer.java
PASS_NULLABLE	passing @Nullable parameter 'className' where @NonNull is required	org.mockito.internal.configuration.plugins.DefaultMockitoPlugins	<T>getDefaultPlugin(java.lang.Class<T>)	2580	/Users/nima/Developer/NullAwayFixer/Projects/mockito/src/main/java/org/mockito/internal/configuration/plugins/DefaultMockitoPlugins.java	PARAMETER	org.mockito.internal.configuration.plugins.DefaultMockitoPlugins	<T>create(java.lang.Class<T>,java.lang.String)	className	1	/Users/nima/Developer/NullAwayFixer/Projects/mockito/src/main/java/org/mockito/internal/configuration/plugins/DefaultMockitoPlugins.java
PASS_NULLABLE	passing @Nullable parameter 'className' where @NonNull is required	org.mockito.internal.configuration.plugins.DefaultMockitoPlugins	<T>getDefaultPlugin(java.lang.Class<T>)	2740	/Users/nima/Developer/NullAwayFixer/Projects/mockito/src/main/java/org/mockito/internal/configuration/plugins/DefaultMockitoPlugins.java	PARAMETER	org.mockito.internal.configuration.plugins.DefaultMockitoPlugins	<T>create(java.lang.Class<T>,java.lang.String)	className	1	/Users/nima/Developer/NullAwayFixer/Projects/mockito/src/main/java/org/mockito/internal/configuration/plugins/DefaultMockitoPlugins.java
RETURN_NULLABLE	returning @Nullable expression from method with @NonNull return type	org.mockito.internal.configuration.plugins.DefaultMockitoPlugins	getDefaultPluginClass(java.lang.String)	2852	/Users/nima/Developer/NullAwayFixer/Projects/mockito/src/main/java/org/mockito/internal/configuration/plugins/DefaultMockitoPlugins.java	METHOD	org.mockito.internal.configuration.plugins.DefaultMockitoPlugins	getDefaultPluginClass(java.lang.String)	null	null	/Users/nima/Developer/NullAwayFixer/Projects/mockito/src/main/java/org/mockito/internal/configuration/plugins/DefaultMockitoPlugins.java
PASS_NULLABLE	passing @Nullable parameter 'DEFAULT_PLUGINS.get(INLINE_ALIAS)' where @NonNull is required	org.mockito.internal.configuration.plugins.DefaultMockitoPlugins	getInlineMockMaker()	4495	/Users/nima/Developer/NullAwayFixer/Projects/mockito/src/main/java/org/mockito/internal/configuration/plugins/DefaultMockitoPlugins.java	PARAMETER	org.mockito.internal.configuration.plugins.DefaultMockitoPlugins	<T>create(java.lang.Class<T>,java.lang.String)	className	1	/Users/nima/Developer/NullAwayFixer/Projects/mockito/src/main/java/org/mockito/internal/configuration/plugins/DefaultMockitoPlugins.java
PASS_NULLABLE	passing @Nullable parameter 'null' where @NonNull is required	org.mockito.internal.configuration.plugins.PluginLoader	PluginLoader(org.mockito.plugins.PluginSwitch)	727	/Users/nima/Developer/NullAwayFixer/Projects/mockito/src/main/java/org/mockito/internal/configuration/plugins/PluginLoader.java	PARAMETER	org.mockito.internal.configuration.plugins.PluginInitializer	PluginInitializer(org.mockito.plugins.PluginSwitch,java.lang.String,org.mockito.internal.configuration.plugins.DefaultMockitoPlugins)	alias	1	/Users/nima/Developer/NullAwayFixer/Projects/mockito/src/main/java/org/mockito/internal/configuration/plugins/PluginInitializer.java
PASS_NULLABLE	passing @Nullable parameter 'null' where @NonNull is required	org.mockito.internal.configuration.plugins.PluginLoader	<T>loadPlugin(java.lang.Class<T>)	1623	/Users/nima/Developer/NullAwayFixer/Projects/mockito/src/main/java/org/mockito/internal/configuration/plugins/PluginLoader.java	PARAMETER	org.mockito.internal.configuration.plugins.PluginLoader	<PreferredType,AlternateType>loadPlugin(java.lang.Class<PreferredType>,java.lang.Class<AlternateType>)	alternatePluginType	1	/Users/nima/Developer/NullAwayFixer/Projects/mockito/src/main/java/org/mockito/internal/configuration/plugins/PluginLoader.java
RETURN_NULLABLE	returning @Nullable expression from method with @NonNull return type	org.mockito.internal.configuration.plugins.PluginFileReader	readPluginClass(java.io.InputStream)	544	/Users/nima/Developer/NullAwayFixer/Projects/mockito/src/main/java/org/mockito/internal/configuration/plugins/PluginFileReader.java	METHOD	org.mockito.internal.configuration.plugins.PluginFileReader	readPluginClass(java.io.InputStream)	null	null	/Users/nima/Developer/NullAwayFixer/Projects/mockito/src/main/java/org/mockito/internal/configuration/plugins/PluginFileReader.java
PASS_NULLABLE	passing @Nullable parameter 's' where @NonNull is required	org.mockito.internal.configuration.plugins.PluginFinder	findPluginClass(java.lang.Iterable<java.net.URL>)	1401	/Users/nima/Developer/NullAwayFixer/Projects/mockito/src/main/java/org/mockito/internal/configuration/plugins/PluginFinder.java	PARAMETER	org.mockito.internal.util.io.IOUtil	closeQuietly(java.io.Closeable)	closeable	0	/Users/nima/Developer/NullAwayFixer/Projects/mockito/src/main/java/org/mockito/internal/util/io/IOUtil.java
RETURN_NULLABLE	returning @Nullable expression from method with @NonNull return type	org.mockito.internal.configuration.plugins.PluginFinder	findPluginClass(java.lang.Iterable<java.net.URL>)	1457	/Users/nima/Developer/NullAwayFixer/Projects/mockito/src/main/java/org/mockito/internal/configuration/plugins/PluginFinder.java	METHOD	org.mockito.internal.configuration.plugins.PluginFinder	findPluginClass(java.lang.Iterable<java.net.URL>)	null	null	/Users/nima/Developer/NullAwayFixer/Projects/mockito/src/main/java/org/mockito/internal/configuration/plugins/PluginFinder.java
RETURN_NULLABLE	returning @Nullable expression from method with @NonNull return type	org.mockito.ArgumentMatchers	<T>anyObject()	5702	/Users/nima/Developer/NullAwayFixer/Projects/mockito/src/main/java/org/mockito/ArgumentMatchers.java	METHOD	org.mockito.ArgumentMatchers	<T>anyObject()	null	null	/Users/nima/Developer/NullAwayFixer/Projects/mockito/src/main/java/org/mockito/ArgumentMatchers.java
RETURN_NULLABLE	returning @Nullable expression from method with @NonNull return type	org.mockito.ArgumentMatchers	<T>anyVararg()	8629	/Users/nima/Developer/NullAwayFixer/Projects/mockito/src/main/java/org/mockito/ArgumentMatchers.java	METHOD	org.mockito.ArgumentMatchers	<T>anyVararg()	null	null	/Users/nima/Developer/NullAwayFixer/Projects/mockito/src/main/java/org/mockito/ArgumentMatchers.java
RETURN_NULLABLE	returning @Nullable expression from method with @NonNull return type	org.mockito.ArgumentMatchers	<T>eq(T)	29909	/Users/nima/Developer/NullAwayFixer/Projects/mockito/src/main/java/org/mockito/ArgumentMatchers.java	METHOD	org.mockito.ArgumentMatchers	<T>eq(T)	null	null	/Users/nima/Developer/NullAwayFixer/Projects/mockito/src/main/java/org/mockito/ArgumentMatchers.java
RETURN_NULLABLE	returning @Nullable expression from method with @NonNull return type	org.mockito.ArgumentMatchers	<T>refEq(T,java.lang.String...)	30978	/Users/nima/Developer/NullAwayFixer/Projects/mockito/src/main/java/org/mockito/ArgumentMatchers.java	METHOD	org.mockito.ArgumentMatchers	<T>refEq(T,java.lang.String...)	null	null	/Users/nima/Developer/NullAwayFixer/Projects/mockito/src/main/java/org/mockito/ArgumentMatchers.java
RETURN_NULLABLE	returning @Nullable expression from method with @NonNull return type	org.mockito.ArgumentMatchers	<T>same(T)	31438	/Users/nima/Developer/NullAwayFixer/Projects/mockito/src/main/java/org/mockito/ArgumentMatchers.java	METHOD	org.mockito.ArgumentMatchers	<T>same(T)	null	null	/Users/nima/Developer/NullAwayFixer/Projects/mockito/src/main/java/org/mockito/ArgumentMatchers.java
RETURN_NULLABLE	returning @Nullable expression from method with @NonNull return type	org.mockito.ArgumentMatchers	<T>isNull()	31867	/Users/nima/Developer/NullAwayFixer/Projects/mockito/src/main/java/org/mockito/ArgumentMatchers.java	METHOD	org.mockito.ArgumentMatchers	<T>isNull()	null	null	/Users/nima/Developer/NullAwayFixer/Projects/mockito/src/main/java/org/mockito/ArgumentMatchers.java
RETURN_NULLABLE	returning @Nullable expression from method with @NonNull return type	org.mockito.ArgumentMatchers	<T>notNull()	32925	/Users/nima/Developer/NullAwayFixer/Projects/mockito/src/main/java/org/mockito/ArgumentMatchers.java	METHOD	org.mockito.ArgumentMatchers	<T>notNull()	null	null	/Users/nima/Developer/NullAwayFixer/Projects/mockito/src/main/java/org/mockito/ArgumentMatchers.java
RETURN_NULLABLE	returning @Nullable expression from method with @NonNull return type	org.mockito.ArgumentMatchers	<T>argThat(org.mockito.ArgumentMatcher<T>)	38878	/Users/nima/Developer/NullAwayFixer/Projects/mockito/src/main/java/org/mockito/ArgumentMatchers.java	METHOD	org.mockito.ArgumentMatchers	<T>argThat(org.mockito.ArgumentMatcher<T>)	null	null	/Users/nima/Developer/NullAwayFixer/Projects/mockito/src/main/java/org/mockito/ArgumentMatchers.java
PASS_NULLABLE	passing @Nullable parameter 'null' where @NonNull is required	org.mockito.internal.MockitoCore	verifyNoMoreInteractions(java.lang.Object...)	7673	/Users/nima/Developer/NullAwayFixer/Projects/mockito/src/main/java/org/mockito/internal/MockitoCore.java	PARAMETER	org.mockito.internal.verification.VerificationDataImpl	VerificationDataImpl(org.mockito.internal.stubbing.InvocationContainerImpl,org.mockito.internal.invocation.InvocationMatcher)	wanted	1	/Users/nima/Developer/NullAwayFixer/Projects/mockito/src/main/java/org/mockito/internal/verification/VerificationDataImpl.java
PASS_NULLABLE	passing @Nullable parameter 'null' where @NonNull is required	org.mockito.internal.MockitoCore	verifyNoInteractions(java.lang.Object...)	8392	/Users/nima/Developer/NullAwayFixer/Projects/mockito/src/main/java/org/mockito/internal/MockitoCore.java	PARAMETER	org.mockito.internal.verification.VerificationDataImpl	VerificationDataImpl(org.mockito.internal.stubbing.InvocationContainerImpl,org.mockito.internal.invocation.InvocationMatcher)	wanted	1	/Users/nima/Developer/NullAwayFixer/Projects/mockito/src/main/java/org/mockito/internal/verification/VerificationDataImpl.java
PASS_NULLABLE	passing @Nullable parameter 'null' where @NonNull is required	org.mockito.internal.MockitoCore	verifyNoMoreInteractionsInOrder(java.util.List<java.lang.Object>,org.mockito.internal.verification.api.InOrderContext)	8824	/Users/nima/Developer/NullAwayFixer/Projects/mockito/src/main/java/org/mockito/internal/MockitoCore.java	PARAMETER	org.mockito.internal.verification.api.VerificationDataInOrderImpl	VerificationDataInOrderImpl(org.mockito.internal.verification.api.InOrderContext,java.util.List<org.mockito.invocation.Invocation>,org.mockito.invocation.MatchableInvocation)	wanted	2	/Users/nima/Developer/NullAwayFixer/Projects/mockito/src/main/java/org/mockito/internal/verification/api/VerificationDataInOrderImpl.java
PASS_NULLABLE	passing @Nullable parameter 'null' where @NonNull is required	org.mockito.internal.MockitoCore	stubber()	9964	/Users/nima/Developer/NullAwayFixer/Projects/mockito/src/main/java/org/mockito/internal/MockitoCore.java	PARAMETER	org.mockito.internal.MockitoCore	stubber(org.mockito.quality.Strictness)	strictness	0	/Users/nima/Developer/NullAwayFixer/Projects/mockito/src/main/java/org/mockito/internal/MockitoCore.java
PASS_NULLABLE	passing @Nullable parameter 'null' where @NonNull is required	org.mockito.internal.util.Checks	<T>checkNotNull(T,java.lang.String)	297	/Users/nima/Developer/NullAwayFixer/Projects/mockito/src/main/java/org/mockito/internal/util/Checks.java	PARAMETER	org.mockito.internal.util.Checks	<T>checkNotNull(T,java.lang.String,java.lang.String)	additionalMessage	2	/Users/nima/Developer/NullAwayFixer/Projects/mockito/src/main/java/org/mockito/internal/util/Checks.java
FIELD_NO_INIT	@NonNull field nextStrategy not initialized	org.mockito.internal.configuration.injection.MockInjectionStrategy	nextStrategy	680	/Users/nima/Developer/NullAwayFixer/Projects/mockito/src/main/java/org/mockito/internal/configuration/injection/MockInjectionStrategy.java	FIELD	org.mockito.internal.configuration.injection.MockInjectionStrategy	null	nextStrategy	null	/Users/nima/Developer/NullAwayFixer/Projects/mockito/src/main/java/org/mockito/internal/configuration/injection/MockInjectionStrategy.java
RETURN_NULLABLE	returning @Nullable expression from method with @NonNull return type	org.mockito.internal.configuration.injection.ConstructorInjection$SimpleArgumentResolver	objectThatIsAssignableFrom(java.lang.Class<?>)	2990	/Users/nima/Developer/NullAwayFixer/Projects/mockito/src/main/java/org/mockito/internal/configuration/injection/ConstructorInjection.java	METHOD	org.mockito.internal.configuration.injection.ConstructorInjection$SimpleArgumentResolver	objectThatIsAssignableFrom(java.lang.Class<?>)	null	null	/Users/nima/Developer/NullAwayFixer/Projects/mockito/src/main/java/org/mockito/internal/configuration/injection/ConstructorInjection.java
RETURN_NULLABLE	returning @Nullable expression from method with @NonNull return type	org.mockito.internal.util.reflection.FieldInitializationReport	fieldClass()	1663	/Users/nima/Developer/NullAwayFixer/Projects/mockito/src/main/java/org/mockito/internal/util/reflection/FieldInitializationReport.java	METHOD	org.mockito.internal.util.reflection.FieldInitializationReport	fieldClass()	null	null	/Users/nima/Developer/NullAwayFixer/Projects/mockito/src/main/java/org/mockito/internal/util/reflection/FieldInitializationReport.java
RETURN_NULLABLE	returning @Nullable expression from method with @NonNull return type	org.mockito.internal.configuration.injection.filter.OngoingInjector$1	thenInject()	744	/Users/nima/Developer/NullAwayFixer/Projects/mockito/src/main/java/org/mockito/internal/configuration/injection/filter/OngoingInjector.java	METHOD	org.mockito.internal.configuration.injection.filter.OngoingInjector$1	thenInject()	null	null	/Users/nima/Developer/NullAwayFixer/Projects/mockito/src/main/java/org/mockito/internal/configuration/injection/filter/OngoingInjector.java
PASS_NULLABLE	passing @Nullable parameter 'e.getMessage()' where @NonNull is required	org.mockito.internal.configuration.injection.PropertyAndSetterInjection	initializeInjectMocksField(java.lang.reflect.Field,java.lang.Object)	4535	/Users/nima/Developer/NullAwayFixer/Projects/mockito/src/main/java/org/mockito/internal/configuration/injection/PropertyAndSetterInjection.java	PARAMETER	org.mockito.internal.exceptions.Reporter	cannotInitializeForInjectMocksAnnotation(java.lang.String,java.lang.String)	causeMessage	1	/Users/nima/Developer/NullAwayFixer/Projects/mockito/src/main/java/org/mockito/internal/exceptions/Reporter.java
RETURN_NULLABLE	returning @Nullable expression from method with @NonNull return type	org.mockito.internal.configuration.injection.scanner.MockScanner	preparedMock(java.lang.Object,java.lang.reflect.Field)	2189	/Users/nima/Developer/NullAwayFixer/Projects/mockito/src/main/java/org/mockito/internal/configuration/injection/scanner/MockScanner.java	METHOD	org.mockito.internal.configuration.injection.scanner.MockScanner	preparedMock(java.lang.Object,java.lang.reflect.Field)	null	null	/Users/nima/Developer/NullAwayFixer/Projects/mockito/src/main/java/org/mockito/internal/configuration/injection/scanner/MockScanner.java
RETURN_NULLABLE	returning @Nullable expression from method with @NonNull return type	org.mockito.internal.configuration.ClassPathLoader	loadConfiguration()	2547	/Users/nima/Developer/NullAwayFixer/Projects/mockito/src/main/java/org/mockito/internal/configuration/ClassPathLoader.java	METHOD	org.mockito.internal.configuration.ClassPathLoader	loadConfiguration()	null	null	/Users/nima/Developer/NullAwayFixer/Projects/mockito/src/main/java/org/mockito/internal/configuration/ClassPathLoader.java
RETURN_NULLABLE	returning @Nullable expression from method with @NonNull return type	org.mockito.internal.configuration.IndependentAnnotationEngine$1	process(A,java.lang.reflect.Field)	2174	/Users/nima/Developer/NullAwayFixer/Projects/mockito/src/main/java/org/mockito/internal/configuration/IndependentAnnotationEngine.java	METHOD	org.mockito.internal.configuration.IndependentAnnotationEngine$1	process(A,java.lang.reflect.Field)	null	null	/Users/nima/Developer/NullAwayFixer/Projects/mockito/src/main/java/org/mockito/internal/configuration/IndependentAnnotationEngine.java
METHOD_NO_INIT	initializer method does not guarantee @NonNull fields ongoingStubbing (line 34), verificationMode (line 35) are initialized along all control-flow paths (remember to check for exceptions or early returns).	org.mockito.internal.progress.MockingProgressImpl	MockingProgressImpl()	1587	/Users/nima/Developer/NullAwayFixer/Projects/mockito/src/main/java/org/mockito/internal/progress/MockingProgressImpl.java	null	null	null	null	null	null
ASSIGN_FIELD_NULLABLE	assigning @Nullable expression to @NonNull field	org.mockito.internal.progress.MockingProgressImpl	stubbingInProgress	1394	/Users/nima/Developer/NullAwayFixer/Projects/mockito/src/main/java/org/mockito/internal/progress/MockingProgressImpl.java	FIELD	org.mockito.internal.progress.MockingProgressImpl	null	stubbingInProgress	null	/Users/nima/Developer/NullAwayFixer/Projects/mockito/src/main/java/org/mockito/internal/progress/MockingProgressImpl.java
ASSIGN_FIELD_NULLABLE	assigning @Nullable expression to @NonNull field	org.mockito.internal.progress.MockingProgressImpl	pullOngoingStubbing()	2194	/Users/nima/Developer/NullAwayFixer/Projects/mockito/src/main/java/org/mockito/internal/progress/MockingProgressImpl.java	FIELD	org.mockito.internal.progress.MockingProgressImpl	null	ongoingStubbing	null	/Users/nima/Developer/NullAwayFixer/Projects/mockito/src/main/java/org/mockito/internal/progress/MockingProgressImpl.java
ASSIGN_FIELD_NULLABLE	assigning @Nullable expression to @NonNull field	org.mockito.internal.progress.MockingProgressImpl	resetOngoingStubbing()	3052	/Users/nima/Developer/NullAwayFixer/Projects/mockito/src/main/java/org/mockito/internal/progress/MockingProgressImpl.java	FIELD	org.mockito.internal.progress.MockingProgressImpl	null	ongoingStubbing	null	/Users/nima/Developer/NullAwayFixer/Projects/mockito/src/main/java/org/mockito/internal/progress/MockingProgressImpl.java
RETURN_NULLABLE	returning @Nullable expression from method with @NonNull return type	org.mockito.internal.progress.MockingProgressImpl	pullVerificationMode()	3188	/Users/nima/Developer/NullAwayFixer/Projects/mockito/src/main/java/org/mockito/internal/progress/MockingProgressImpl.java	METHOD	org.mockito.internal.progress.MockingProgressImpl	pullVerificationMode()	null	null	/Users/nima/Developer/NullAwayFixer/Projects/mockito/src/main/java/org/mockito/internal/progress/MockingProgressImpl.java
ASSIGN_FIELD_NULLABLE	assigning @Nullable expression to @NonNull field	org.mockito.internal.progress.MockingProgressImpl	pullVerificationMode()	3282	/Users/nima/Developer/NullAwayFixer/Projects/mockito/src/main/java/org/mockito/internal/progress/MockingProgressImpl.java	FIELD	org.mockito.internal.progress.MockingProgressImpl	null	verificationMode	null	/Users/nima/Developer/NullAwayFixer/Projects/mockito/src/main/java/org/mockito/internal/progress/MockingProgressImpl.java
ASSIGN_FIELD_NULLABLE	assigning @Nullable expression to @NonNull field	org.mockito.internal.progress.MockingProgressImpl	validateState()	3648	/Users/nima/Developer/NullAwayFixer/Projects/mockito/src/main/java/org/mockito/internal/progress/MockingProgressImpl.java	FIELD	org.mockito.internal.progress.MockingProgressImpl	null	stubbingInProgress	null	/Users/nima/Developer/NullAwayFixer/Projects/mockito/src/main/java/org/mockito/internal/progress/MockingProgressImpl.java
ASSIGN_FIELD_NULLABLE	assigning @Nullable expression to @NonNull field	org.mockito.internal.progress.MockingProgressImpl	validateMostStuff()	4154	/Users/nima/Developer/NullAwayFixer/Projects/mockito/src/main/java/org/mockito/internal/progress/MockingProgressImpl.java	FIELD	org.mockito.internal.progress.MockingProgressImpl	null	verificationMode	null	/Users/nima/Developer/NullAwayFixer/Projects/mockito/src/main/java/org/mockito/internal/progress/MockingProgressImpl.java
ASSIGN_FIELD_NULLABLE	assigning @Nullable expression to @NonNull field	org.mockito.internal.progress.MockingProgressImpl	stubbingCompleted()	4357	/Users/nima/Developer/NullAwayFixer/Projects/mockito/src/main/java/org/mockito/internal/progress/MockingProgressImpl.java	FIELD	org.mockito.internal.progress.MockingProgressImpl	null	stubbingInProgress	null	/Users/nima/Developer/NullAwayFixer/Projects/mockito/src/main/java/org/mockito/internal/progress/MockingProgressImpl.java
ASSIGN_FIELD_NULLABLE	assigning @Nullable expression to @NonNull field	org.mockito.internal.progress.MockingProgressImpl	reset()	4689	/Users/nima/Developer/NullAwayFixer/Projects/mockito/src/main/java/org/mockito/internal/progress/MockingProgressImpl.java	FIELD	org.mockito.internal.progress.MockingProgressImpl	null	stubbingInProgress	null	/Users/nima/Developer/NullAwayFixer/Projects/mockito/src/main/java/org/mockito/internal/progress/MockingProgressImpl.java
ASSIGN_FIELD_NULLABLE	assigning @Nullable expression to @NonNull field	org.mockito.internal.progress.MockingProgressImpl	reset()	4724	/Users/nima/Developer/NullAwayFixer/Projects/mockito/src/main/java/org/mockito/internal/progress/MockingProgressImpl.java	FIELD	org.mockito.internal.progress.MockingProgressImpl	null	verificationMode	null	/Users/nima/Developer/NullAwayFixer/Projects/mockito/src/main/java/org/mockito/internal/progress/MockingProgressImpl.java
PASS_NULLABLE	passing @Nullable parameter 'pw' where @NonNull is required	org.mockito.internal.util.io.IOUtil	writeText(java.lang.String,java.io.File)	849	/Users/nima/Developer/NullAwayFixer/Projects/mockito/src/main/java/org/mockito/internal/util/io/IOUtil.java	PARAMETER	org.mockito.internal.util.io.IOUtil	close(java.io.Closeable)	closeable	0	/Users/nima/Developer/NullAwayFixer/Projects/mockito/src/main/java/org/mockito/internal/util/io/IOUtil.java
FIELD_NO_INIT	@NonNull static field emptyOptional not initialized	org.mockito.internal.util.JavaEightUtil	emptyOptional	574	/Users/nima/Developer/NullAwayFixer/Projects/mockito/src/main/java/org/mockito/internal/util/JavaEightUtil.java	FIELD	org.mockito.internal.util.JavaEightUtil	null	emptyOptional	null	/Users/nima/Developer/NullAwayFixer/Projects/mockito/src/main/java/org/mockito/internal/util/JavaEightUtil.java
FIELD_NO_INIT	@NonNull static field emptyOptionalDouble not initialized	org.mockito.internal.util.JavaEightUtil	emptyOptionalDouble	615	/Users/nima/Developer/NullAwayFixer/Projects/mockito/src/main/java/org/mockito/internal/util/JavaEightUtil.java	FIELD	org.mockito.internal.util.JavaEightUtil	null	emptyOptionalDouble	null	/Users/nima/Developer/NullAwayFixer/Projects/mockito/src/main/java/org/mockito/internal/util/JavaEightUtil.java
FIELD_NO_INIT	@NonNull static field emptyOptionalInt not initialized	org.mockito.internal.util.JavaEightUtil	emptyOptionalInt	662	/Users/nima/Developer/NullAwayFixer/Projects/mockito/src/main/java/org/mockito/internal/util/JavaEightUtil.java	FIELD	org.mockito.internal.util.JavaEightUtil	null	emptyOptionalInt	null	/Users/nima/Developer/NullAwayFixer/Projects/mockito/src/main/java/org/mockito/internal/util/JavaEightUtil.java
FIELD_NO_INIT	@NonNull static field emptyOptionalLong not initialized	org.mockito.internal.util.JavaEightUtil	emptyOptionalLong	706	/Users/nima/Developer/NullAwayFixer/Projects/mockito/src/main/java/org/mockito/internal/util/JavaEightUtil.java	FIELD	org.mockito.internal.util.JavaEightUtil	null	emptyOptionalLong	null	/Users/nima/Developer/NullAwayFixer/Projects/mockito/src/main/java/org/mockito/internal/util/JavaEightUtil.java
FIELD_NO_INIT	@NonNull static field emptyDuration not initialized	org.mockito.internal.util.JavaEightUtil	emptyDuration	751	/Users/nima/Developer/NullAwayFixer/Projects/mockito/src/main/java/org/mockito/internal/util/JavaEightUtil.java	FIELD	org.mockito.internal.util.JavaEightUtil	null	emptyDuration	null	/Users/nima/Developer/NullAwayFixer/Projects/mockito/src/main/java/org/mockito/internal/util/JavaEightUtil.java
FIELD_NO_INIT	@NonNull static field emptyPeriod not initialized	org.mockito.internal.util.JavaEightUtil	emptyPeriod	792	/Users/nima/Developer/NullAwayFixer/Projects/mockito/src/main/java/org/mockito/internal/util/JavaEightUtil.java	FIELD	org.mockito.internal.util.JavaEightUtil	null	emptyPeriod	null	/Users/nima/Developer/NullAwayFixer/Projects/mockito/src/main/java/org/mockito/internal/util/JavaEightUtil.java
ASSIGN_FIELD_NULLABLE	assigning @Nullable expression to @NonNull field	org.mockito.internal.util.concurrent.WeakConcurrentMap	WeakConcurrentMap(boolean)	1690	/Users/nima/Developer/NullAwayFixer/Projects/mockito/src/main/java/org/mockito/internal/util/concurrent/WeakConcurrentMap.java	FIELD	org.mockito.internal.util.concurrent.WeakConcurrentMap	null	thread	null	/Users/nima/Developer/NullAwayFixer/Projects/mockito/src/main/java/org/mockito/internal/util/concurrent/WeakConcurrentMap.java
RETURN_NULLABLE	returning @Nullable expression from method with @NonNull return type	org.mockito.internal.util.concurrent.WeakConcurrentMap	defaultValue(K)	3945	/Users/nima/Developer/NullAwayFixer/Projects/mockito/src/main/java/org/mockito/internal/util/concurrent/WeakConcurrentMap.java	METHOD	org.mockito.internal.util.concurrent.WeakConcurrentMap	defaultValue(K)	null	null	/Users/nima/Developer/NullAwayFixer/Projects/mockito/src/main/java/org/mockito/internal/util/concurrent/WeakConcurrentMap.java
METHOD_NO_INIT	initializer method does not guarantee @NonNull fields nextEntry (line 297), nextKey (line 299) are initialized along all control-flow paths (remember to check for exceptions or early returns).	org.mockito.internal.util.concurrent.WeakConcurrentMap$EntryIterator	EntryIterator(java.util.Iterator<java.util.Map.Entry<org.mockito.internal.util.concurrent.WeakConcurrentMap.WeakKey<K>,V>>)	9929	/Users/nima/Developer/NullAwayFixer/Projects/mockito/src/main/java/org/mockito/internal/util/concurrent/WeakConcurrentMap.java	null	null	null	null	null	null
ASSIGN_FIELD_NULLABLE	assigning @Nullable expression to @NonNull field	org.mockito.internal.util.concurrent.WeakConcurrentMap$EntryIterator	findNext()	10207	/Users/nima/Developer/NullAwayFixer/Projects/mockito/src/main/java/org/mockito/internal/util/concurrent/WeakConcurrentMap.java	FIELD	org.mockito.internal.util.concurrent.WeakConcurrentMap$EntryIterator	null	nextKey	null	/Users/nima/Developer/NullAwayFixer/Projects/mockito/src/main/java/org/mockito/internal/util/concurrent/WeakConcurrentMap.java
ASSIGN_FIELD_NULLABLE	assigning @Nullable expression to @NonNull field	org.mockito.internal.util.concurrent.WeakConcurrentMap$EntryIterator	findNext()	10354	/Users/nima/Developer/NullAwayFixer/Projects/mockito/src/main/java/org/mockito/internal/util/concurrent/WeakConcurrentMap.java	FIELD	org.mockito.internal.util.concurrent.WeakConcurrentMap$EntryIterator	null	nextEntry	null	/Users/nima/Developer/NullAwayFixer/Projects/mockito/src/main/java/org/mockito/internal/util/concurrent/WeakConcurrentMap.java
ASSIGN_FIELD_NULLABLE	assigning @Nullable expression to @NonNull field	org.mockito.internal.util.concurrent.WeakConcurrentMap$EntryIterator	findNext()	10384	/Users/nima/Developer/NullAwayFixer/Projects/mockito/src/main/java/org/mockito/internal/util/concurrent/WeakConcurrentMap.java	FIELD	org.mockito.internal.util.concurrent.WeakConcurrentMap$EntryIterator	null	nextKey	null	/Users/nima/Developer/NullAwayFixer/Projects/mockito/src/main/java/org/mockito/internal/util/concurrent/WeakConcurrentMap.java
RETURN_NULLABLE	returning @Nullable expression from method with @NonNull return type	org.mockito.internal.util.concurrent.DetachedThreadLocal	initialValue(java.lang.Thread)	3161	/Users/nima/Developer/NullAwayFixer/Projects/mockito/src/main/java/org/mockito/internal/util/concurrent/DetachedThreadLocal.java	METHOD	org.mockito.internal.util.concurrent.DetachedThreadLocal	initialValue(java.lang.Thread)	null	null	/Users/nima/Developer/NullAwayFixer/Projects/mockito/src/main/java/org/mockito/internal/util/concurrent/DetachedThreadLocal.java
PASS_NULLABLE	passing @Nullable parameter 'contextualActualTypeParameters.get(type)' where @NonNull is required	org.mockito.internal.util.reflection.GenericMetadataSupport	extractRawTypeOf(java.lang.reflect.Type)	4430	/Users/nima/Developer/NullAwayFixer/Projects/mockito/src/main/java/org/mockito/internal/util/reflection/GenericMetadataSupport.java	PARAMETER	org.mockito.internal.util.reflection.GenericMetadataSupport	extractRawTypeOf(java.lang.reflect.Type)	type	0	/Users/nima/Developer/NullAwayFixer/Projects/mockito/src/main/java/org/mockito/internal/util/reflection/GenericMetadataSupport.java
RETURN_NULLABLE	returning @Nullable expression from method with @NonNull return type	org.mockito.internal.util.reflection.GenericMetadataSupport	getActualTypeArgumentFor(java.lang.reflect.TypeVariable<?>)	11219	/Users/nima/Developer/NullAwayFixer/Projects/mockito/src/main/java/org/mockito/internal/util/reflection/GenericMetadataSupport.java	METHOD	org.mockito.internal.util.reflection.GenericMetadataSupport	getActualTypeArgumentFor(java.lang.reflect.TypeVariable<?>)	null	null	/Users/nima/Developer/NullAwayFixer/Projects/mockito/src/main/java/org/mockito/internal/util/reflection/GenericMetadataSupport.java
METHOD_NO_INIT	initializer method does not guarantee @NonNull fields rawType (line 448), extraInterfaces (line 449) are initialized along all control-flow paths (remember to check for exceptions or early returns).	org.mockito.internal.util.reflection.GenericMetadataSupport$TypeVariableReturnType	TypeVariableReturnType(org.mockito.internal.util.reflection.GenericMetadataSupport,java.lang.reflect.TypeVariable<?>[],java.lang.reflect.TypeVariable<?>)	18326	/Users/nima/Developer/NullAwayFixer/Projects/mockito/src/main/java/org/mockito/internal/util/reflection/GenericMetadataSupport.java	null	null	null	null	null	null
PASS_NULLABLE	passing @Nullable parameter 'contextualActualTypeParameters.get(type)' where @NonNull is required	org.mockito.internal.util.reflection.GenericMetadataSupport$TypeVariableReturnType	extractActualBoundedTypeOf(java.lang.reflect.Type)	21429	/Users/nima/Developer/NullAwayFixer/Projects/mockito/src/main/java/org/mockito/internal/util/reflection/GenericMetadataSupport.java	PARAMETER	org.mockito.internal.util.reflection.GenericMetadataSupport$TypeVariableReturnType	extractActualBoundedTypeOf(java.lang.reflect.Type)	type	0	/Users/nima/Developer/NullAwayFixer/Projects/mockito/src/main/java/org/mockito/internal/util/reflection/GenericMetadataSupport.java
FIELD_NO_INIT	@NonNull static field INSTRUMENTATION not initialized	org.mockito.internal.util.reflection.InstrumentationMemberAccessor	INSTRUMENTATION	931	/Users/nima/Developer/NullAwayFixer/Projects/mockito/src/main/java/org/mockito/internal/util/reflection/InstrumentationMemberAccessor.java	FIELD	org.mockito.internal.util.reflection.InstrumentationMemberAccessor	null	INSTRUMENTATION	null	/Users/nima/Developer/NullAwayFixer/Projects/mockito/src/main/java/org/mockito/internal/util/reflection/InstrumentationMemberAccessor.java
FIELD_NO_INIT	@NonNull static field DISPATCHER not initialized	org.mockito.internal.util.reflection.InstrumentationMemberAccessor	DISPATCHER	989	/Users/nima/Developer/NullAwayFixer/Projects/mockito/src/main/java/org/mockito/internal/util/reflection/InstrumentationMemberAccessor.java	FIELD	org.mockito.internal.util.reflection.InstrumentationMemberAccessor	null	DISPATCHER	null	/Users/nima/Developer/NullAwayFixer/Projects/mockito/src/main/java/org/mockito/internal/util/reflection/InstrumentationMemberAccessor.java
FIELD_NO_INIT	@NonNull static field INITIALIZATION_ERROR not initialized	org.mockito.internal.util.reflection.InstrumentationMemberAccessor	INITIALIZATION_ERROR	1038	/Users/nima/Developer/NullAwayFixer/Projects/mockito/src/main/java/org/mockito/internal/util/reflection/InstrumentationMemberAccessor.java	FIELD	org.mockito.internal.util.reflection.InstrumentationMemberAccessor	null	INITIALIZATION_ERROR	null	/Users/nima/Developer/NullAwayFixer/Projects/mockito/src/main/java/org/mockito/internal/util/reflection/InstrumentationMemberAccessor.java
ASSIGN_FIELD_NULLABLE	assigning @Nullable expression to @NonNull field	org.mockito.internal.util.reflection.InstrumentationMemberAccessor	null	3795	/Users/nima/Developer/NullAwayFixer/Projects/mockito/src/main/java/org/mockito/internal/util/reflection/InstrumentationMemberAccessor.java	FIELD	org.mockito.internal.util.reflection.InstrumentationMemberAccessor	null	INSTRUMENTATION	null	/Users/nima/Developer/NullAwayFixer/Projects/mockito/src/main/java/org/mockito/internal/util/reflection/InstrumentationMemberAccessor.java
ASSIGN_FIELD_NULLABLE	assigning @Nullable expression to @NonNull field	org.mockito.internal.util.reflection.InstrumentationMemberAccessor	null	3838	/Users/nima/Developer/NullAwayFixer/Projects/mockito/src/main/java/org/mockito/internal/util/reflection/InstrumentationMemberAccessor.java	FIELD	org.mockito.internal.util.reflection.InstrumentationMemberAccessor	null	DISPATCHER	null	/Users/nima/Developer/NullAwayFixer/Projects/mockito/src/main/java/org/mockito/internal/util/reflection/InstrumentationMemberAccessor.java
ASSIGN_FIELD_NULLABLE	assigning @Nullable expression to @NonNull field	org.mockito.internal.util.reflection.InstrumentationMemberAccessor	null	3871	/Users/nima/Developer/NullAwayFixer/Projects/mockito/src/main/java/org/mockito/internal/util/reflection/InstrumentationMemberAccessor.java	FIELD	org.mockito.internal.util.reflection.InstrumentationMemberAccessor	null	INITIALIZATION_ERROR	null	/Users/nima/Developer/NullAwayFixer/Projects/mockito/src/main/java/org/mockito/internal/util/reflection/InstrumentationMemberAccessor.java
PASS_NULLABLE	passing @Nullable parameter 'null' where @NonNull is required	org.mockito.internal.util.reflection.InstrumentationMemberAccessor	newInstance(java.lang.reflect.Constructor<?>,java.lang.Object...)	6782	/Users/nima/Developer/NullAwayFixer/Projects/mockito/src/main/java/org/mockito/internal/util/reflection/InstrumentationMemberAccessor.java	PARAMETER	org.mockito.internal.util.reflection.InstrumentationMemberAccessor	assureArguments(java.lang.reflect.AccessibleObject,java.lang.Object,java.lang.Class<?>,java.lang.Object[],java.lang.Class<?>[])	owner	1	/Users/nima/Developer/NullAwayFixer/Projects/mockito/src/main/java/org/mockito/internal/util/reflection/InstrumentationMemberAccessor.java
PASS_NULLABLE	passing @Nullable parameter 'null' where @NonNull is required	org.mockito.internal.util.reflection.InstrumentationMemberAccessor	newInstance(java.lang.reflect.Constructor<?>,java.lang.Object...)	6782	/Users/nima/Developer/NullAwayFixer/Projects/mockito/src/main/java/org/mockito/internal/util/reflection/InstrumentationMemberAccessor.java	PARAMETER	org.mockito.internal.util.reflection.InstrumentationMemberAccessor	assureArguments(java.lang.reflect.AccessibleObject,java.lang.Object,java.lang.Class<?>,java.lang.Object[],java.lang.Class<?>[])	type	2	/Users/nima/Developer/NullAwayFixer/Projects/mockito/src/main/java/org/mockito/internal/util/reflection/InstrumentationMemberAccessor.java
PASS_NULLABLE	passing @Nullable parameter 'Modifier.isStatic(method.getModifiers()) ? null : target' where @NonNull is required	org.mockito.internal.util.reflection.InstrumentationMemberAccessor	invoke(java.lang.reflect.Method,java.lang.Object,java.lang.Object...)	8180	/Users/nima/Developer/NullAwayFixer/Projects/mockito/src/main/java/org/mockito/internal/util/reflection/InstrumentationMemberAccessor.java	PARAMETER	org.mockito.internal.util.reflection.InstrumentationMemberAccessor	assureArguments(java.lang.reflect.AccessibleObject,java.lang.Object,java.lang.Class<?>,java.lang.Object[],java.lang.Class<?>[])	owner	1	/Users/nima/Developer/NullAwayFixer/Projects/mockito/src/main/java/org/mockito/internal/util/reflection/InstrumentationMemberAccessor.java
PASS_NULLABLE	passing @Nullable parameter 'Modifier.isStatic(field.getModifiers()) ? null : target' where @NonNull is required	org.mockito.internal.util.reflection.InstrumentationMemberAccessor	get(java.lang.reflect.Field,java.lang.Object)	9766	/Users/nima/Developer/NullAwayFixer/Projects/mockito/src/main/java/org/mockito/internal/util/reflection/InstrumentationMemberAccessor.java	PARAMETER	org.mockito.internal.util.reflection.InstrumentationMemberAccessor	assureArguments(java.lang.reflect.AccessibleObject,java.lang.Object,java.lang.Class<?>,java.lang.Object[],java.lang.Class<?>[])	owner	1	/Users/nima/Developer/NullAwayFixer/Projects/mockito/src/main/java/org/mockito/internal/util/reflection/InstrumentationMemberAccessor.java
PASS_NULLABLE	passing @Nullable parameter 'Modifier.isStatic(field.getModifiers()) ? null : target' where @NonNull is required	org.mockito.internal.util.reflection.InstrumentationMemberAccessor	set(java.lang.reflect.Field,java.lang.Object,java.lang.Object)	10945	/Users/nima/Developer/NullAwayFixer/Projects/mockito/src/main/java/org/mockito/internal/util/reflection/InstrumentationMemberAccessor.java	PARAMETER	org.mockito.internal.util.reflection.InstrumentationMemberAccessor	assureArguments(java.lang.reflect.AccessibleObject,java.lang.Object,java.lang.Class<?>,java.lang.Object[],java.lang.Class<?>[])	owner	1	/Users/nima/Developer/NullAwayFixer/Projects/mockito/src/main/java/org/mockito/internal/util/reflection/InstrumentationMemberAccessor.java
METHOD_NO_INIT	initializer method does not guarantee @NonNull field fieldReader (line 23) is initialized along all control-flow paths (remember to check for exceptions or early returns).	org.mockito.internal.util.reflection.InstanceField	InstanceField(java.lang.reflect.Field,java.lang.Object)	1000	/Users/nima/Developer/NullAwayFixer/Projects/mockito/src/main/java/org/mockito/internal/util/reflection/InstanceField.java	null	null	null	null	null	null
RETURN_NULLABLE	returning @Nullable expression from method with @NonNull return type	org.mockito.internal.framework.DefaultMockitoFramework	getInlineMockMaker()	1472	/Users/nima/Developer/NullAwayFixer/Projects/mockito/src/main/java/org/mockito/internal/framework/DefaultMockitoFramework.java	METHOD	org.mockito.internal.framework.DefaultMockitoFramework	getInlineMockMaker()	null	null	/Users/nima/Developer/NullAwayFixer/Projects/mockito/src/main/java/org/mockito/internal/framework/DefaultMockitoFramework.java
PASS_NULLABLE	passing @Nullable parameter 'null' where @NonNull is required	org.mockito.internal.framework.DefaultMockitoSession	finishMocking()	2057	/Users/nima/Developer/NullAwayFixer/Projects/mockito/src/main/java/org/mockito/internal/framework/DefaultMockitoSession.java	PARAMETER	org.mockito.internal.framework.DefaultMockitoSession	finishMocking(java.lang.Throwable)	failure	0	/Users/nima/Developer/NullAwayFixer/Projects/mockito/src/main/java/org/mockito/internal/framework/DefaultMockitoSession.java
RETURN_NULLABLE	returning @Nullable expression from method with @NonNull return type	org.mockito.internal.junit.util.JUnitFailureHacker	getField(java.lang.Class<?>,java.lang.String)	3284	/Users/nima/Developer/NullAwayFixer/Projects/mockito/src/main/java/org/mockito/internal/junit/util/JUnitFailureHacker.java	METHOD	org.mockito.internal.junit.util.JUnitFailureHacker	getField(java.lang.Class<?>,java.lang.String)	null	null	/Users/nima/Developer/NullAwayFixer/Projects/mockito/src/main/java/org/mockito/internal/junit/util/JUnitFailureHacker.java
METHOD_NO_INIT	initializer method does not guarantee @NonNull field session (line 18) is initialized along all control-flow paths (remember to check for exceptions or early returns).	org.mockito.internal.junit.JUnitSessionStore	JUnitSessionStore(org.mockito.plugins.MockitoLogger,org.mockito.quality.Strictness)	593	/Users/nima/Developer/NullAwayFixer/Projects/mockito/src/main/java/org/mockito/internal/junit/JUnitSessionStore.java	null	null	null	null	null	null
RETURN_NULLABLE	returning @Nullable expression from method with @NonNull return type	org.mockito.internal.junit.JUnitSessionStore$1	evaluateSafely(org.junit.runners.model.Statement)	2010	/Users/nima/Developer/NullAwayFixer/Projects/mockito/src/main/java/org/mockito/internal/junit/JUnitSessionStore.java	METHOD	org.mockito.internal.junit.JUnitSessionStore$1	evaluateSafely(org.junit.runners.model.Statement)	null	null	/Users/nima/Developer/NullAwayFixer/Projects/mockito/src/main/java/org/mockito/internal/junit/JUnitSessionStore.java
PASS_NULLABLE	passing @Nullable parameter 'error.getMessage()' where @NonNull is required	org.mockito.internal.junit.VerificationCollectorImpl$VerificationWrapper	verify(org.mockito.internal.verification.api.VerificationData)	3460	/Users/nima/Developer/NullAwayFixer/Projects/mockito/src/main/java/org/mockito/internal/junit/VerificationCollectorImpl.java	PARAMETER	org.mockito.internal.junit.VerificationCollectorImpl	append(java.lang.String)	message	0	/Users/nima/Developer/NullAwayFixer/Projects/mockito/src/main/java/org/mockito/internal/junit/VerificationCollectorImpl.java
FIELD_NO_INIT	@NonNull static field JAVA_LANG_ACCESS not initialized	org.mockito.internal.exceptions.stacktrace.StackTraceFilter	JAVA_LANG_ACCESS	713	/Users/nima/Developer/NullAwayFixer/Projects/mockito/src/main/java/org/mockito/internal/exceptions/stacktrace/StackTraceFilter.java	FIELD	org.mockito.internal.exceptions.stacktrace.StackTraceFilter	null	JAVA_LANG_ACCESS	null	/Users/nima/Developer/NullAwayFixer/Projects/mockito/src/main/java/org/mockito/internal/exceptions/stacktrace/StackTraceFilter.java
FIELD_NO_INIT	@NonNull static field GET_STACK_TRACE_ELEMENT not initialized	org.mockito.internal.exceptions.stacktrace.StackTraceFilter	GET_STACK_TRACE_ELEMENT	757	/Users/nima/Developer/NullAwayFixer/Projects/mockito/src/main/java/org/mockito/internal/exceptions/stacktrace/StackTraceFilter.java	FIELD	org.mockito.internal.exceptions.stacktrace.StackTraceFilter	null	GET_STACK_TRACE_ELEMENT	null	/Users/nima/Developer/NullAwayFixer/Projects/mockito/src/main/java/org/mockito/internal/exceptions/stacktrace/StackTraceFilter.java
RETURN_NULLABLE	returning @Nullable expression from method with @NonNull return type	org.mockito.internal.exceptions.stacktrace.StackTraceFilter	filterFirst(java.lang.Throwable,boolean)	4986	/Users/nima/Developer/NullAwayFixer/Projects/mockito/src/main/java/org/mockito/internal/exceptions/stacktrace/StackTraceFilter.java	METHOD	org.mockito.internal.exceptions.stacktrace.StackTraceFilter	filterFirst(java.lang.Throwable,boolean)	null	null	/Users/nima/Developer/NullAwayFixer/Projects/mockito/src/main/java/org/mockito/internal/exceptions/stacktrace/StackTraceFilter.java
PASS_NULLABLE	passing @Nullable parameter 'null' where @NonNull is required	org.mockito.internal.verification.MockAwareVerificationMode	verify(org.mockito.internal.verification.api.VerificationData)	942	/Users/nima/Developer/NullAwayFixer/Projects/mockito/src/main/java/org/mockito/internal/verification/MockAwareVerificationMode.java	PARAMETER	org.mockito.internal.verification.VerificationEventImpl	VerificationEventImpl(java.lang.Object,org.mockito.verification.VerificationMode,org.mockito.internal.verification.api.VerificationData,java.lang.Throwable)	cause	3	/Users/nima/Developer/NullAwayFixer/Projects/mockito/src/main/java/org/mockito/internal/verification/VerificationEventImpl.java
FIELD_NO_INIT	@NonNull field invocation not initialized	org.mockito.internal.verification.SingleRegisteredInvocation	invocation	384	/Users/nima/Developer/NullAwayFixer/Projects/mockito/src/main/java/org/mockito/internal/verification/SingleRegisteredInvocation.java	FIELD	org.mockito.internal.verification.SingleRegisteredInvocation	null	invocation	null	/Users/nima/Developer/NullAwayFixer/Projects/mockito/src/main/java/org/mockito/internal/verification/SingleRegisteredInvocation.java
ASSIGN_FIELD_NULLABLE	assigning @Nullable expression to @NonNull field	org.mockito.internal.verification.SingleRegisteredInvocation	removeLast()	545	/Users/nima/Developer/NullAwayFixer/Projects/mockito/src/main/java/org/mockito/internal/verification/SingleRegisteredInvocation.java	FIELD	org.mockito.internal.verification.SingleRegisteredInvocation	null	invocation	null	/Users/nima/Developer/NullAwayFixer/Projects/mockito/src/main/java/org/mockito/internal/verification/SingleRegisteredInvocation.java
ASSIGN_FIELD_NULLABLE	assigning @Nullable expression to @NonNull field	org.mockito.internal.verification.SingleRegisteredInvocation	clear()	691	/Users/nima/Developer/NullAwayFixer/Projects/mockito/src/main/java/org/mockito/internal/verification/SingleRegisteredInvocation.java	FIELD	org.mockito.internal.verification.SingleRegisteredInvocation	null	invocation	null	/Users/nima/Developer/NullAwayFixer/Projects/mockito/src/main/java/org/mockito/internal/verification/SingleRegisteredInvocation.java
FIELD_NO_INIT	@NonNull field outerClassInstance not initialized	org.mockito.internal.creation.MockSettingsImpl	outerClassInstance	1893	/Users/nima/Developer/NullAwayFixer/Projects/mockito/src/main/java/org/mockito/internal/creation/MockSettingsImpl.java	FIELD	org.mockito.internal.creation.MockSettingsImpl	null	outerClassInstance	null	/Users/nima/Developer/NullAwayFixer/Projects/mockito/src/main/java/org/mockito/internal/creation/MockSettingsImpl.java
FIELD_NO_INIT	@NonNull field constructorArgs not initialized	org.mockito.internal.creation.MockSettingsImpl	constructorArgs	1932	/Users/nima/Developer/NullAwayFixer/Projects/mockito/src/main/java/org/mockito/internal/creation/MockSettingsImpl.java	FIELD	org.mockito.internal.creation.MockSettingsImpl	null	constructorArgs	null	/Users/nima/Developer/NullAwayFixer/Projects/mockito/src/main/java/org/mockito/internal/creation/MockSettingsImpl.java
METHOD_NO_INIT	initializer method does not guarantee @NonNull field lastException (line 78) is initialized along all control-flow paths (remember to check for exceptions or early returns).	org.mockito.internal.creation.bytebuddy.InlineBytecodeGenerator	InlineBytecodeGenerator(java.lang.instrument.Instrumentation,org.mockito.internal.util.concurrent.WeakConcurrentMap<java.lang.Object,org.mockito.internal.creation.bytebuddy.MockMethodInterceptor>,org.mockito.internal.util.concurrent.DetachedThreadLocal<java.util.Map<java.lang.Class<?>,org.mockito.internal.creation.bytebuddy.MockMethodInterceptor>>,java.util.function.Predicate<java.lang.Class<?>>,org.mockito.internal.creation.bytebuddy.ConstructionCallback)	3263	/Users/nima/Developer/NullAwayFixer/Projects/mockito/src/main/java/org/mockito/internal/creation/bytebuddy/InlineBytecodeGenerator.java	null	null	null	null	null	null
ASSIGN_FIELD_NULLABLE	assigning @Nullable expression to @NonNull field	org.mockito.internal.creation.bytebuddy.InlineBytecodeGenerator	InlineBytecodeGenerator(java.lang.instrument.Instrumentation,org.mockito.internal.util.concurrent.WeakConcurrentMap<java.lang.Object,org.mockito.internal.creation.bytebuddy.MockMethodInterceptor>,org.mockito.internal.util.concurrent.DetachedThreadLocal<java.util.Map<java.lang.Class<?>,org.mockito.internal.creation.bytebuddy.MockMethodInterceptor>>,java.util.function.Predicate<java.lang.Class<?>>,org.mockito.internal.creation.bytebuddy.ConstructionCallback)	7629	/Users/nima/Developer/NullAwayFixer/Projects/mockito/src/main/java/org/mockito/internal/creation/bytebuddy/InlineBytecodeGenerator.java	FIELD	org.mockito.internal.creation.bytebuddy.InlineBytecodeGenerator	null	getModule	null	/Users/nima/Developer/NullAwayFixer/Projects/mockito/src/main/java/org/mockito/internal/creation/bytebuddy/InlineBytecodeGenerator.java
ASSIGN_FIELD_NULLABLE	assigning @Nullable expression to @NonNull field	org.mockito.internal.creation.bytebuddy.InlineBytecodeGenerator	InlineBytecodeGenerator(java.lang.instrument.Instrumentation,org.mockito.internal.util.concurrent.WeakConcurrentMap<java.lang.Object,org.mockito.internal.creation.bytebuddy.MockMethodInterceptor>,org.mockito.internal.util.concurrent.DetachedThreadLocal<java.util.Map<java.lang.Class<?>,org.mockito.internal.creation.bytebuddy.MockMethodInterceptor>>,java.util.function.Predicate<java.lang.Class<?>>,org.mockito.internal.creation.bytebuddy.ConstructionCallback)	7665	/Users/nima/Developer/NullAwayFixer/Projects/mockito/src/main/java/org/mockito/internal/creation/bytebuddy/InlineBytecodeGenerator.java	FIELD	org.mockito.internal.creation.bytebuddy.InlineBytecodeGenerator	null	canRead	null	/Users/nima/Developer/NullAwayFixer/Projects/mockito/src/main/java/org/mockito/internal/creation/bytebuddy/InlineBytecodeGenerator.java
ASSIGN_FIELD_NULLABLE	assigning @Nullable expression to @NonNull field	org.mockito.internal.creation.bytebuddy.InlineBytecodeGenerator	InlineBytecodeGenerator(java.lang.instrument.Instrumentation,org.mockito.internal.util.concurrent.WeakConcurrentMap<java.lang.Object,org.mockito.internal.creation.bytebuddy.MockMethodInterceptor>,org.mockito.internal.util.concurrent.DetachedThreadLocal<java.util.Map<java.lang.Class<?>,org.mockito.internal.creation.bytebuddy.MockMethodInterceptor>>,java.util.function.Predicate<java.lang.Class<?>>,org.mockito.internal.creation.bytebuddy.ConstructionCallback)	7697	/Users/nima/Developer/NullAwayFixer/Projects/mockito/src/main/java/org/mockito/internal/creation/bytebuddy/InlineBytecodeGenerator.java	FIELD	org.mockito.internal.creation.bytebuddy.InlineBytecodeGenerator	null	redefineModule	null	/Users/nima/Developer/NullAwayFixer/Projects/mockito/src/main/java/org/mockito/internal/creation/bytebuddy/InlineBytecodeGenerator.java
ASSIGN_FIELD_NULLABLE	assigning @Nullable expression to @NonNull field	org.mockito.internal.creation.bytebuddy.InlineBytecodeGenerator	<T>triggerRetransformation(java.util.Set<java.lang.Class<?>>,boolean)	13175	/Users/nima/Developer/NullAwayFixer/Projects/mockito/src/main/java/org/mockito/internal/creation/bytebuddy/InlineBytecodeGenerator.java	FIELD	org.mockito.internal.creation.bytebuddy.InlineBytecodeGenerator	null	lastException	null	/Users/nima/Developer/NullAwayFixer/Projects/mockito/src/main/java/org/mockito/internal/creation/bytebuddy/InlineBytecodeGenerator.java
RETURN_NULLABLE	returning @Nullable expression from method with @NonNull return type	org.mockito.internal.creation.bytebuddy.InlineBytecodeGenerator	transform(java.lang.ClassLoader,java.lang.String,java.lang.Class<?>,java.security.ProtectionDomain,byte[])	16502	/Users/nima/Developer/NullAwayFixer/Projects/mockito/src/main/java/org/mockito/internal/creation/bytebuddy/InlineBytecodeGenerator.java	METHOD	org.mockito.internal.creation.bytebuddy.InlineBytecodeGenerator	transform(java.lang.ClassLoader,java.lang.String,java.lang.Class<?>,java.security.ProtectionDomain,byte[])	null	null	/Users/nima/Developer/NullAwayFixer/Projects/mockito/src/main/java/org/mockito/internal/creation/bytebuddy/InlineBytecodeGenerator.java
RETURN_NULLABLE	returning @Nullable expression from method with @NonNull return type	org.mockito.internal.creation.bytebuddy.InlineBytecodeGenerator	transform(java.lang.ClassLoader,java.lang.String,java.lang.Class<?>,java.security.ProtectionDomain,byte[])	17543	/Users/nima/Developer/NullAwayFixer/Projects/mockito/src/main/java/org/mockito/internal/creation/bytebuddy/InlineBytecodeGenerator.java	METHOD	org.mockito.internal.creation.bytebuddy.InlineBytecodeGenerator	transform(java.lang.ClassLoader,java.lang.String,java.lang.Class<?>,java.security.ProtectionDomain,byte[])	null	null	/Users/nima/Developer/NullAwayFixer/Projects/mockito/src/main/java/org/mockito/internal/creation/bytebuddy/InlineBytecodeGenerator.java
RETURN_NULLABLE	returning @Nullable expression from method with @NonNull return type	org.mockito.internal.creation.bytebuddy.inject.MockMethodDispatcher	get(java.lang.String,java.lang.Object)	728	/Users/nima/Developer/NullAwayFixer/Projects/mockito/src/main/java/org/mockito/internal/creation/bytebuddy/inject/MockMethodDispatcher.java	METHOD	org.mockito.internal.creation.bytebuddy.inject.MockMethodDispatcher	get(java.lang.String,java.lang.Object)	null	null	/Users/nima/Developer/NullAwayFixer/Projects/mockito/src/main/java/org/mockito/internal/creation/bytebuddy/inject/MockMethodDispatcher.java
RETURN_NULLABLE	returning @Nullable expression from method with @NonNull return type	org.mockito.internal.creation.bytebuddy.inject.MockMethodDispatcher	get(java.lang.String,java.lang.Object)	770	/Users/nima/Developer/NullAwayFixer/Projects/mockito/src/main/java/org/mockito/internal/creation/bytebuddy/inject/MockMethodDispatcher.java	METHOD	org.mockito.internal.creation.bytebuddy.inject.MockMethodDispatcher	get(java.lang.String,java.lang.Object)	null	null	/Users/nima/Developer/NullAwayFixer/Projects/mockito/src/main/java/org/mockito/internal/creation/bytebuddy/inject/MockMethodDispatcher.java
RETURN_NULLABLE	returning @Nullable expression from method with @NonNull return type	org.mockito.internal.creation.bytebuddy.inject.MockMethodDispatcher	getStatic(java.lang.String,java.lang.Class<?>)	1075	/Users/nima/Developer/NullAwayFixer/Projects/mockito/src/main/java/org/mockito/internal/creation/bytebuddy/inject/MockMethodDispatcher.java	METHOD	org.mockito.internal.creation.bytebuddy.inject.MockMethodDispatcher	getStatic(java.lang.String,java.lang.Class<?>)	null	null	/Users/nima/Developer/NullAwayFixer/Projects/mockito/src/main/java/org/mockito/internal/creation/bytebuddy/inject/MockMethodDispatcher.java
RETURN_NULLABLE	returning @Nullable expression from method with @NonNull return type	org.mockito.internal.creation.bytebuddy.inject.MockMethodDispatcher	getStatic(java.lang.String,java.lang.Class<?>)	1117	/Users/nima/Developer/NullAwayFixer/Projects/mockito/src/main/java/org/mockito/internal/creation/bytebuddy/inject/MockMethodDispatcher.java	METHOD	org.mockito.internal.creation.bytebuddy.inject.MockMethodDispatcher	getStatic(java.lang.String,java.lang.Class<?>)	null	null	/Users/nima/Developer/NullAwayFixer/Projects/mockito/src/main/java/org/mockito/internal/creation/bytebuddy/inject/MockMethodDispatcher.java
DEREFERENCE_NULLABLE	dereferenced expression DISPATCHERS.get(identifier) is @Nullable	org.mockito.internal.creation.bytebuddy.inject.MockMethodDispatcher	isConstructorMock(java.lang.String,java.lang.Class<?>)	1442	/Users/nima/Developer/NullAwayFixer/Projects/mockito/src/main/java/org/mockito/internal/creation/bytebuddy/inject/MockMethodDispatcher.java	null	null	null	null	null	null
DEREFERENCE_NULLABLE	dereferenced expression DISPATCHERS\n                .get(identifier) is @Nullable	org.mockito.internal.creation.bytebuddy.inject.MockMethodDispatcher	handleConstruction(java.lang.String,java.lang.Class<?>,java.lang.Object,java.lang.Object[],java.lang.String[])	1754	/Users/nima/Developer/NullAwayFixer/Projects/mockito/src/main/java/org/mockito/internal/creation/bytebuddy/inject/MockMethodDispatcher.java	null	null	null	null	null	null
FIELD_NO_INIT	@NonNull static field INSTRUMENTATION not initialized	org.mockito.internal.creation.bytebuddy.InlineByteBuddyMockMaker	INSTRUMENTATION	5111	/Users/nima/Developer/NullAwayFixer/Projects/mockito/src/main/java/org/mockito/internal/creation/bytebuddy/InlineByteBuddyMockMaker.java	FIELD	org.mockito.internal.creation.bytebuddy.InlineByteBuddyMockMaker	null	INSTRUMENTATION	null	/Users/nima/Developer/NullAwayFixer/Projects/mockito/src/main/java/org/mockito/internal/creation/bytebuddy/InlineByteBuddyMockMaker.java
FIELD_NO_INIT	@NonNull static field INITIALIZATION_ERROR not initialized	org.mockito.internal.creation.bytebuddy.InlineByteBuddyMockMaker	INITIALIZATION_ERROR	5170	/Users/nima/Developer/NullAwayFixer/Projects/mockito/src/main/java/org/mockito/internal/creation/bytebuddy/InlineByteBuddyMockMaker.java	FIELD	org.mockito.internal.creation.bytebuddy.InlineByteBuddyMockMaker	null	INITIALIZATION_ERROR	null	/Users/nima/Developer/NullAwayFixer/Projects/mockito/src/main/java/org/mockito/internal/creation/bytebuddy/InlineByteBuddyMockMaker.java
ASSIGN_FIELD_NULLABLE	assigning @Nullable expression to @NonNull field	org.mockito.internal.creation.bytebuddy.InlineByteBuddyMockMaker	null	9306	/Users/nima/Developer/NullAwayFixer/Projects/mockito/src/main/java/org/mockito/internal/creation/bytebuddy/InlineByteBuddyMockMaker.java	FIELD	org.mockito.internal.creation.bytebuddy.InlineByteBuddyMockMaker	null	INSTRUMENTATION	null	/Users/nima/Developer/NullAwayFixer/Projects/mockito/src/main/java/org/mockito/internal/creation/bytebuddy/InlineByteBuddyMockMaker.java
ASSIGN_FIELD_NULLABLE	assigning @Nullable expression to @NonNull field	org.mockito.internal.creation.bytebuddy.InlineByteBuddyMockMaker	null	9349	/Users/nima/Developer/NullAwayFixer/Projects/mockito/src/main/java/org/mockito/internal/creation/bytebuddy/InlineByteBuddyMockMaker.java	FIELD	org.mockito.internal.creation.bytebuddy.InlineByteBuddyMockMaker	null	INITIALIZATION_ERROR	null	/Users/nima/Developer/NullAwayFixer/Projects/mockito/src/main/java/org/mockito/internal/creation/bytebuddy/InlineByteBuddyMockMaker.java
RETURN_NULLABLE	returning @Nullable expression from method with @NonNull return type	org.mockito.internal.creation.bytebuddy.InlineByteBuddyMockMaker	InlineByteBuddyMockMaker()	12931	/Users/nima/Developer/NullAwayFixer/Projects/mockito/src/main/java/org/mockito/internal/creation/bytebuddy/InlineByteBuddyMockMaker.java	METHOD	org.mockito.internal.creation.bytebuddy.ConstructionCallback	apply(java.lang.Class<?>,java.lang.Object,java.lang.Object[],java.lang.String[])	null	null	/Users/nima/Developer/NullAwayFixer/Projects/mockito/src/main/java/org/mockito/internal/creation/bytebuddy/ConstructionCallback.java
RETURN_NULLABLE	returning @Nullable expression from method with @NonNull return type	org.mockito.internal.creation.bytebuddy.InlineByteBuddyMockMaker	InlineByteBuddyMockMaker()	13953	/Users/nima/Developer/NullAwayFixer/Projects/mockito/src/main/java/org/mockito/internal/creation/bytebuddy/InlineByteBuddyMockMaker.java	METHOD	org.mockito.internal.creation.bytebuddy.ConstructionCallback	apply(java.lang.Class<?>,java.lang.Object,java.lang.Object[],java.lang.String[])	null	null	/Users/nima/Developer/NullAwayFixer/Projects/mockito/src/main/java/org/mockito/internal/creation/bytebuddy/ConstructionCallback.java
RETURN_NULLABLE	returning @Nullable expression from method with @NonNull return type	org.mockito.internal.creation.bytebuddy.InlineByteBuddyMockMaker	<T>doCreateMock(org.mockito.mock.MockCreationSettings<T>,org.mockito.invocation.MockHandler,boolean)	15559	/Users/nima/Developer/NullAwayFixer/Projects/mockito/src/main/java/org/mockito/internal/creation/bytebuddy/InlineByteBuddyMockMaker.java	METHOD	org.mockito.internal.creation.bytebuddy.InlineByteBuddyMockMaker	<T>doCreateMock(org.mockito.mock.MockCreationSettings<T>,org.mockito.invocation.MockHandler,boolean)	null	null	/Users/nima/Developer/NullAwayFixer/Projects/mockito/src/main/java/org/mockito/internal/creation/bytebuddy/InlineByteBuddyMockMaker.java
RETURN_NULLABLE	returning @Nullable expression from method with @NonNull return type	org.mockito.internal.creation.bytebuddy.InlineByteBuddyMockMaker	getHandler(java.lang.Object)	20727	/Users/nima/Developer/NullAwayFixer/Projects/mockito/src/main/java/org/mockito/internal/creation/bytebuddy/InlineByteBuddyMockMaker.java	METHOD	org.mockito.internal.creation.bytebuddy.InlineByteBuddyMockMaker	getHandler(java.lang.Object)	null	null	/Users/nima/Developer/NullAwayFixer/Projects/mockito/src/main/java/org/mockito/internal/creation/bytebuddy/InlineByteBuddyMockMaker.java
RETURN_NULLABLE	returning @Nullable expression from method with @NonNull return type	org.mockito.internal.creation.bytebuddy.InlineByteBuddyMockMaker	makeStandardArgument(java.lang.Class<?>)	27710	/Users/nima/Developer/NullAwayFixer/Projects/mockito/src/main/java/org/mockito/internal/creation/bytebuddy/InlineByteBuddyMockMaker.java	METHOD	org.mockito.internal.creation.bytebuddy.InlineByteBuddyMockMaker	makeStandardArgument(java.lang.Class<?>)	null	null	/Users/nima/Developer/NullAwayFixer/Projects/mockito/src/main/java/org/mockito/internal/creation/bytebuddy/InlineByteBuddyMockMaker.java
PASS_NULLABLE	passing @Nullable parameter 'null' where @NonNull is required	org.mockito.internal.creation.bytebuddy.SubclassBytecodeGenerator	SubclassBytecodeGenerator(org.mockito.internal.creation.bytebuddy.SubclassLoader)	2852	/Users/nima/Developer/NullAwayFixer/Projects/mockito/src/main/java/org/mockito/internal/creation/bytebuddy/SubclassBytecodeGenerator.java	PARAMETER	org.mockito.internal.creation.bytebuddy.SubclassBytecodeGenerator	SubclassBytecodeGenerator(org.mockito.internal.creation.bytebuddy.SubclassLoader,net.bytebuddy.implementation.Implementation,net.bytebuddy.matcher.ElementMatcher<? super net.bytebuddy.description.method.MethodDescription>)	readReplace	1	/Users/nima/Developer/NullAwayFixer/Projects/mockito/src/main/java/org/mockito/internal/creation/bytebuddy/SubclassBytecodeGenerator.java
RETURN_NULLABLE	returning @Nullable expression from method with @NonNull return type	org.mockito.internal.creation.bytebuddy.MockMethodAdvice	enter(java.lang.String,java.lang.Object,java.lang.reflect.Method,java.lang.Object[])	4267	/Users/nima/Developer/NullAwayFixer/Projects/mockito/src/main/java/org/mockito/internal/creation/bytebuddy/MockMethodAdvice.java	METHOD	org.mockito.internal.creation.bytebuddy.MockMethodAdvice	enter(java.lang.String,java.lang.Object,java.lang.reflect.Method,java.lang.Object[])	null	null	/Users/nima/Developer/NullAwayFixer/Projects/mockito/src/main/java/org/mockito/internal/creation/bytebuddy/MockMethodAdvice.java
RETURN_NULLABLE	returning @Nullable expression from method with @NonNull return type	org.mockito.internal.creation.bytebuddy.MockMethodAdvice	handle(java.lang.Object,java.lang.reflect.Method,java.lang.Object[])	5926	/Users/nima/Developer/NullAwayFixer/Projects/mockito/src/main/java/org/mockito/internal/creation/bytebuddy/MockMethodAdvice.java	METHOD	org.mockito.internal.creation.bytebuddy.MockMethodAdvice	handle(java.lang.Object,java.lang.reflect.Method,java.lang.Object[])	null	null	/Users/nima/Developer/NullAwayFixer/Projects/mockito/src/main/java/org/mockito/internal/creation/bytebuddy/MockMethodAdvice.java
RETURN_NULLABLE	returning @Nullable expression from method with @NonNull return type	org.mockito.internal.creation.bytebuddy.MockMethodAdvice	handleStatic(java.lang.Class<?>,java.lang.reflect.Method,java.lang.Object[])	6827	/Users/nima/Developer/NullAwayFixer/Projects/mockito/src/main/java/org/mockito/internal/creation/bytebuddy/MockMethodAdvice.java	METHOD	org.mockito.internal.creation.bytebuddy.MockMethodAdvice	handleStatic(java.lang.Class<?>,java.lang.reflect.Method,java.lang.Object[])	null	null	/Users/nima/Developer/NullAwayFixer/Projects/mockito/src/main/java/org/mockito/internal/creation/bytebuddy/MockMethodAdvice.java
PASS_NULLABLE	passing @Nullable parameter 'null' where @NonNull is required	org.mockito.internal.creation.bytebuddy.MockMethodAdvice$StaticMethodCall	invoke()	12445	/Users/nima/Developer/NullAwayFixer/Projects/mockito/src/main/java/org/mockito/internal/creation/bytebuddy/MockMethodAdvice.java	PARAMETER	org.mockito.internal.creation.bytebuddy.MockMethodAdvice	tryInvoke(java.lang.reflect.Method,java.lang.Object,java.lang.Object[])	instance	1	/Users/nima/Developer/NullAwayFixer/Projects/mockito/src/main/java/org/mockito/internal/creation/bytebuddy/MockMethodAdvice.java
RETURN_NULLABLE	returning @Nullable expression from method with @NonNull return type	org.mockito.internal.creation.bytebuddy.MockMethodAdvice$ForStatic	enter(java.lang.String,java.lang.Class<?>,java.lang.reflect.Method,java.lang.Object[])	33155	/Users/nima/Developer/NullAwayFixer/Projects/mockito/src/main/java/org/mockito/internal/creation/bytebuddy/MockMethodAdvice.java	METHOD	org.mockito.internal.creation.bytebuddy.MockMethodAdvice$ForStatic	enter(java.lang.String,java.lang.Class<?>,java.lang.reflect.Method,java.lang.Object[])	null	null	/Users/nima/Developer/NullAwayFixer/Projects/mockito/src/main/java/org/mockito/internal/creation/bytebuddy/MockMethodAdvice.java
PASS_NULLABLE	passing @Nullable parameter 'mockInstance' where @NonNull is required	org.mockito.internal.creation.bytebuddy.SubclassByteBuddyMockMaker	<T>createMock(org.mockito.mock.MockCreationSettings<T>,org.mockito.invocation.MockHandler)	2493	/Users/nima/Developer/NullAwayFixer/Projects/mockito/src/main/java/org/mockito/internal/creation/bytebuddy/SubclassByteBuddyMockMaker.java	PARAMETER	org.mockito.internal.creation.bytebuddy.SubclassByteBuddyMockMaker	describeClass(java.lang.Object)	instance	0	/Users/nima/Developer/NullAwayFixer/Projects/mockito/src/main/java/org/mockito/internal/creation/bytebuddy/SubclassByteBuddyMockMaker.java
RETURN_NULLABLE	returning @Nullable expression from method with @NonNull return type	org.mockito.internal.creation.bytebuddy.SubclassByteBuddyMockMaker	getHandler(java.lang.Object)	6699	/Users/nima/Developer/NullAwayFixer/Projects/mockito/src/main/java/org/mockito/internal/creation/bytebuddy/SubclassByteBuddyMockMaker.java	METHOD	org.mockito.internal.creation.bytebuddy.SubclassByteBuddyMockMaker	getHandler(java.lang.Object)	null	null	/Users/nima/Developer/NullAwayFixer/Projects/mockito/src/main/java/org/mockito/internal/creation/bytebuddy/SubclassByteBuddyMockMaker.java
PASS_NULLABLE	passing @Nullable parameter 'e.getMessage()' where @NonNull is required	org.mockito.internal.creation.instance.InstantiatorProviderAdapter$1	<T>newInstance(java.lang.Class<T>)	1239	/Users/nima/Developer/NullAwayFixer/Projects/mockito/src/main/java/org/mockito/internal/creation/instance/InstantiatorProviderAdapter.java	PARAMETER	org.mockito.creation.instance.InstantiationException	InstantiationException(java.lang.String,java.lang.Throwable)	message	0	/Users/nima/Developer/NullAwayFixer/Projects/mockito/src/main/java/org/mockito/creation/instance/InstantiationException.java
PASS_NULLABLE	passing @Nullable parameter 'null' where @NonNull is required	org.mockito.internal.creation.instance.ConstructorInstantiator	noMatchingConstructor(java.lang.Class<?>)	3949	/Users/nima/Developer/NullAwayFixer/Projects/mockito/src/main/java/org/mockito/internal/creation/instance/ConstructorInstantiator.java	PARAMETER	org.mockito.creation.instance.InstantiationException	InstantiationException(java.lang.String,java.lang.Throwable)	cause	1	/Users/nima/Developer/NullAwayFixer/Projects/mockito/src/main/java/org/mockito/creation/instance/InstantiationException.java
PASS_NULLABLE	passing @Nullable parameter 'null' where @NonNull is required	org.mockito.internal.creation.instance.ConstructorInstantiator	multipleMatchingConstructors(java.lang.Class<?>,java.util.List<java.lang.reflect.Constructor<?>>)	4902	/Users/nima/Developer/NullAwayFixer/Projects/mockito/src/main/java/org/mockito/internal/creation/instance/ConstructorInstantiator.java	PARAMETER	org.mockito.creation.instance.InstantiationException	InstantiationException(java.lang.String,java.lang.Throwable)	cause	1	/Users/nima/Developer/NullAwayFixer/Projects/mockito/src/main/java/org/mockito/creation/instance/InstantiationException.java
PASS_NULLABLE	passing @Nullable parameter 'e.getMessage()' where @NonNull is required	org.mockito.internal.creation.instance.InstantiatorProvider2Adapter$1	<T>newInstance(java.lang.Class<T>)	1122	/Users/nima/Developer/NullAwayFixer/Projects/mockito/src/main/java/org/mockito/internal/creation/instance/InstantiatorProvider2Adapter.java	PARAMETER	org.mockito.internal.creation.instance.InstantiationException	InstantiationException(java.lang.String,java.lang.Throwable)	message	0	/Users/nima/Developer/NullAwayFixer/Projects/mockito/src/main/java/org/mockito/internal/creation/instance/InstantiationException.java
PASS_NULLABLE	passing @Nullable parameter 'null' where @NonNull is required	org.mockito.internal.MockedStaticImpl	verifyNoMoreInteractions()	4813	/Users/nima/Developer/NullAwayFixer/Projects/mockito/src/main/java/org/mockito/internal/MockedStaticImpl.java	PARAMETER	org.mockito.internal.verification.VerificationDataImpl	VerificationDataImpl(org.mockito.internal.stubbing.InvocationContainerImpl,org.mockito.internal.invocation.InvocationMatcher)	wanted	1	/Users/nima/Developer/NullAwayFixer/Projects/mockito/src/main/java/org/mockito/internal/verification/VerificationDataImpl.java
PASS_NULLABLE	passing @Nullable parameter 'null' where @NonNull is required	org.mockito.internal.MockedStaticImpl	verifyNoInteractions()	5159	/Users/nima/Developer/NullAwayFixer/Projects/mockito/src/main/java/org/mockito/internal/MockedStaticImpl.java	PARAMETER	org.mockito.internal.verification.VerificationDataImpl	VerificationDataImpl(org.mockito.internal.stubbing.InvocationContainerImpl,org.mockito.internal.invocation.InvocationMatcher)	wanted	1	/Users/nima/Developer/NullAwayFixer/Projects/mockito/src/main/java/org/mockito/internal/verification/VerificationDataImpl.java
FIELD_NO_INIT	@NonNull field DefaultInternalRunner$1.target not initialized	org.mockito.internal.runners.DefaultInternalRunner$1	target	1234	/Users/nima/Developer/NullAwayFixer/Projects/mockito/src/main/java/org/mockito/internal/runners/DefaultInternalRunner.java	FIELD	org.mockito.internal.runners.DefaultInternalRunner$1	null	target	null	/Users/nima/Developer/NullAwayFixer/Projects/mockito/src/main/java/org/mockito/internal/runners/DefaultInternalRunner.java
FIELD_NO_INIT	@NonNull field DefaultInternalRunner$1.mockitoTestListener not initialized	org.mockito.internal.runners.DefaultInternalRunner$1	mockitoTestListener	1276	/Users/nima/Developer/NullAwayFixer/Projects/mockito/src/main/java/org/mockito/internal/runners/DefaultInternalRunner.java	FIELD	org.mockito.internal.runners.DefaultInternalRunner$1	null	mockitoTestListener	null	/Users/nima/Developer/NullAwayFixer/Projects/mockito/src/main/java/org/mockito/internal/runners/DefaultInternalRunner.java
FIELD_NO_INIT	@NonNull field DefaultInternalRunner$1$2.failure not initialized	org.mockito.internal.runners.DefaultInternalRunner$1$2	failure	3052	/Users/nima/Developer/NullAwayFixer/Projects/mockito/src/main/java/org/mockito/internal/runners/DefaultInternalRunner.java	FIELD	org.mockito.internal.runners.DefaultInternalRunner$1$2	null	failure	null	/Users/nima/Developer/NullAwayFixer/Projects/mockito/src/main/java/org/mockito/internal/runners/DefaultInternalRunner.java
ASSIGN_FIELD_NULLABLE	assigning @Nullable expression to @NonNull field	org.mockito.internal.runners.DefaultInternalRunner$1$2	testFinished(org.junit.runner.Description)	4270	/Users/nima/Developer/NullAwayFixer/Projects/mockito/src/main/java/org/mockito/internal/runners/DefaultInternalRunner.java	FIELD	org.mockito.internal.runners.DefaultInternalRunner$1	null	mockitoTestListener	null	/Users/nima/Developer/NullAwayFixer/Projects/mockito/src/main/java/org/mockito/internal/runners/DefaultInternalRunner.java
PASS_NULLABLE	passing @Nullable parameter 'null' where @NonNull is required	org.mockito.internal.stubbing.answers.ThrowsExceptionForClassType	getThrowable()	699	/Users/nima/Developer/NullAwayFixer/Projects/mockito/src/main/java/org/mockito/internal/stubbing/answers/ThrowsExceptionForClassType.java	PARAMETER	org.mockito.plugins.InstantiatorProvider2	getInstantiator(org.mockito.mock.MockCreationSettings<?>)	settings	0	/Users/nima/Developer/NullAwayFixer/Projects/mockito/src/main/java/org/mockito/plugins/InstantiatorProvider2.java
RETURN_NULLABLE	returning @Nullable expression from method with @NonNull return type	org.mockito.internal.stubbing.answers.DoesNothing	answer(org.mockito.invocation.InvocationOnMock)	833	/Users/nima/Developer/NullAwayFixer/Projects/mockito/src/main/java/org/mockito/internal/stubbing/answers/DoesNothing.java	METHOD	org.mockito.internal.stubbing.answers.DoesNothing	answer(org.mockito.invocation.InvocationOnMock)	null	null	/Users/nima/Developer/NullAwayFixer/Projects/mockito/src/main/java/org/mockito/internal/stubbing/answers/DoesNothing.java
PASS_NULLABLE	passing @Nullable parameter 'null' where @NonNull is required	org.mockito.internal.stubbing.answers.ClonesArguments	answer(org.mockito.invocation.InvocationOnMock)	1494	/Users/nima/Developer/NullAwayFixer/Projects/mockito/src/main/java/org/mockito/internal/stubbing/answers/ClonesArguments.java	PARAMETER	org.mockito.plugins.InstantiatorProvider2	getInstantiator(org.mockito.mock.MockCreationSettings<?>)	settings	0	/Users/nima/Developer/NullAwayFixer/Projects/mockito/src/main/java/org/mockito/plugins/InstantiatorProvider2.java
METHOD_NO_INIT	initializer method does not guarantee @NonNull field strictness (line 19) is initialized along all control-flow paths (remember to check for exceptions or early returns).	org.mockito.internal.stubbing.OngoingStubbingImpl	OngoingStubbingImpl(org.mockito.internal.stubbing.InvocationContainerImpl)	588	/Users/nima/Developer/NullAwayFixer/Projects/mockito/src/main/java/org/mockito/internal/stubbing/OngoingStubbingImpl.java	null	null	null	null	null	null
PASS_NULLABLE	passing @Nullable parameter 'null' where @NonNull is required	org.mockito.internal.stubbing.BaseStubbing	thenReturn(T,T...)	1572	/Users/nima/Developer/NullAwayFixer/Projects/mockito/src/main/java/org/mockito/internal/stubbing/BaseStubbing.java	PARAMETER	org.mockito.stubbing.OngoingStubbing	thenReturn(T)	value	0	/Users/nima/Developer/NullAwayFixer/Projects/mockito/src/main/java/org/mockito/stubbing/OngoingStubbing.java
PASS_NULLABLE	passing @Nullable parameter '(Throwable) null' where @NonNull is required	org.mockito.internal.stubbing.BaseStubbing	thenThrow(java.lang.Throwable...)	1991	/Users/nima/Developer/NullAwayFixer/Projects/mockito/src/main/java/org/mockito/internal/stubbing/BaseStubbing.java	PARAMETER	org.mockito.internal.stubbing.BaseStubbing	thenThrow(java.lang.Throwable)	throwable	0	/Users/nima/Developer/NullAwayFixer/Projects/mockito/src/main/java/org/mockito/internal/stubbing/BaseStubbing.java
RETURN_NULLABLE	returning @Nullable expression from method with @NonNull return type	org.mockito.internal.stubbing.BaseStubbing	thenThrow(java.lang.Throwable...)	2295	/Users/nima/Developer/NullAwayFixer/Projects/mockito/src/main/java/org/mockito/internal/stubbing/BaseStubbing.java	METHOD	org.mockito.internal.stubbing.BaseStubbing	thenThrow(java.lang.Throwable...)	null	null	/Users/nima/Developer/NullAwayFixer/Projects/mockito/src/main/java/org/mockito/internal/stubbing/BaseStubbing.java
PASS_NULLABLE	passing @Nullable parameter '(Class<Throwable>) null' where @NonNull is required	org.mockito.internal.stubbing.BaseStubbing	thenThrow(java.lang.Class<? extends java.lang.Throwable>,java.lang.Class<? extends java.lang.Throwable>...)	2832	/Users/nima/Developer/NullAwayFixer/Projects/mockito/src/main/java/org/mockito/internal/stubbing/BaseStubbing.java	PARAMETER	org.mockito.internal.stubbing.BaseStubbing	thenThrow(java.lang.Class<? extends java.lang.Throwable>)	throwableType	0	/Users/nima/Developer/NullAwayFixer/Projects/mockito/src/main/java/org/mockito/internal/stubbing/BaseStubbing.java
ASSIGN_FIELD_NULLABLE	assigning @Nullable expression to @NonNull field	org.mockito.internal.stubbing.defaultanswers.ForwardsInvocations	delegatedObject	945	/Users/nima/Developer/NullAwayFixer/Projects/mockito/src/main/java/org/mockito/internal/stubbing/defaultanswers/ForwardsInvocations.java	FIELD	org.mockito.internal.stubbing.defaultanswers.ForwardsInvocations	null	delegatedObject	null	/Users/nima/Developer/NullAwayFixer/Projects/mockito/src/main/java/org/mockito/internal/stubbing/defaultanswers/ForwardsInvocations.java
RETURN_NULLABLE	returning @Nullable expression from method with @NonNull return type	org.mockito.internal.stubbing.defaultanswers.ReturnsSmartNulls$1	apply(java.lang.Class<?>)	2243	/Users/nima/Developer/NullAwayFixer/Projects/mockito/src/main/java/org/mockito/internal/stubbing/defaultanswers/ReturnsSmartNulls.java	METHOD	org.mockito.internal.stubbing.defaultanswers.ReturnsSmartNulls$1	apply(java.lang.Class<?>)	null	null	/Users/nima/Developer/NullAwayFixer/Projects/mockito/src/main/java/org/mockito/internal/stubbing/defaultanswers/ReturnsSmartNulls.java
RETURN_NULLABLE	returning @Nullable expression from method with @NonNull return type	org.mockito.internal.stubbing.defaultanswers.ReturnsDeepStubs	answer(org.mockito.invocation.InvocationOnMock)	2962	/Users/nima/Developer/NullAwayFixer/Projects/mockito/src/main/java/org/mockito/internal/stubbing/defaultanswers/ReturnsDeepStubs.java	METHOD	org.mockito.internal.stubbing.defaultanswers.ReturnsDeepStubs	answer(org.mockito.invocation.InvocationOnMock)	null	null	/Users/nima/Developer/NullAwayFixer/Projects/mockito/src/main/java/org/mockito/internal/stubbing/defaultanswers/ReturnsDeepStubs.java
PASS_NULLABLE	passing @Nullable parameter 'null' where @NonNull is required	org.mockito.internal.stubbing.defaultanswers.ReturnsDeepStubs	recordDeepStubAnswer(java.lang.Object,org.mockito.internal.stubbing.InvocationContainerImpl)	6438	/Users/nima/Developer/NullAwayFixer/Projects/mockito/src/main/java/org/mockito/internal/stubbing/defaultanswers/ReturnsDeepStubs.java	PARAMETER	org.mockito.internal.stubbing.InvocationContainerImpl	addAnswer(org.mockito.stubbing.Answer,boolean,org.mockito.quality.Strictness)	stubbingStrictness	2	/Users/nima/Developer/NullAwayFixer/Projects/mockito/src/main/java/org/mockito/internal/stubbing/InvocationContainerImpl.java
RETURN_NULLABLE	returning @Nullable expression from method with @NonNull return type	org.mockito.internal.stubbing.defaultanswers.ReturnsEmptyValues	returnValueFor(java.lang.Class<?>)	6139	/Users/nima/Developer/NullAwayFixer/Projects/mockito/src/main/java/org/mockito/internal/stubbing/defaultanswers/ReturnsEmptyValues.java	METHOD	org.mockito.internal.stubbing.defaultanswers.ReturnsEmptyValues	returnValueFor(java.lang.Class<?>)	null	null	/Users/nima/Developer/NullAwayFixer/Projects/mockito/src/main/java/org/mockito/internal/stubbing/defaultanswers/ReturnsEmptyValues.java
RETURN_NULLABLE	returning @Nullable expression from method with @NonNull return type	org.mockito.internal.stubbing.defaultanswers.RetrieveGenericsForDefaultAnswers	returnTypeForMockWithCorrectGenerics(org.mockito.invocation.InvocationOnMock,org.mockito.internal.stubbing.defaultanswers.RetrieveGenericsForDefaultAnswers.AnswerCallback)	1404	/Users/nima/Developer/NullAwayFixer/Projects/mockito/src/main/java/org/mockito/internal/stubbing/defaultanswers/RetrieveGenericsForDefaultAnswers.java	METHOD	org.mockito.internal.stubbing.defaultanswers.RetrieveGenericsForDefaultAnswers	returnTypeForMockWithCorrectGenerics(org.mockito.invocation.InvocationOnMock,org.mockito.internal.stubbing.defaultanswers.RetrieveGenericsForDefaultAnswers.AnswerCallback)	null	null	/Users/nima/Developer/NullAwayFixer/Projects/mockito/src/main/java/org/mockito/internal/stubbing/defaultanswers/RetrieveGenericsForDefaultAnswers.java
PASS_NULLABLE	passing @Nullable parameter 'null' where @NonNull is required	org.mockito.internal.stubbing.defaultanswers.RetrieveGenericsForDefaultAnswers	returnTypeForMockWithCorrectGenerics(org.mockito.invocation.InvocationOnMock,org.mockito.internal.stubbing.defaultanswers.RetrieveGenericsForDefaultAnswers.AnswerCallback)	1505	/Users/nima/Developer/NullAwayFixer/Projects/mockito/src/main/java/org/mockito/internal/stubbing/defaultanswers/RetrieveGenericsForDefaultAnswers.java	PARAMETER	org.mockito.internal.stubbing.defaultanswers.RetrieveGenericsForDefaultAnswers$AnswerCallback	apply(java.lang.Class<?>)	type	0	/Users/nima/Developer/NullAwayFixer/Projects/mockito/src/main/java/org/mockito/internal/stubbing/defaultanswers/RetrieveGenericsForDefaultAnswers.java
RETURN_NULLABLE	returning @Nullable expression from method with @NonNull return type	org.mockito.internal.stubbing.defaultanswers.RetrieveGenericsForDefaultAnswers	findTypeFromGenericInArguments(org.mockito.invocation.InvocationOnMock,java.lang.reflect.TypeVariable)	4601	/Users/nima/Developer/NullAwayFixer/Projects/mockito/src/main/java/org/mockito/internal/stubbing/defaultanswers/RetrieveGenericsForDefaultAnswers.java	METHOD	org.mockito.internal.stubbing.defaultanswers.RetrieveGenericsForDefaultAnswers	findTypeFromGenericInArguments(org.mockito.invocation.InvocationOnMock,java.lang.reflect.TypeVariable)	null	null	/Users/nima/Developer/NullAwayFixer/Projects/mockito/src/main/java/org/mockito/internal/stubbing/defaultanswers/RetrieveGenericsForDefaultAnswers.java
RETURN_NULLABLE	returning @Nullable expression from method with @NonNull return type	org.mockito.internal.stubbing.defaultanswers.RetrieveGenericsForDefaultAnswers	findTypeFromGenericInArguments(org.mockito.invocation.InvocationOnMock,java.lang.reflect.TypeVariable)	4993	/Users/nima/Developer/NullAwayFixer/Projects/mockito/src/main/java/org/mockito/internal/stubbing/defaultanswers/RetrieveGenericsForDefaultAnswers.java	METHOD	org.mockito.internal.stubbing.defaultanswers.RetrieveGenericsForDefaultAnswers	findTypeFromGenericInArguments(org.mockito.invocation.InvocationOnMock,java.lang.reflect.TypeVariable)	null	null	/Users/nima/Developer/NullAwayFixer/Projects/mockito/src/main/java/org/mockito/internal/stubbing/defaultanswers/RetrieveGenericsForDefaultAnswers.java
RETURN_NULLABLE	returning @Nullable expression from method with @NonNull return type	org.mockito.internal.stubbing.defaultanswers.ReturnsMoreEmptyValues	returnValueFor(java.lang.Class<?>)	2268	/Users/nima/Developer/NullAwayFixer/Projects/mockito/src/main/java/org/mockito/internal/stubbing/defaultanswers/ReturnsMoreEmptyValues.java	METHOD	org.mockito.internal.stubbing.defaultanswers.ReturnsMoreEmptyValues	returnValueFor(java.lang.Class<?>)	null	null	/Users/nima/Developer/NullAwayFixer/Projects/mockito/src/main/java/org/mockito/internal/stubbing/defaultanswers/ReturnsMoreEmptyValues.java
RETURN_NULLABLE	returning @Nullable expression from method with @NonNull return type	org.mockito.internal.stubbing.defaultanswers.ReturnsMocks$1	apply(java.lang.Class<?>)	1187	/Users/nima/Developer/NullAwayFixer/Projects/mockito/src/main/java/org/mockito/internal/stubbing/defaultanswers/ReturnsMocks.java	METHOD	org.mockito.internal.stubbing.defaultanswers.ReturnsMocks$1	apply(java.lang.Class<?>)	null	null	/Users/nima/Developer/NullAwayFixer/Projects/mockito/src/main/java/org/mockito/internal/stubbing/defaultanswers/ReturnsMocks.java
PASS_NULLABLE	passing @Nullable parameter 'null' where @NonNull is required	org.mockito.internal.stubbing.StubberImpl	doReturnValues(java.lang.Object...)	2167	/Users/nima/Developer/NullAwayFixer/Projects/mockito/src/main/java/org/mockito/internal/stubbing/StubberImpl.java	PARAMETER	org.mockito.internal.stubbing.answers.Returns	Returns(java.lang.Object)	value	0	/Users/nima/Developer/NullAwayFixer/Projects/mockito/src/main/java/org/mockito/internal/stubbing/answers/Returns.java
PASS_NULLABLE	passing @Nullable parameter 'null' where @NonNull is required	org.mockito.internal.stubbing.StubberImpl	doThrow(java.lang.Throwable...)	2467	/Users/nima/Developer/NullAwayFixer/Projects/mockito/src/main/java/org/mockito/internal/stubbing/StubberImpl.java	PARAMETER	org.mockito.internal.stubbing.answers.ThrowsException	ThrowsException(java.lang.Throwable)	throwable	0	/Users/nima/Developer/NullAwayFixer/Projects/mockito/src/main/java/org/mockito/internal/stubbing/answers/ThrowsException.java
PASS_NULLABLE	passing @Nullable parameter 'null' where @NonNull is required	org.mockito.internal.matchers.apachecommons.EqualsBuilder	reflectionEquals(java.lang.Object,java.lang.Object)	4334	/Users/nima/Developer/NullAwayFixer/Projects/mockito/src/main/java/org/mockito/internal/matchers/apachecommons/EqualsBuilder.java	PARAMETER	org.mockito.internal.matchers.apachecommons.EqualsBuilder	reflectionEquals(java.lang.Object,java.lang.Object,boolean,java.lang.Class<?>,java.lang.String[])	reflectUpToClass	3	/Users/nima/Developer/NullAwayFixer/Projects/mockito/src/main/java/org/mockito/internal/matchers/apachecommons/EqualsBuilder.java
PASS_NULLABLE	passing @Nullable parameter 'null' where @NonNull is required	org.mockito.internal.matchers.apachecommons.EqualsBuilder	reflectionEquals(java.lang.Object,java.lang.Object)	4334	/Users/nima/Developer/NullAwayFixer/Projects/mockito/src/main/java/org/mockito/internal/matchers/apachecommons/EqualsBuilder.java	PARAMETER	org.mockito.internal.matchers.apachecommons.EqualsBuilder	reflectionEquals(java.lang.Object,java.lang.Object,boolean,java.lang.Class<?>,java.lang.String[])	excludeFields	4	/Users/nima/Developer/NullAwayFixer/Projects/mockito/src/main/java/org/mockito/internal/matchers/apachecommons/EqualsBuilder.java
PASS_NULLABLE	passing @Nullable parameter 'null' where @NonNull is required	org.mockito.internal.matchers.apachecommons.EqualsBuilder	reflectionEquals(java.lang.Object,java.lang.Object,java.lang.String[])	5394	/Users/nima/Developer/NullAwayFixer/Projects/mockito/src/main/java/org/mockito/internal/matchers/apachecommons/EqualsBuilder.java	PARAMETER	org.mockito.internal.matchers.apachecommons.EqualsBuilder	reflectionEquals(java.lang.Object,java.lang.Object,boolean,java.lang.Class<?>,java.lang.String[])	reflectUpToClass	3	/Users/nima/Developer/NullAwayFixer/Projects/mockito/src/main/java/org/mockito/internal/matchers/apachecommons/EqualsBuilder.java
PASS_NULLABLE	passing @Nullable parameter 'null' where @NonNull is required	org.mockito.internal.matchers.apachecommons.EqualsBuilder	reflectionEquals(java.lang.Object,java.lang.Object,boolean)	6557	/Users/nima/Developer/NullAwayFixer/Projects/mockito/src/main/java/org/mockito/internal/matchers/apachecommons/EqualsBuilder.java	PARAMETER	org.mockito.internal.matchers.apachecommons.EqualsBuilder	reflectionEquals(java.lang.Object,java.lang.Object,boolean,java.lang.Class<?>,java.lang.String[])	reflectUpToClass	3	/Users/nima/Developer/NullAwayFixer/Projects/mockito/src/main/java/org/mockito/internal/matchers/apachecommons/EqualsBuilder.java
PASS_NULLABLE	passing @Nullable parameter 'null' where @NonNull is required	org.mockito.internal.matchers.apachecommons.EqualsBuilder	reflectionEquals(java.lang.Object,java.lang.Object,boolean)	6557	/Users/nima/Developer/NullAwayFixer/Projects/mockito/src/main/java/org/mockito/internal/matchers/apachecommons/EqualsBuilder.java	PARAMETER	org.mockito.internal.matchers.apachecommons.EqualsBuilder	reflectionEquals(java.lang.Object,java.lang.Object,boolean,java.lang.Class<?>,java.lang.String[])	excludeFields	4	/Users/nima/Developer/NullAwayFixer/Projects/mockito/src/main/java/org/mockito/internal/matchers/apachecommons/EqualsBuilder.java
PASS_NULLABLE	passing @Nullable parameter 'null' where @NonNull is required	org.mockito.internal.matchers.apachecommons.EqualsBuilder	reflectionEquals(java.lang.Object,java.lang.Object,boolean,java.lang.Class<?>)	8001	/Users/nima/Developer/NullAwayFixer/Projects/mockito/src/main/java/org/mockito/internal/matchers/apachecommons/EqualsBuilder.java	PARAMETER	org.mockito.internal.matchers.apachecommons.EqualsBuilder	reflectionEquals(java.lang.Object,java.lang.Object,boolean,java.lang.Class<?>,java.lang.String[])	excludeFields	4	/Users/nima/Developer/NullAwayFixer/Projects/mockito/src/main/java/org/mockito/internal/matchers/apachecommons/EqualsBuilder.java
FIELD_NO_INIT	@NonNull field name not initialized	org.mockito.internal.session.DefaultMockitoSessionBuilder	name	748	/Users/nima/Developer/NullAwayFixer/Projects/mockito/src/main/java/org/mockito/internal/session/DefaultMockitoSessionBuilder.java	FIELD	org.mockito.internal.session.DefaultMockitoSessionBuilder	null	name	null	/Users/nima/Developer/NullAwayFixer/Projects/mockito/src/main/java/org/mockito/internal/session/DefaultMockitoSessionBuilder.java
FIELD_NO_INIT	@NonNull field strictness not initialized	org.mockito.internal.session.DefaultMockitoSessionBuilder	strictness	773	/Users/nima/Developer/NullAwayFixer/Projects/mockito/src/main/java/org/mockito/internal/session/DefaultMockitoSessionBuilder.java	FIELD	org.mockito.internal.session.DefaultMockitoSessionBuilder	null	strictness	null	/Users/nima/Developer/NullAwayFixer/Projects/mockito/src/main/java/org/mockito/internal/session/DefaultMockitoSessionBuilder.java
FIELD_NO_INIT	@NonNull field logger not initialized	org.mockito.internal.session.DefaultMockitoSessionBuilder	logger	808	/Users/nima/Developer/NullAwayFixer/Projects/mockito/src/main/java/org/mockito/internal/session/DefaultMockitoSessionBuilder.java	FIELD	org.mockito.internal.session.DefaultMockitoSessionBuilder	null	logger	null	/Users/nima/Developer/NullAwayFixer/Projects/mockito/src/main/java/org/mockito/internal/session/DefaultMockitoSessionBuilder.java
RETURN_NULLABLE	returning @Nullable expression from method with @NonNull return type	org.mockito.AdditionalMatchers	<T>geq(T)	1858	/Users/nima/Developer/NullAwayFixer/Projects/mockito/src/main/java/org/mockito/AdditionalMatchers.java	METHOD	org.mockito.AdditionalMatchers	<T>geq(T)	null	null	/Users/nima/Developer/NullAwayFixer/Projects/mockito/src/main/java/org/mockito/AdditionalMatchers.java
RETURN_NULLABLE	returning @Nullable expression from method with @NonNull return type	org.mockito.AdditionalMatchers	<T>leq(T)	4513	/Users/nima/Developer/NullAwayFixer/Projects/mockito/src/main/java/org/mockito/AdditionalMatchers.java	METHOD	org.mockito.AdditionalMatchers	<T>leq(T)	null	null	/Users/nima/Developer/NullAwayFixer/Projects/mockito/src/main/java/org/mockito/AdditionalMatchers.java
RETURN_NULLABLE	returning @Nullable expression from method with @NonNull return type	org.mockito.AdditionalMatchers	<T>gt(T)	7117	/Users/nima/Developer/NullAwayFixer/Projects/mockito/src/main/java/org/mockito/AdditionalMatchers.java	METHOD	org.mockito.AdditionalMatchers	<T>gt(T)	null	null	/Users/nima/Developer/NullAwayFixer/Projects/mockito/src/main/java/org/mockito/AdditionalMatchers.java
RETURN_NULLABLE	returning @Nullable expression from method with @NonNull return type	org.mockito.AdditionalMatchers	<T>lt(T)	9655	/Users/nima/Developer/NullAwayFixer/Projects/mockito/src/main/java/org/mockito/AdditionalMatchers.java	METHOD	org.mockito.AdditionalMatchers	<T>lt(T)	null	null	/Users/nima/Developer/NullAwayFixer/Projects/mockito/src/main/java/org/mockito/AdditionalMatchers.java
RETURN_NULLABLE	returning @Nullable expression from method with @NonNull return type	org.mockito.AdditionalMatchers	<T>cmpEq(T)	12207	/Users/nima/Developer/NullAwayFixer/Projects/mockito/src/main/java/org/mockito/AdditionalMatchers.java	METHOD	org.mockito.AdditionalMatchers	<T>cmpEq(T)	null	null	/Users/nima/Developer/NullAwayFixer/Projects/mockito/src/main/java/org/mockito/AdditionalMatchers.java
RETURN_NULLABLE	returning @Nullable expression from method with @NonNull return type	org.mockito.AdditionalMatchers	find(java.lang.String)	12539	/Users/nima/Developer/NullAwayFixer/Projects/mockito/src/main/java/org/mockito/AdditionalMatchers.java	METHOD	org.mockito.AdditionalMatchers	find(java.lang.String)	null	null	/Users/nima/Developer/NullAwayFixer/Projects/mockito/src/main/java/org/mockito/AdditionalMatchers.java
RETURN_NULLABLE	returning @Nullable expression from method with @NonNull return type	org.mockito.AdditionalMatchers	<T>aryEq(T[])	13095	/Users/nima/Developer/NullAwayFixer/Projects/mockito/src/main/java/org/mockito/AdditionalMatchers.java	METHOD	org.mockito.AdditionalMatchers	<T>aryEq(T[])	null	null	/Users/nima/Developer/NullAwayFixer/Projects/mockito/src/main/java/org/mockito/AdditionalMatchers.java
RETURN_NULLABLE	returning @Nullable expression from method with @NonNull return type	org.mockito.AdditionalMatchers	aryEq(short[])	13550	/Users/nima/Developer/NullAwayFixer/Projects/mockito/src/main/java/org/mockito/AdditionalMatchers.java	METHOD	org.mockito.AdditionalMatchers	aryEq(short[])	null	null	/Users/nima/Developer/NullAwayFixer/Projects/mockito/src/main/java/org/mockito/AdditionalMatchers.java
RETURN_NULLABLE	returning @Nullable expression from method with @NonNull return type	org.mockito.AdditionalMatchers	aryEq(long[])	14002	/Users/nima/Developer/NullAwayFixer/Projects/mockito/src/main/java/org/mockito/AdditionalMatchers.java	METHOD	org.mockito.AdditionalMatchers	aryEq(long[])	null	null	/Users/nima/Developer/NullAwayFixer/Projects/mockito/src/main/java/org/mockito/AdditionalMatchers.java
RETURN_NULLABLE	returning @Nullable expression from method with @NonNull return type	org.mockito.AdditionalMatchers	aryEq(int[])	14451	/Users/nima/Developer/NullAwayFixer/Projects/mockito/src/main/java/org/mockito/AdditionalMatchers.java	METHOD	org.mockito.AdditionalMatchers	aryEq(int[])	null	null	/Users/nima/Developer/NullAwayFixer/Projects/mockito/src/main/java/org/mockito/AdditionalMatchers.java
RETURN_NULLABLE	returning @Nullable expression from method with @NonNull return type	org.mockito.AdditionalMatchers	aryEq(float[])	14906	/Users/nima/Developer/NullAwayFixer/Projects/mockito/src/main/java/org/mockito/AdditionalMatchers.java	METHOD	org.mockito.AdditionalMatchers	aryEq(float[])	null	null	/Users/nima/Developer/NullAwayFixer/Projects/mockito/src/main/java/org/mockito/AdditionalMatchers.java
RETURN_NULLABLE	returning @Nullable expression from method with @NonNull return type	org.mockito.AdditionalMatchers	aryEq(double[])	15364	/Users/nima/Developer/NullAwayFixer/Projects/mockito/src/main/java/org/mockito/AdditionalMatchers.java	METHOD	org.mockito.AdditionalMatchers	aryEq(double[])	null	null	/Users/nima/Developer/NullAwayFixer/Projects/mockito/src/main/java/org/mockito/AdditionalMatchers.java
RETURN_NULLABLE	returning @Nullable expression from method with @NonNull return type	org.mockito.AdditionalMatchers	aryEq(char[])	15816	/Users/nima/Developer/NullAwayFixer/Projects/mockito/src/main/java/org/mockito/AdditionalMatchers.java	METHOD	org.mockito.AdditionalMatchers	aryEq(char[])	null	null	/Users/nima/Developer/NullAwayFixer/Projects/mockito/src/main/java/org/mockito/AdditionalMatchers.java
RETURN_NULLABLE	returning @Nullable expression from method with @NonNull return type	org.mockito.AdditionalMatchers	aryEq(byte[])	16268	/Users/nima/Developer/NullAwayFixer/Projects/mockito/src/main/java/org/mockito/AdditionalMatchers.java	METHOD	org.mockito.AdditionalMatchers	aryEq(byte[])	null	null	/Users/nima/Developer/NullAwayFixer/Projects/mockito/src/main/java/org/mockito/AdditionalMatchers.java
RETURN_NULLABLE	returning @Nullable expression from method with @NonNull return type	org.mockito.AdditionalMatchers	aryEq(boolean[])	16729	/Users/nima/Developer/NullAwayFixer/Projects/mockito/src/main/java/org/mockito/AdditionalMatchers.java	METHOD	org.mockito.AdditionalMatchers	aryEq(boolean[])	null	null	/Users/nima/Developer/NullAwayFixer/Projects/mockito/src/main/java/org/mockito/AdditionalMatchers.java
RETURN_NULLABLE	returning @Nullable expression from method with @NonNull return type	org.mockito.AdditionalMatchers	<T>and(T,T)	21435	/Users/nima/Developer/NullAwayFixer/Projects/mockito/src/main/java/org/mockito/AdditionalMatchers.java	METHOD	org.mockito.AdditionalMatchers	<T>and(T,T)	null	null	/Users/nima/Developer/NullAwayFixer/Projects/mockito/src/main/java/org/mockito/AdditionalMatchers.java
RETURN_NULLABLE	returning @Nullable expression from method with @NonNull return type	org.mockito.AdditionalMatchers	<T>or(T,T)	22583	/Users/nima/Developer/NullAwayFixer/Projects/mockito/src/main/java/org/mockito/AdditionalMatchers.java	METHOD	org.mockito.AdditionalMatchers	<T>or(T,T)	null	null	/Users/nima/Developer/NullAwayFixer/Projects/mockito/src/main/java/org/mockito/AdditionalMatchers.java
RETURN_NULLABLE	returning @Nullable expression from method with @NonNull return type	org.mockito.AdditionalMatchers	<T>not(T)	26702	/Users/nima/Developer/NullAwayFixer/Projects/mockito/src/main/java/org/mockito/AdditionalMatchers.java	METHOD	org.mockito.AdditionalMatchers	<T>not(T)	null	null	/Users/nima/Developer/NullAwayFixer/Projects/mockito/src/main/java/org/mockito/AdditionalMatchers.java
FIELD_NO_INIT	@NonNull field ConsoleSpammingMockitoJUnitRunner$1.warningsCollector not initialized	org.mockito.runners.ConsoleSpammingMockitoJUnitRunner$1	warningsCollector	1750	/Users/nima/Developer/NullAwayFixer/Projects/mockito/src/main/java/org/mockito/runners/ConsoleSpammingMockitoJUnitRunner.java	FIELD	org.mockito.runners.ConsoleSpammingMockitoJUnitRunner$1	null	warningsCollector	null	/Users/nima/Developer/NullAwayFixer/Projects/mockito/src/main/java/org/mockito/runners/ConsoleSpammingMockitoJUnitRunner.java
FIELD_NO_INIT	@NonNull field VerboseMockitoJUnitRunner$1.warningsCollector not initialized	org.mockito.runners.VerboseMockitoJUnitRunner$1	warningsCollector	1648	/Users/nima/Developer/NullAwayFixer/Projects/mockito/src/main/java/org/mockito/runners/VerboseMockitoJUnitRunner.java	FIELD	org.mockito.runners.VerboseMockitoJUnitRunner$1	null	warningsCollector	null	/Users/nima/Developer/NullAwayFixer/Projects/mockito/src/main/java/org/mockito/runners/VerboseMockitoJUnitRunner.java
