id	class	method	parent	size	flags	nullable	visibility	non-primitive-return	uri
1	org.mockito.invocation.DescribedInvocation	toString()	2	0	[]	false	public	true	file:///private/tmp/projects/mockito/src/main/java/org/mockito/invocation/DescribedInvocation.java
3	org.mockito.invocation.DescribedInvocation	getLocation()	0	0	[]	false	public	true	file:///private/tmp/projects/mockito/src/main/java/org/mockito/invocation/DescribedInvocation.java
4	org.mockito.invocation.Location	toString()	2	0	[]	false	public	true	file:///private/tmp/projects/mockito/src/main/java/org/mockito/invocation/Location.java
5	org.mockito.invocation.Location	getSourceFile()	0	0	[]	false	public	true	file:///private/tmp/projects/mockito/src/main/java/org/mockito/invocation/Location.java
6	org.mockito.invocation.Invocation	isVerified()	0	0	[]	false	public	false	file:///private/tmp/projects/mockito/src/main/java/org/mockito/invocation/Invocation.java
7	org.mockito.invocation.Invocation	getSequenceNumber()	0	0	[]	false	public	false	file:///private/tmp/projects/mockito/src/main/java/org/mockito/invocation/Invocation.java
8	org.mockito.invocation.Invocation	getLocation()	3	0	[]	false	public	true	file:///private/tmp/projects/mockito/src/main/java/org/mockito/invocation/Invocation.java
9	org.mockito.invocation.Invocation	getRawArguments()	0	0	[]	false	public	true	file:///private/tmp/projects/mockito/src/main/java/org/mockito/invocation/Invocation.java
10	org.mockito.invocation.Invocation	getArgumentsAsMatchers()	0	0	[]	false	public	true	file:///private/tmp/projects/mockito/src/main/java/org/mockito/invocation/Invocation.java
11	org.mockito.invocation.Invocation	getRawReturnType()	0	0	[]	false	public	true	file:///private/tmp/projects/mockito/src/main/java/org/mockito/invocation/Invocation.java
12	org.mockito.invocation.Invocation	markVerified()	0	0	[]	false	public	false	file:///private/tmp/projects/mockito/src/main/java/org/mockito/invocation/Invocation.java
13	org.mockito.invocation.Invocation	stubInfo()	0	0	[]	true	public	true	file:///private/tmp/projects/mockito/src/main/java/org/mockito/invocation/Invocation.java
14	org.mockito.invocation.Invocation	markStubbed(org.mockito.invocation.StubInfo)	0	1	[false]	false	public	false	file:///private/tmp/projects/mockito/src/main/java/org/mockito/invocation/Invocation.java
15	org.mockito.invocation.Invocation	isIgnoredForVerification()	0	0	[]	false	public	false	file:///private/tmp/projects/mockito/src/main/java/org/mockito/invocation/Invocation.java
16	org.mockito.invocation.Invocation	ignoreForVerification()	0	0	[]	false	public	false	file:///private/tmp/projects/mockito/src/main/java/org/mockito/invocation/Invocation.java
17	org.mockito.invocation.InvocationOnMock	getMock()	0	0	[]	false	public	true	file:///private/tmp/projects/mockito/src/main/java/org/mockito/invocation/InvocationOnMock.java
18	org.mockito.invocation.InvocationOnMock	getMethod()	0	0	[]	false	public	true	file:///private/tmp/projects/mockito/src/main/java/org/mockito/invocation/InvocationOnMock.java
19	org.mockito.invocation.InvocationOnMock	getArguments()	0	0	[]	false	public	true	file:///private/tmp/projects/mockito/src/main/java/org/mockito/invocation/InvocationOnMock.java
20	org.mockito.invocation.InvocationOnMock	<T>getArgument(int)	0	1	[false]	false	public	true	file:///private/tmp/projects/mockito/src/main/java/org/mockito/invocation/InvocationOnMock.java
21	org.mockito.invocation.InvocationOnMock	<T>getArgument(int,java.lang.Class<T>)	0	2	[false, false]	false	public	true	file:///private/tmp/projects/mockito/src/main/java/org/mockito/invocation/InvocationOnMock.java
22	org.mockito.invocation.InvocationOnMock	callRealMethod()	0	0	[]	true	public	true	file:///private/tmp/projects/mockito/src/main/java/org/mockito/invocation/InvocationOnMock.java
23	org.mockito.ArgumentMatcher	matches(T)	0	1	[false]	false	public	false	file:///private/tmp/projects/mockito/src/main/java/org/mockito/ArgumentMatcher.java
24	org.mockito.invocation.StubInfo	stubbedAt()	0	0	[]	false	public	true	file:///private/tmp/projects/mockito/src/main/java/org/mockito/invocation/StubInfo.java
25	org.mockito.invocation.MockHandler	handle(org.mockito.invocation.Invocation)	0	1	[false]	true	public	true	file:///private/tmp/projects/mockito/src/main/java/org/mockito/invocation/MockHandler.java
26	org.mockito.invocation.MockHandler	getMockSettings()	0	0	[]	false	public	true	file:///private/tmp/projects/mockito/src/main/java/org/mockito/invocation/MockHandler.java
27	org.mockito.invocation.MockHandler	getInvocationContainer()	0	0	[]	false	public	true	file:///private/tmp/projects/mockito/src/main/java/org/mockito/invocation/MockHandler.java
28	org.mockito.mock.MockCreationSettings	getTypeToMock()	0	0	[]	false	public	true	file:///private/tmp/projects/mockito/src/main/java/org/mockito/mock/MockCreationSettings.java
29	org.mockito.mock.MockCreationSettings	getExtraInterfaces()	0	0	[]	false	public	true	file:///private/tmp/projects/mockito/src/main/java/org/mockito/mock/MockCreationSettings.java
30	org.mockito.mock.MockCreationSettings	getMockName()	0	0	[]	false	public	true	file:///private/tmp/projects/mockito/src/main/java/org/mockito/mock/MockCreationSettings.java
31	org.mockito.mock.MockCreationSettings	getDefaultAnswer()	0	0	[]	false	public	true	file:///private/tmp/projects/mockito/src/main/java/org/mockito/mock/MockCreationSettings.java
32	org.mockito.mock.MockCreationSettings	getSpiedInstance()	0	0	[]	true	public	true	file:///private/tmp/projects/mockito/src/main/java/org/mockito/mock/MockCreationSettings.java
33	org.mockito.mock.MockCreationSettings	isSerializable()	0	0	[]	false	public	false	file:///private/tmp/projects/mockito/src/main/java/org/mockito/mock/MockCreationSettings.java
34	org.mockito.mock.MockCreationSettings	getSerializableMode()	0	0	[]	false	public	true	file:///private/tmp/projects/mockito/src/main/java/org/mockito/mock/MockCreationSettings.java
35	org.mockito.mock.MockCreationSettings	isStubOnly()	0	0	[]	false	public	false	file:///private/tmp/projects/mockito/src/main/java/org/mockito/mock/MockCreationSettings.java
36	org.mockito.mock.MockCreationSettings	isStripAnnotations()	0	0	[]	false	public	false	file:///private/tmp/projects/mockito/src/main/java/org/mockito/mock/MockCreationSettings.java
37	org.mockito.mock.MockCreationSettings	getStubbingLookupListeners()	0	0	[]	false	public	true	file:///private/tmp/projects/mockito/src/main/java/org/mockito/mock/MockCreationSettings.java
38	org.mockito.mock.MockCreationSettings	getInvocationListeners()	0	0	[]	false	public	true	file:///private/tmp/projects/mockito/src/main/java/org/mockito/mock/MockCreationSettings.java
39	org.mockito.mock.MockCreationSettings	getVerificationStartedListeners()	0	0	[]	false	public	true	file:///private/tmp/projects/mockito/src/main/java/org/mockito/mock/MockCreationSettings.java
40	org.mockito.mock.MockCreationSettings	isUsingConstructor()	0	0	[]	false	public	false	file:///private/tmp/projects/mockito/src/main/java/org/mockito/mock/MockCreationSettings.java
41	org.mockito.mock.MockCreationSettings	getConstructorArgs()	0	0	[]	true	public	true	file:///private/tmp/projects/mockito/src/main/java/org/mockito/mock/MockCreationSettings.java
42	org.mockito.mock.MockCreationSettings	getOuterClassInstance()	0	0	[]	true	public	true	file:///private/tmp/projects/mockito/src/main/java/org/mockito/mock/MockCreationSettings.java
43	org.mockito.mock.MockCreationSettings	isLenient()	0	0	[]	false	public	false	file:///private/tmp/projects/mockito/src/main/java/org/mockito/mock/MockCreationSettings.java
44	org.mockito.mock.MockName	toString()	2	0	[]	false	public	true	file:///private/tmp/projects/mockito/src/main/java/org/mockito/mock/MockName.java
45	org.mockito.mock.MockName	isDefault()	0	0	[]	false	public	false	file:///private/tmp/projects/mockito/src/main/java/org/mockito/mock/MockName.java
46	org.mockito.stubbing.Answer	answer(org.mockito.invocation.InvocationOnMock)	0	1	[false]	true	public	true	file:///private/tmp/projects/mockito/src/main/java/org/mockito/stubbing/Answer.java
47	org.mockito.listeners.StubbingLookupListener	onStubbingLookup(org.mockito.listeners.StubbingLookupEvent)	0	1	[false]	false	public	false	file:///private/tmp/projects/mockito/src/main/java/org/mockito/listeners/StubbingLookupListener.java
48	org.mockito.listeners.InvocationListener	reportInvocation(org.mockito.listeners.MethodInvocationReport)	0	1	[false]	false	public	false	file:///private/tmp/projects/mockito/src/main/java/org/mockito/listeners/InvocationListener.java
49	org.mockito.listeners.VerificationStartedListener	onVerificationStarted(org.mockito.listeners.VerificationStartedEvent)	0	1	[false]	false	public	false	file:///private/tmp/projects/mockito/src/main/java/org/mockito/listeners/VerificationStartedListener.java
50	org.mockito.listeners.VerificationStartedEvent	setMock(java.lang.Object)	0	1	[false]	false	public	false	file:///private/tmp/projects/mockito/src/main/java/org/mockito/listeners/VerificationStartedEvent.java
51	org.mockito.listeners.VerificationStartedEvent	getMock()	0	0	[]	false	public	true	file:///private/tmp/projects/mockito/src/main/java/org/mockito/listeners/VerificationStartedEvent.java
52	org.mockito.listeners.MethodInvocationReport	getInvocation()	0	0	[]	false	public	true	file:///private/tmp/projects/mockito/src/main/java/org/mockito/listeners/MethodInvocationReport.java
53	org.mockito.listeners.MethodInvocationReport	getReturnedValue()	0	0	[]	true	public	true	file:///private/tmp/projects/mockito/src/main/java/org/mockito/listeners/MethodInvocationReport.java
54	org.mockito.listeners.MethodInvocationReport	getThrowable()	0	0	[]	true	public	true	file:///private/tmp/projects/mockito/src/main/java/org/mockito/listeners/MethodInvocationReport.java
55	org.mockito.listeners.MethodInvocationReport	threwException()	0	0	[]	false	public	false	file:///private/tmp/projects/mockito/src/main/java/org/mockito/listeners/MethodInvocationReport.java
56	org.mockito.listeners.MethodInvocationReport	getLocationOfStubbing()	0	0	[]	true	public	true	file:///private/tmp/projects/mockito/src/main/java/org/mockito/listeners/MethodInvocationReport.java
57	org.mockito.listeners.StubbingLookupEvent	getInvocation()	0	0	[]	false	public	true	file:///private/tmp/projects/mockito/src/main/java/org/mockito/listeners/StubbingLookupEvent.java
58	org.mockito.listeners.StubbingLookupEvent	getStubbingFound()	0	0	[]	false	public	true	file:///private/tmp/projects/mockito/src/main/java/org/mockito/listeners/StubbingLookupEvent.java
59	org.mockito.listeners.StubbingLookupEvent	getAllStubbings()	0	0	[]	false	public	true	file:///private/tmp/projects/mockito/src/main/java/org/mockito/listeners/StubbingLookupEvent.java
60	org.mockito.listeners.StubbingLookupEvent	getMockSettings()	0	0	[]	false	public	true	file:///private/tmp/projects/mockito/src/main/java/org/mockito/listeners/StubbingLookupEvent.java
61	org.mockito.stubbing.Stubbing	getInvocation()	0	0	[]	false	public	true	file:///private/tmp/projects/mockito/src/main/java/org/mockito/stubbing/Stubbing.java
62	org.mockito.stubbing.Stubbing	wasUsed()	0	0	[]	false	public	false	file:///private/tmp/projects/mockito/src/main/java/org/mockito/stubbing/Stubbing.java
63	org.mockito.stubbing.Stubbing	getStrictness()	0	0	[]	true	public	true	file:///private/tmp/projects/mockito/src/main/java/org/mockito/stubbing/Stubbing.java
64	org.mockito.invocation.InvocationFactory	createInvocation(java.lang.Object,org.mockito.mock.MockCreationSettings,java.lang.reflect.Method,java.util.concurrent.Callable,java.lang.Object...)	0	5	[false, false, false, false, false]	false	public	true	file:///private/tmp/projects/mockito/src/main/java/org/mockito/invocation/InvocationFactory.java
65	org.mockito.invocation.InvocationFactory$RealMethodBehavior	call()	0	0	[]	false	public	true	file:///private/tmp/projects/mockito/src/main/java/org/mockito/invocation/InvocationFactory.java
66	org.mockito.invocation.InvocationFactory	createInvocation(java.lang.Object,org.mockito.mock.MockCreationSettings,java.lang.reflect.Method,org.mockito.invocation.InvocationFactory.RealMethodBehavior,java.lang.Object...)	0	5	[false, false, false, false, false]	false	public	true	file:///private/tmp/projects/mockito/src/main/java/org/mockito/invocation/InvocationFactory.java
67	org.mockito.invocation.MatchableInvocation	getInvocation()	0	0	[]	false	public	true	file:///private/tmp/projects/mockito/src/main/java/org/mockito/invocation/MatchableInvocation.java
68	org.mockito.invocation.MatchableInvocation	getMatchers()	0	0	[]	false	public	true	file:///private/tmp/projects/mockito/src/main/java/org/mockito/invocation/MatchableInvocation.java
69	org.mockito.invocation.MatchableInvocation	matches(org.mockito.invocation.Invocation)	0	1	[false]	false	public	false	file:///private/tmp/projects/mockito/src/main/java/org/mockito/invocation/MatchableInvocation.java
70	org.mockito.invocation.MatchableInvocation	hasSimilarMethod(org.mockito.invocation.Invocation)	0	1	[false]	false	public	false	file:///private/tmp/projects/mockito/src/main/java/org/mockito/invocation/MatchableInvocation.java
71	org.mockito.invocation.MatchableInvocation	hasSameMethod(org.mockito.invocation.Invocation)	0	1	[false]	false	public	false	file:///private/tmp/projects/mockito/src/main/java/org/mockito/invocation/MatchableInvocation.java
72	org.mockito.invocation.MatchableInvocation	captureArgumentsFrom(org.mockito.invocation.Invocation)	0	1	[false]	false	public	false	file:///private/tmp/projects/mockito/src/main/java/org/mockito/invocation/MatchableInvocation.java
73	org.mockito.internal.util.reflection.GenericTypeExtractor	genericTypeOf(java.lang.Class<?>,java.lang.Class<?>,java.lang.Class<?>)	0	3	[false, false, false]	false	public	true	file:///private/tmp/projects/mockito/src/main/java/org/mockito/internal/util/reflection/GenericTypeExtractor.java
74	org.mockito.internal.util.reflection.GenericTypeExtractor	findGenericInterface(java.lang.Class<?>,java.lang.Class<?>)	0	2	[false, false]	true	private	true	file:///private/tmp/projects/mockito/src/main/java/org/mockito/internal/util/reflection/GenericTypeExtractor.java
75	org.mockito.internal.util.reflection.GenericTypeExtractor	extractGeneric(java.lang.reflect.Type)	0	1	[false]	false	private	true	file:///private/tmp/projects/mockito/src/main/java/org/mockito/internal/util/reflection/GenericTypeExtractor.java
76	org.mockito.internal.hamcrest.MatcherGenericTypeExtractor	genericTypeOfMatcher(java.lang.Class<?>)	0	1	[false]	false	public	true	file:///private/tmp/projects/mockito/src/main/java/org/mockito/internal/hamcrest/MatcherGenericTypeExtractor.java
77	org.mockito.internal.progress.ThreadSafeMockingProgress$1	initialValue()	78	0	[]	false	protected	true	file:///private/tmp/projects/mockito/src/main/java/org/mockito/internal/progress/ThreadSafeMockingProgress.java
79	org.mockito.internal.progress.ThreadSafeMockingProgress	ThreadSafeMockingProgress()	0	0	[]	false	private	false	file:///private/tmp/projects/mockito/src/main/java/org/mockito/internal/progress/ThreadSafeMockingProgress.java
80	org.mockito.internal.progress.ThreadSafeMockingProgress	mockingProgress()	0	0	[]	false	public	true	file:///private/tmp/projects/mockito/src/main/java/org/mockito/internal/progress/ThreadSafeMockingProgress.java
81	org.mockito.internal.util.Primitives	<T>primitiveTypeOf(java.lang.Class<T>)	0	1	[false]	false	public	true	file:///private/tmp/projects/mockito/src/main/java/org/mockito/internal/util/Primitives.java
82	org.mockito.internal.util.Primitives	isPrimitiveOrWrapper(java.lang.Class<?>)	0	1	[false]	false	public	false	file:///private/tmp/projects/mockito/src/main/java/org/mockito/internal/util/Primitives.java
83	org.mockito.internal.util.Primitives	isAssignableFromWrapper(java.lang.Class<?>,java.lang.Class<?>)	0	2	[false, false]	false	public	false	file:///private/tmp/projects/mockito/src/main/java/org/mockito/internal/util/Primitives.java
84	org.mockito.internal.util.Primitives	<T>defaultValue(java.lang.Class<T>)	0	1	[false]	true	public	true	file:///private/tmp/projects/mockito/src/main/java/org/mockito/internal/util/Primitives.java
85	org.mockito.hamcrest.MockitoHamcrest	<T>argThat(org.hamcrest.Matcher<T>)	0	1	[false]	true	public	true	file:///private/tmp/projects/mockito/src/main/java/org/mockito/hamcrest/MockitoHamcrest.java
86	org.mockito.hamcrest.MockitoHamcrest	charThat(org.hamcrest.Matcher<java.lang.Character>)	0	1	[false]	false	public	false	file:///private/tmp/projects/mockito/src/main/java/org/mockito/hamcrest/MockitoHamcrest.java
87	org.mockito.hamcrest.MockitoHamcrest	booleanThat(org.hamcrest.Matcher<java.lang.Boolean>)	0	1	[false]	false	public	false	file:///private/tmp/projects/mockito/src/main/java/org/mockito/hamcrest/MockitoHamcrest.java
88	org.mockito.hamcrest.MockitoHamcrest	byteThat(org.hamcrest.Matcher<java.lang.Byte>)	0	1	[false]	false	public	false	file:///private/tmp/projects/mockito/src/main/java/org/mockito/hamcrest/MockitoHamcrest.java
89	org.mockito.hamcrest.MockitoHamcrest	shortThat(org.hamcrest.Matcher<java.lang.Short>)	0	1	[false]	false	public	false	file:///private/tmp/projects/mockito/src/main/java/org/mockito/hamcrest/MockitoHamcrest.java
90	org.mockito.hamcrest.MockitoHamcrest	intThat(org.hamcrest.Matcher<java.lang.Integer>)	0	1	[false]	false	public	false	file:///private/tmp/projects/mockito/src/main/java/org/mockito/hamcrest/MockitoHamcrest.java
91	org.mockito.hamcrest.MockitoHamcrest	longThat(org.hamcrest.Matcher<java.lang.Long>)	0	1	[false]	false	public	false	file:///private/tmp/projects/mockito/src/main/java/org/mockito/hamcrest/MockitoHamcrest.java
92	org.mockito.hamcrest.MockitoHamcrest	floatThat(org.hamcrest.Matcher<java.lang.Float>)	0	1	[false]	false	public	false	file:///private/tmp/projects/mockito/src/main/java/org/mockito/hamcrest/MockitoHamcrest.java
93	org.mockito.hamcrest.MockitoHamcrest	doubleThat(org.hamcrest.Matcher<java.lang.Double>)	0	1	[false]	false	public	false	file:///private/tmp/projects/mockito/src/main/java/org/mockito/hamcrest/MockitoHamcrest.java
94	org.mockito.hamcrest.MockitoHamcrest	<T>reportMatcher(org.hamcrest.Matcher<T>)	0	1	[false]	false	private	false	file:///private/tmp/projects/mockito/src/main/java/org/mockito/hamcrest/MockitoHamcrest.java
95	org.mockito.internal.progress.MockingProgress	reportOngoingStubbing(org.mockito.stubbing.OngoingStubbing<?>)	0	1	[false]	false	public	false	file:///private/tmp/projects/mockito/src/main/java/org/mockito/internal/progress/MockingProgress.java
96	org.mockito.internal.progress.MockingProgress	pullOngoingStubbing()	0	0	[]	true	public	true	file:///private/tmp/projects/mockito/src/main/java/org/mockito/internal/progress/MockingProgress.java
97	org.mockito.internal.progress.MockingProgress	verificationListeners()	0	0	[]	false	public	true	file:///private/tmp/projects/mockito/src/main/java/org/mockito/internal/progress/MockingProgress.java
98	org.mockito.internal.progress.MockingProgress	verificationStarted(org.mockito.verification.VerificationMode)	0	1	[false]	false	public	false	file:///private/tmp/projects/mockito/src/main/java/org/mockito/internal/progress/MockingProgress.java
99	org.mockito.internal.progress.MockingProgress	pullVerificationMode()	0	0	[]	true	public	true	file:///private/tmp/projects/mockito/src/main/java/org/mockito/internal/progress/MockingProgress.java
100	org.mockito.internal.progress.MockingProgress	stubbingStarted()	0	0	[]	false	public	false	file:///private/tmp/projects/mockito/src/main/java/org/mockito/internal/progress/MockingProgress.java
101	org.mockito.internal.progress.MockingProgress	stubbingCompleted()	0	0	[]	false	public	false	file:///private/tmp/projects/mockito/src/main/java/org/mockito/internal/progress/MockingProgress.java
102	org.mockito.internal.progress.MockingProgress	validateState()	0	0	[]	false	public	false	file:///private/tmp/projects/mockito/src/main/java/org/mockito/internal/progress/MockingProgress.java
103	org.mockito.internal.progress.MockingProgress	reset()	0	0	[]	false	public	false	file:///private/tmp/projects/mockito/src/main/java/org/mockito/internal/progress/MockingProgress.java
104	org.mockito.internal.progress.MockingProgress	resetOngoingStubbing()	0	0	[]	false	public	false	file:///private/tmp/projects/mockito/src/main/java/org/mockito/internal/progress/MockingProgress.java
105	org.mockito.internal.progress.MockingProgress	getArgumentMatcherStorage()	0	0	[]	false	public	true	file:///private/tmp/projects/mockito/src/main/java/org/mockito/internal/progress/MockingProgress.java
106	org.mockito.internal.progress.MockingProgress	mockingStarted(java.lang.Object,org.mockito.mock.MockCreationSettings)	0	2	[false, false]	false	public	false	file:///private/tmp/projects/mockito/src/main/java/org/mockito/internal/progress/MockingProgress.java
107	org.mockito.internal.progress.MockingProgress	mockingStarted(java.lang.Class<?>,org.mockito.mock.MockCreationSettings)	0	2	[false, false]	false	public	false	file:///private/tmp/projects/mockito/src/main/java/org/mockito/internal/progress/MockingProgress.java
108	org.mockito.internal.progress.MockingProgress	addListener(org.mockito.listeners.MockitoListener)	0	1	[false]	false	public	false	file:///private/tmp/projects/mockito/src/main/java/org/mockito/internal/progress/MockingProgress.java
109	org.mockito.internal.progress.MockingProgress	removeListener(org.mockito.listeners.MockitoListener)	0	1	[false]	false	public	false	file:///private/tmp/projects/mockito/src/main/java/org/mockito/internal/progress/MockingProgress.java
110	org.mockito.internal.progress.MockingProgress	setVerificationStrategy(org.mockito.verification.VerificationStrategy)	0	1	[false]	false	public	false	file:///private/tmp/projects/mockito/src/main/java/org/mockito/internal/progress/MockingProgress.java
111	org.mockito.internal.progress.MockingProgress	maybeVerifyLazily(org.mockito.verification.VerificationMode)	0	1	[false]	false	public	true	file:///private/tmp/projects/mockito/src/main/java/org/mockito/internal/progress/MockingProgress.java
112	org.mockito.internal.progress.MockingProgress	clearListeners()	0	0	[]	false	public	false	file:///private/tmp/projects/mockito/src/main/java/org/mockito/internal/progress/MockingProgress.java
113	org.mockito.stubbing.OngoingStubbing	thenReturn(T)	0	1	[true]	false	public	true	file:///private/tmp/projects/mockito/src/main/java/org/mockito/stubbing/OngoingStubbing.java
114	org.mockito.stubbing.OngoingStubbing	thenReturn(T,T...)	0	2	[false, false]	false	public	true	file:///private/tmp/projects/mockito/src/main/java/org/mockito/stubbing/OngoingStubbing.java
115	org.mockito.stubbing.OngoingStubbing	thenThrow(java.lang.Throwable...)	0	1	[false]	true	public	true	file:///private/tmp/projects/mockito/src/main/java/org/mockito/stubbing/OngoingStubbing.java
116	org.mockito.stubbing.OngoingStubbing	thenThrow(java.lang.Class<? extends java.lang.Throwable>)	0	1	[false]	false	public	true	file:///private/tmp/projects/mockito/src/main/java/org/mockito/stubbing/OngoingStubbing.java
117	org.mockito.stubbing.OngoingStubbing	thenThrow(java.lang.Class<? extends java.lang.Throwable>,java.lang.Class<? extends java.lang.Throwable>...)	0	2	[false, false]	false	public	true	file:///private/tmp/projects/mockito/src/main/java/org/mockito/stubbing/OngoingStubbing.java
118	org.mockito.stubbing.OngoingStubbing	thenCallRealMethod()	0	0	[]	false	public	true	file:///private/tmp/projects/mockito/src/main/java/org/mockito/stubbing/OngoingStubbing.java
119	org.mockito.stubbing.OngoingStubbing	thenAnswer(org.mockito.stubbing.Answer<?>)	0	1	[false]	false	public	true	file:///private/tmp/projects/mockito/src/main/java/org/mockito/stubbing/OngoingStubbing.java
120	org.mockito.stubbing.OngoingStubbing	then(org.mockito.stubbing.Answer<?>)	0	1	[false]	false	public	true	file:///private/tmp/projects/mockito/src/main/java/org/mockito/stubbing/OngoingStubbing.java
121	org.mockito.stubbing.OngoingStubbing	<M>getMock()	0	0	[]	false	public	true	file:///private/tmp/projects/mockito/src/main/java/org/mockito/stubbing/OngoingStubbing.java
122	org.mockito.listeners.VerificationListener	onVerification(org.mockito.verification.VerificationEvent)	0	1	[false]	false	public	false	file:///private/tmp/projects/mockito/src/main/java/org/mockito/listeners/VerificationListener.java
123	org.mockito.verification.VerificationMode	verify(org.mockito.internal.verification.api.VerificationData)	0	1	[false]	false	public	false	file:///private/tmp/projects/mockito/src/main/java/org/mockito/verification/VerificationMode.java
124	org.mockito.verification.VerificationMode	description(java.lang.String)	0	1	[false]	false	public	true	file:///private/tmp/projects/mockito/src/main/java/org/mockito/verification/VerificationMode.java
125	org.mockito.internal.progress.ArgumentMatcherStorage	reportMatcher(org.mockito.ArgumentMatcher<?>)	0	1	[false]	false	public	false	file:///private/tmp/projects/mockito/src/main/java/org/mockito/internal/progress/ArgumentMatcherStorage.java
126	org.mockito.internal.progress.ArgumentMatcherStorage	pullLocalizedMatchers()	0	0	[]	false	public	true	file:///private/tmp/projects/mockito/src/main/java/org/mockito/internal/progress/ArgumentMatcherStorage.java
127	org.mockito.internal.progress.ArgumentMatcherStorage	reportAnd()	0	0	[]	false	public	false	file:///private/tmp/projects/mockito/src/main/java/org/mockito/internal/progress/ArgumentMatcherStorage.java
128	org.mockito.internal.progress.ArgumentMatcherStorage	reportNot()	0	0	[]	false	public	false	file:///private/tmp/projects/mockito/src/main/java/org/mockito/internal/progress/ArgumentMatcherStorage.java
129	org.mockito.internal.progress.ArgumentMatcherStorage	reportOr()	0	0	[]	false	public	false	file:///private/tmp/projects/mockito/src/main/java/org/mockito/internal/progress/ArgumentMatcherStorage.java
130	org.mockito.internal.progress.ArgumentMatcherStorage	validateState()	0	0	[]	false	public	false	file:///private/tmp/projects/mockito/src/main/java/org/mockito/internal/progress/ArgumentMatcherStorage.java
131	org.mockito.internal.progress.ArgumentMatcherStorage	reset()	0	0	[]	false	public	false	file:///private/tmp/projects/mockito/src/main/java/org/mockito/internal/progress/ArgumentMatcherStorage.java
132	org.mockito.verification.VerificationStrategy	maybeVerifyLazily(org.mockito.verification.VerificationMode)	0	1	[false]	false	public	true	file:///private/tmp/projects/mockito/src/main/java/org/mockito/verification/VerificationStrategy.java
133	org.mockito.internal.matchers.LocalizedMatcher	LocalizedMatcher(org.mockito.ArgumentMatcher<?>)	0	1	[false]	false	public	false	file:///private/tmp/projects/mockito/src/main/java/org/mockito/internal/matchers/LocalizedMatcher.java
134	org.mockito.internal.matchers.LocalizedMatcher	getLocation()	0	0	[]	false	public	true	file:///private/tmp/projects/mockito/src/main/java/org/mockito/internal/matchers/LocalizedMatcher.java
135	org.mockito.internal.matchers.LocalizedMatcher	getMatcher()	0	0	[]	false	public	true	file:///private/tmp/projects/mockito/src/main/java/org/mockito/internal/matchers/LocalizedMatcher.java
136	org.mockito.internal.verification.api.VerificationData	getAllInvocations()	0	0	[]	false	public	true	file:///private/tmp/projects/mockito/src/main/java/org/mockito/internal/verification/api/VerificationData.java
137	org.mockito.internal.verification.api.VerificationData	getTarget()	0	0	[]	false	public	true	file:///private/tmp/projects/mockito/src/main/java/org/mockito/internal/verification/api/VerificationData.java
138	org.mockito.internal.verification.api.VerificationData	getWanted()	0	0	[]	false	public	true	file:///private/tmp/projects/mockito/src/main/java/org/mockito/internal/verification/api/VerificationData.java
139	org.mockito.internal.invocation.MatcherApplicationStrategy	MatcherApplicationStrategy(org.mockito.invocation.Invocation,java.util.List<org.mockito.ArgumentMatcher<?>>,org.mockito.internal.invocation.MatcherApplicationStrategy.MatcherApplicationType)	0	3	[false, false, false]	false	private	false	file:///private/tmp/projects/mockito/src/main/java/org/mockito/internal/invocation/MatcherApplicationStrategy.java
140	org.mockito.internal.invocation.MatcherApplicationStrategy	getMatcherApplicationStrategyFor(org.mockito.invocation.Invocation,java.util.List<org.mockito.ArgumentMatcher<?>>)	0	2	[false, false]	false	public	true	file:///private/tmp/projects/mockito/src/main/java/org/mockito/internal/invocation/MatcherApplicationStrategy.java
141	org.mockito.internal.invocation.MatcherApplicationStrategy	forEachMatcherAndArgument(org.mockito.internal.invocation.ArgumentMatcherAction)	0	1	[false]	false	public	false	file:///private/tmp/projects/mockito/src/main/java/org/mockito/internal/invocation/MatcherApplicationStrategy.java
142	org.mockito.internal.invocation.MatcherApplicationStrategy	getMatcherApplicationType(org.mockito.invocation.Invocation,java.util.List<org.mockito.ArgumentMatcher<?>>)	0	2	[false, false]	false	private	true	file:///private/tmp/projects/mockito/src/main/java/org/mockito/internal/invocation/MatcherApplicationStrategy.java
143	org.mockito.internal.invocation.MatcherApplicationStrategy	isLastMatcherVarargMatcher(java.util.List<org.mockito.ArgumentMatcher<?>>)	0	1	[false]	false	private	false	file:///private/tmp/projects/mockito/src/main/java/org/mockito/internal/invocation/MatcherApplicationStrategy.java
144	org.mockito.internal.invocation.MatcherApplicationStrategy	appendLastMatcherNTimes(java.util.List<org.mockito.ArgumentMatcher<?>>,int)	0	2	[false, false]	false	private	true	file:///private/tmp/projects/mockito/src/main/java/org/mockito/internal/invocation/MatcherApplicationStrategy.java
145	org.mockito.internal.invocation.MatcherApplicationStrategy	varargLength(org.mockito.invocation.Invocation)	0	1	[false]	false	private	false	file:///private/tmp/projects/mockito/src/main/java/org/mockito/internal/invocation/MatcherApplicationStrategy.java
146	org.mockito.internal.invocation.MatcherApplicationStrategy	lastMatcher(java.util.List<org.mockito.ArgumentMatcher<?>>)	0	1	[false]	false	private	true	file:///private/tmp/projects/mockito/src/main/java/org/mockito/internal/invocation/MatcherApplicationStrategy.java
147	org.mockito.internal.invocation.TypeSafeMatching	TypeSafeMatching()	0	0	[]	false	private	false	file:///private/tmp/projects/mockito/src/main/java/org/mockito/internal/invocation/TypeSafeMatching.java
148	org.mockito.internal.invocation.TypeSafeMatching	matchesTypeSafe()	0	0	[]	false	public	true	file:///private/tmp/projects/mockito/src/main/java/org/mockito/internal/invocation/TypeSafeMatching.java
149	org.mockito.internal.invocation.TypeSafeMatching	apply(org.mockito.ArgumentMatcher,java.lang.Object)	150	2	[false, false]	false	public	false	file:///private/tmp/projects/mockito/src/main/java/org/mockito/internal/invocation/TypeSafeMatching.java
151	org.mockito.internal.invocation.TypeSafeMatching	isCompatible(org.mockito.ArgumentMatcher<?>,java.lang.Object)	0	2	[false, false]	false	private	false	file:///private/tmp/projects/mockito/src/main/java/org/mockito/internal/invocation/TypeSafeMatching.java
152	org.mockito.internal.invocation.TypeSafeMatching	getArgumentType(org.mockito.ArgumentMatcher<?>)	0	1	[false]	false	private	true	file:///private/tmp/projects/mockito/src/main/java/org/mockito/internal/invocation/TypeSafeMatching.java
153	org.mockito.internal.invocation.TypeSafeMatching	isMatchesMethod(java.lang.reflect.Method)	0	1	[false]	false	private	false	file:///private/tmp/projects/mockito/src/main/java/org/mockito/internal/invocation/TypeSafeMatching.java
154	org.mockito.internal.invocation.InvocationMatcher	InvocationMatcher(org.mockito.invocation.Invocation,java.util.List<org.mockito.ArgumentMatcher>)	0	2	[false, false]	false	public	false	file:///private/tmp/projects/mockito/src/main/java/org/mockito/internal/invocation/InvocationMatcher.java
155	org.mockito.internal.invocation.InvocationMatcher	InvocationMatcher(org.mockito.invocation.Invocation)	0	1	[false]	false	public	false	file:///private/tmp/projects/mockito/src/main/java/org/mockito/internal/invocation/InvocationMatcher.java
156	org.mockito.internal.invocation.InvocationMatcher	createFrom(java.util.List<org.mockito.invocation.Invocation>)	0	1	[false]	false	public	true	file:///private/tmp/projects/mockito/src/main/java/org/mockito/internal/invocation/InvocationMatcher.java
157	org.mockito.internal.invocation.InvocationMatcher	getMethod()	0	0	[]	false	public	true	file:///private/tmp/projects/mockito/src/main/java/org/mockito/internal/invocation/InvocationMatcher.java
158	org.mockito.internal.invocation.InvocationMatcher	getInvocation()	67	0	[]	false	public	true	file:///private/tmp/projects/mockito/src/main/java/org/mockito/internal/invocation/InvocationMatcher.java
159	org.mockito.internal.invocation.InvocationMatcher	getMatchers()	68	0	[]	false	public	true	file:///private/tmp/projects/mockito/src/main/java/org/mockito/internal/invocation/InvocationMatcher.java
160	org.mockito.internal.invocation.InvocationMatcher	toString()	1	0	[]	false	public	true	file:///private/tmp/projects/mockito/src/main/java/org/mockito/internal/invocation/InvocationMatcher.java
161	org.mockito.internal.invocation.InvocationMatcher	matches(org.mockito.invocation.Invocation)	69	1	[false]	false	public	false	file:///private/tmp/projects/mockito/src/main/java/org/mockito/internal/invocation/InvocationMatcher.java
162	org.mockito.internal.invocation.InvocationMatcher	hasSimilarMethod(org.mockito.invocation.Invocation)	70	1	[false]	false	public	false	file:///private/tmp/projects/mockito/src/main/java/org/mockito/internal/invocation/InvocationMatcher.java
163	org.mockito.internal.invocation.InvocationMatcher	hasSameMethod(org.mockito.invocation.Invocation)	71	1	[false]	false	public	false	file:///private/tmp/projects/mockito/src/main/java/org/mockito/internal/invocation/InvocationMatcher.java
164	org.mockito.internal.invocation.InvocationMatcher	getLocation()	3	0	[]	false	public	true	file:///private/tmp/projects/mockito/src/main/java/org/mockito/internal/invocation/InvocationMatcher.java
165	org.mockito.internal.invocation.InvocationMatcher	captureArgumentsFrom(org.mockito.invocation.Invocation)	72	1	[false]	false	public	false	file:///private/tmp/projects/mockito/src/main/java/org/mockito/internal/invocation/InvocationMatcher.java
166	org.mockito.internal.invocation.InvocationMatcher	captureArgument()	0	0	[]	false	private	true	file:///private/tmp/projects/mockito/src/main/java/org/mockito/internal/invocation/InvocationMatcher.java
167	org.mockito.internal.invocation.InvocationMatcher$1	apply(org.mockito.ArgumentMatcher<?>,java.lang.Object)	150	2	[false, false]	false	public	false	file:///private/tmp/projects/mockito/src/main/java/org/mockito/internal/invocation/InvocationMatcher.java
168	org.mockito.internal.invocation.InvocationMatcher	argumentsMatch(org.mockito.invocation.Invocation)	0	1	[false]	false	private	false	file:///private/tmp/projects/mockito/src/main/java/org/mockito/internal/invocation/InvocationMatcher.java
150	org.mockito.internal.invocation.ArgumentMatcherAction	apply(org.mockito.ArgumentMatcher<?>,java.lang.Object)	0	2	[false, false]	false	public	false	file:///private/tmp/projects/mockito/src/main/java/org/mockito/internal/invocation/ArgumentMatcherAction.java
169	org.mockito.verification.VerificationEvent	getMock()	0	0	[]	false	public	true	file:///private/tmp/projects/mockito/src/main/java/org/mockito/verification/VerificationEvent.java
170	org.mockito.verification.VerificationEvent	getMode()	0	0	[]	false	public	true	file:///private/tmp/projects/mockito/src/main/java/org/mockito/verification/VerificationEvent.java
171	org.mockito.verification.VerificationEvent	getData()	0	0	[]	false	public	true	file:///private/tmp/projects/mockito/src/main/java/org/mockito/verification/VerificationEvent.java
172	org.mockito.verification.VerificationEvent	getVerificationError()	0	0	[]	true	public	true	file:///private/tmp/projects/mockito/src/main/java/org/mockito/verification/VerificationEvent.java
173	org.mockito.configuration.IMockitoConfiguration	getDefaultAnswer()	0	0	[]	false	public	true	file:///private/tmp/projects/mockito/src/main/java/org/mockito/configuration/IMockitoConfiguration.java
174	org.mockito.configuration.IMockitoConfiguration	getAnnotationEngine()	0	0	[]	false	public	true	file:///private/tmp/projects/mockito/src/main/java/org/mockito/configuration/IMockitoConfiguration.java
175	org.mockito.configuration.IMockitoConfiguration	cleansStackTrace()	0	0	[]	false	public	false	file:///private/tmp/projects/mockito/src/main/java/org/mockito/configuration/IMockitoConfiguration.java
176	org.mockito.configuration.IMockitoConfiguration	enableClassCache()	0	0	[]	false	public	false	file:///private/tmp/projects/mockito/src/main/java/org/mockito/configuration/IMockitoConfiguration.java
177	org.mockito.plugins.AnnotationEngine	process(java.lang.Class<?>,java.lang.Object)	0	2	[false, false]	false	public	true	file:///private/tmp/projects/mockito/src/main/java/org/mockito/plugins/AnnotationEngine.java
178	org.mockito.plugins.AnnotationEngine$NoAction	close()	179	0	[]	false	public	false	file:///private/tmp/projects/mockito/src/main/java/org/mockito/plugins/AnnotationEngine.java
180	org.mockito.configuration.DefaultMockitoConfiguration	getDefaultAnswer()	173	0	[]	false	public	true	file:///private/tmp/projects/mockito/src/main/java/org/mockito/configuration/DefaultMockitoConfiguration.java
181	org.mockito.configuration.DefaultMockitoConfiguration	getAnnotationEngine()	174	0	[]	false	public	true	file:///private/tmp/projects/mockito/src/main/java/org/mockito/configuration/DefaultMockitoConfiguration.java
182	org.mockito.configuration.DefaultMockitoConfiguration	cleansStackTrace()	175	0	[]	false	public	false	file:///private/tmp/projects/mockito/src/main/java/org/mockito/configuration/DefaultMockitoConfiguration.java
183	org.mockito.configuration.DefaultMockitoConfiguration	enableClassCache()	176	0	[]	false	public	false	file:///private/tmp/projects/mockito/src/main/java/org/mockito/configuration/DefaultMockitoConfiguration.java
184	org.mockito.MockSettings	extraInterfaces(java.lang.Class<?>...)	0	1	[false]	false	public	true	file:///private/tmp/projects/mockito/src/main/java/org/mockito/MockSettings.java
185	org.mockito.MockSettings	name(java.lang.String)	0	1	[false]	false	public	true	file:///private/tmp/projects/mockito/src/main/java/org/mockito/MockSettings.java
186	org.mockito.MockSettings	spiedInstance(java.lang.Object)	0	1	[false]	false	public	true	file:///private/tmp/projects/mockito/src/main/java/org/mockito/MockSettings.java
187	org.mockito.MockSettings	defaultAnswer(org.mockito.stubbing.Answer)	0	1	[false]	false	public	true	file:///private/tmp/projects/mockito/src/main/java/org/mockito/MockSettings.java
188	org.mockito.MockSettings	serializable()	0	0	[]	false	public	true	file:///private/tmp/projects/mockito/src/main/java/org/mockito/MockSettings.java
189	org.mockito.MockSettings	serializable(org.mockito.mock.SerializableMode)	0	1	[false]	false	public	true	file:///private/tmp/projects/mockito/src/main/java/org/mockito/MockSettings.java
190	org.mockito.MockSettings	verboseLogging()	0	0	[]	false	public	true	file:///private/tmp/projects/mockito/src/main/java/org/mockito/MockSettings.java
191	org.mockito.MockSettings	stubbingLookupListeners(org.mockito.listeners.StubbingLookupListener...)	0	1	[false]	false	public	true	file:///private/tmp/projects/mockito/src/main/java/org/mockito/MockSettings.java
192	org.mockito.MockSettings	invocationListeners(org.mockito.listeners.InvocationListener...)	0	1	[false]	false	public	true	file:///private/tmp/projects/mockito/src/main/java/org/mockito/MockSettings.java
193	org.mockito.MockSettings	verificationStartedListeners(org.mockito.listeners.VerificationStartedListener...)	0	1	[false]	false	public	true	file:///private/tmp/projects/mockito/src/main/java/org/mockito/MockSettings.java
194	org.mockito.MockSettings	stubOnly()	0	0	[]	false	public	true	file:///private/tmp/projects/mockito/src/main/java/org/mockito/MockSettings.java
195	org.mockito.MockSettings	useConstructor(java.lang.Object...)	0	1	[false]	false	public	true	file:///private/tmp/projects/mockito/src/main/java/org/mockito/MockSettings.java
196	org.mockito.MockSettings	outerInstance(java.lang.Object)	0	1	[false]	false	public	true	file:///private/tmp/projects/mockito/src/main/java/org/mockito/MockSettings.java
197	org.mockito.MockSettings	withoutAnnotations()	0	0	[]	false	public	true	file:///private/tmp/projects/mockito/src/main/java/org/mockito/MockSettings.java
198	org.mockito.MockSettings	<T>build(java.lang.Class<T>)	0	1	[false]	false	public	true	file:///private/tmp/projects/mockito/src/main/java/org/mockito/MockSettings.java
199	org.mockito.MockSettings	<T>buildStatic(java.lang.Class<T>)	0	1	[false]	false	public	true	file:///private/tmp/projects/mockito/src/main/java/org/mockito/MockSettings.java
200	org.mockito.MockSettings	lenient()	0	0	[]	false	public	true	file:///private/tmp/projects/mockito/src/main/java/org/mockito/MockSettings.java
201	org.mockito.ScopedMock	isClosed()	0	0	[]	false	public	false	file:///private/tmp/projects/mockito/src/main/java/org/mockito/ScopedMock.java
202	org.mockito.ScopedMock	close()	179	0	[]	false	public	false	file:///private/tmp/projects/mockito/src/main/java/org/mockito/ScopedMock.java
203	org.mockito.ScopedMock	closeOnDemand()	0	0	[]	false	public	false	file:///private/tmp/projects/mockito/src/main/java/org/mockito/ScopedMock.java
204	org.mockito.MockitoSession	setStrictness(org.mockito.quality.Strictness)	0	1	[false]	false	public	false	file:///private/tmp/projects/mockito/src/main/java/org/mockito/MockitoSession.java
205	org.mockito.MockitoSession	finishMocking()	0	0	[]	false	public	false	file:///private/tmp/projects/mockito/src/main/java/org/mockito/MockitoSession.java
206	org.mockito.MockitoSession	finishMocking(java.lang.Throwable)	0	1	[true]	false	public	false	file:///private/tmp/projects/mockito/src/main/java/org/mockito/MockitoSession.java
207	org.mockito.Answers	Answers(org.mockito.stubbing.Answer<java.lang.Object>)	0	1	[false]	false	private	false	file:///private/tmp/projects/mockito/src/main/java/org/mockito/Answers.java
208	org.mockito.Answers	get()	0	0	[]	false	public	true	file:///private/tmp/projects/mockito/src/main/java/org/mockito/Answers.java
209	org.mockito.Answers	answer(org.mockito.invocation.InvocationOnMock)	46	1	[false]	true	public	true	file:///private/tmp/projects/mockito/src/main/java/org/mockito/Answers.java
210	org.mockito.InOrder	<T>verify(T)	0	1	[false]	false	public	true	file:///private/tmp/projects/mockito/src/main/java/org/mockito/InOrder.java
211	org.mockito.InOrder	<T>verify(T,org.mockito.verification.VerificationMode)	0	2	[false, false]	false	public	true	file:///private/tmp/projects/mockito/src/main/java/org/mockito/InOrder.java
212	org.mockito.InOrder	verifyNoMoreInteractions()	0	0	[]	false	public	false	file:///private/tmp/projects/mockito/src/main/java/org/mockito/InOrder.java
213	org.mockito.internal.util.StringUtil	StringUtil()	0	0	[]	false	private	false	file:///private/tmp/projects/mockito/src/main/java/org/mockito/internal/util/StringUtil.java
214	org.mockito.internal.util.StringUtil	removeFirstLine(java.lang.String)	0	1	[false]	false	public	true	file:///private/tmp/projects/mockito/src/main/java/org/mockito/internal/util/StringUtil.java
215	org.mockito.internal.util.StringUtil	join(java.lang.Object...)	0	1	[false]	false	public	true	file:///private/tmp/projects/mockito/src/main/java/org/mockito/internal/util/StringUtil.java
216	org.mockito.internal.util.StringUtil	join(java.lang.String,java.util.Collection<?>)	0	2	[false, false]	false	public	true	file:///private/tmp/projects/mockito/src/main/java/org/mockito/internal/util/StringUtil.java
217	org.mockito.internal.util.StringUtil	join(java.lang.String,java.lang.String,java.util.Collection<?>)	0	3	[false, false, false]	false	public	true	file:///private/tmp/projects/mockito/src/main/java/org/mockito/internal/util/StringUtil.java
218	org.mockito.internal.util.StringUtil	decamelizeMatcher(java.lang.String)	0	1	[false]	false	public	true	file:///private/tmp/projects/mockito/src/main/java/org/mockito/internal/util/StringUtil.java
219	org.mockito.internal.util.StringUtil	decamelizeClassName(java.lang.String)	0	1	[false]	false	private	true	file:///private/tmp/projects/mockito/src/main/java/org/mockito/internal/util/StringUtil.java
220	org.mockito.MockitoAnnotations	openMocks(java.lang.Object)	0	1	[false]	false	public	true	file:///private/tmp/projects/mockito/src/main/java/org/mockito/MockitoAnnotations.java
221	org.mockito.MockitoAnnotations	initMocks(java.lang.Object)	0	1	[false]	false	public	false	file:///private/tmp/projects/mockito/src/main/java/org/mockito/MockitoAnnotations.java
222	org.mockito.junit.MockitoJUnit	rule()	0	0	[]	false	public	true	file:///private/tmp/projects/mockito/src/main/java/org/mockito/junit/MockitoJUnit.java
223	org.mockito.junit.MockitoJUnit	testRule(java.lang.Object)	0	1	[false]	false	public	true	file:///private/tmp/projects/mockito/src/main/java/org/mockito/junit/MockitoJUnit.java
224	org.mockito.junit.MockitoJUnit	collector()	0	0	[]	false	public	true	file:///private/tmp/projects/mockito/src/main/java/org/mockito/junit/MockitoJUnit.java
225	org.mockito.junit.MockitoRule	silent()	0	0	[]	false	public	true	file:///private/tmp/projects/mockito/src/main/java/org/mockito/junit/MockitoRule.java
226	org.mockito.junit.MockitoRule	strictness(org.mockito.quality.Strictness)	0	1	[false]	false	public	true	file:///private/tmp/projects/mockito/src/main/java/org/mockito/junit/MockitoRule.java
227	org.mockito.junit.MockitoTestRule	silent()	0	0	[]	false	public	true	file:///private/tmp/projects/mockito/src/main/java/org/mockito/junit/MockitoTestRule.java
228	org.mockito.junit.MockitoTestRule	strictness(org.mockito.quality.Strictness)	0	1	[false]	false	public	true	file:///private/tmp/projects/mockito/src/main/java/org/mockito/junit/MockitoTestRule.java
229	org.mockito.junit.VerificationCollector	collectAndReport()	0	0	[]	false	public	false	file:///private/tmp/projects/mockito/src/main/java/org/mockito/junit/VerificationCollector.java
230	org.mockito.junit.VerificationCollector	assertLazily()	0	0	[]	false	public	true	file:///private/tmp/projects/mockito/src/main/java/org/mockito/junit/VerificationCollector.java
231	org.mockito.exceptions.base.MockitoAssertionError	MockitoAssertionError(java.lang.String)	0	1	[false]	false	public	false	file:///private/tmp/projects/mockito/src/main/java/org/mockito/exceptions/base/MockitoAssertionError.java
232	org.mockito.exceptions.base.MockitoAssertionError	MockitoAssertionError(org.mockito.exceptions.base.MockitoAssertionError,java.lang.String)	0	2	[false, false]	false	public	false	file:///private/tmp/projects/mockito/src/main/java/org/mockito/exceptions/base/MockitoAssertionError.java
233	org.mockito.exceptions.base.MockitoAssertionError	MockitoAssertionError(java.lang.AssertionError,java.lang.String)	0	2	[false, false]	false	public	false	file:///private/tmp/projects/mockito/src/main/java/org/mockito/exceptions/base/MockitoAssertionError.java
234	org.mockito.exceptions.base.MockitoAssertionError	getUnfilteredStackTrace()	0	0	[]	false	public	true	file:///private/tmp/projects/mockito/src/main/java/org/mockito/exceptions/base/MockitoAssertionError.java
235	org.mockito.junit.MockitoJUnitRunner$Silent	Silent(java.lang.Class<?>)	0	1	[false]	false	public	false	file:///private/tmp/projects/mockito/src/main/java/org/mockito/junit/MockitoJUnitRunner.java
236	org.mockito.junit.MockitoJUnitRunner$Strict	Strict(java.lang.Class<?>)	0	1	[false]	false	public	false	file:///private/tmp/projects/mockito/src/main/java/org/mockito/junit/MockitoJUnitRunner.java
237	org.mockito.junit.MockitoJUnitRunner$StrictStubs	StrictStubs(java.lang.Class<?>)	0	1	[false]	false	public	false	file:///private/tmp/projects/mockito/src/main/java/org/mockito/junit/MockitoJUnitRunner.java
238	org.mockito.junit.MockitoJUnitRunner	MockitoJUnitRunner(java.lang.Class<?>)	0	1	[false]	false	public	false	file:///private/tmp/projects/mockito/src/main/java/org/mockito/junit/MockitoJUnitRunner.java
239	org.mockito.junit.MockitoJUnitRunner	MockitoJUnitRunner(org.mockito.internal.runners.InternalRunner)	0	1	[false]	false	package	false	file:///private/tmp/projects/mockito/src/main/java/org/mockito/junit/MockitoJUnitRunner.java
240	org.mockito.junit.MockitoJUnitRunner	run(org.junit.runner.notification.RunNotifier)	241	1	[false]	false	public	false	file:///private/tmp/projects/mockito/src/main/java/org/mockito/junit/MockitoJUnitRunner.java
242	org.mockito.junit.MockitoJUnitRunner	getDescription()	243	0	[]	false	public	true	file:///private/tmp/projects/mockito/src/main/java/org/mockito/junit/MockitoJUnitRunner.java
244	org.mockito.junit.MockitoJUnitRunner	filter(org.junit.runner.manipulation.Filter)	245	1	[false]	false	public	false	file:///private/tmp/projects/mockito/src/main/java/org/mockito/junit/MockitoJUnitRunner.java
246	org.mockito.internal.runners.InternalRunner	run(org.junit.runner.notification.RunNotifier)	0	1	[false]	false	public	false	file:///private/tmp/projects/mockito/src/main/java/org/mockito/internal/runners/InternalRunner.java
247	org.mockito.internal.runners.InternalRunner	getDescription()	0	0	[]	false	public	true	file:///private/tmp/projects/mockito/src/main/java/org/mockito/internal/runners/InternalRunner.java
248	org.mockito.plugins.MockMaker	<T>createMock(org.mockito.mock.MockCreationSettings<T>,org.mockito.invocation.MockHandler)	0	2	[false, false]	false	public	true	file:///private/tmp/projects/mockito/src/main/java/org/mockito/plugins/MockMaker.java
249	org.mockito.plugins.MockMaker	<T>createSpy(org.mockito.mock.MockCreationSettings<T>,org.mockito.invocation.MockHandler,T)	0	3	[false, false, false]	false	public	true	file:///private/tmp/projects/mockito/src/main/java/org/mockito/plugins/MockMaker.java
250	org.mockito.plugins.MockMaker	getHandler(java.lang.Object)	0	1	[false]	true	public	true	file:///private/tmp/projects/mockito/src/main/java/org/mockito/plugins/MockMaker.java
251	org.mockito.plugins.MockMaker	resetMock(java.lang.Object,org.mockito.invocation.MockHandler,org.mockito.mock.MockCreationSettings)	0	3	[false, false, false]	false	public	false	file:///private/tmp/projects/mockito/src/main/java/org/mockito/plugins/MockMaker.java
252	org.mockito.plugins.MockMaker	isTypeMockable(java.lang.Class<?>)	0	1	[false]	false	public	true	file:///private/tmp/projects/mockito/src/main/java/org/mockito/plugins/MockMaker.java
253	org.mockito.plugins.MockMaker	<T>createStaticMock(java.lang.Class<T>,org.mockito.mock.MockCreationSettings<T>,org.mockito.invocation.MockHandler)	0	3	[false, false, false]	false	public	true	file:///private/tmp/projects/mockito/src/main/java/org/mockito/plugins/MockMaker.java
254	org.mockito.plugins.MockMaker	<T>createConstructionMock(java.lang.Class<T>,java.util.function.Function<org.mockito.MockedConstruction.Context,org.mockito.mock.MockCreationSettings<T>>,java.util.function.Function<org.mockito.MockedConstruction.Context,org.mockito.invocation.MockHandler<T>>,org.mockito.MockedConstruction.MockInitializer<T>)	0	4	[false, false, false, false]	false	public	true	file:///private/tmp/projects/mockito/src/main/java/org/mockito/plugins/MockMaker.java
255	org.mockito.plugins.MockMaker$TypeMockability	mockable()	0	0	[]	false	public	false	file:///private/tmp/projects/mockito/src/main/java/org/mockito/plugins/MockMaker.java
256	org.mockito.plugins.MockMaker$TypeMockability	nonMockableReason()	0	0	[]	false	public	true	file:///private/tmp/projects/mockito/src/main/java/org/mockito/plugins/MockMaker.java
257	org.mockito.plugins.MockMaker$StaticMockControl	getType()	0	0	[]	false	public	true	file:///private/tmp/projects/mockito/src/main/java/org/mockito/plugins/MockMaker.java
258	org.mockito.plugins.MockMaker$StaticMockControl	enable()	0	0	[]	false	public	false	file:///private/tmp/projects/mockito/src/main/java/org/mockito/plugins/MockMaker.java
259	org.mockito.plugins.MockMaker$StaticMockControl	disable()	0	0	[]	false	public	false	file:///private/tmp/projects/mockito/src/main/java/org/mockito/plugins/MockMaker.java
260	org.mockito.plugins.MockMaker$ConstructionMockControl	getType()	0	0	[]	false	public	true	file:///private/tmp/projects/mockito/src/main/java/org/mockito/plugins/MockMaker.java
261	org.mockito.plugins.MockMaker$ConstructionMockControl	enable()	0	0	[]	false	public	false	file:///private/tmp/projects/mockito/src/main/java/org/mockito/plugins/MockMaker.java
262	org.mockito.plugins.MockMaker$ConstructionMockControl	disable()	0	0	[]	false	public	false	file:///private/tmp/projects/mockito/src/main/java/org/mockito/plugins/MockMaker.java
263	org.mockito.plugins.MockMaker$ConstructionMockControl	getMocks()	0	0	[]	false	public	true	file:///private/tmp/projects/mockito/src/main/java/org/mockito/plugins/MockMaker.java
264	org.mockito.MockedConstruction	constructed()	0	0	[]	false	public	true	file:///private/tmp/projects/mockito/src/main/java/org/mockito/MockedConstruction.java
265	org.mockito.MockedConstruction$Context	getCount()	0	0	[]	false	public	false	file:///private/tmp/projects/mockito/src/main/java/org/mockito/MockedConstruction.java
266	org.mockito.MockedConstruction$Context	constructor()	0	0	[]	false	public	true	file:///private/tmp/projects/mockito/src/main/java/org/mockito/MockedConstruction.java
267	org.mockito.MockedConstruction$Context	arguments()	0	0	[]	false	public	true	file:///private/tmp/projects/mockito/src/main/java/org/mockito/MockedConstruction.java
268	org.mockito.MockedConstruction$MockInitializer	prepare(T,org.mockito.MockedConstruction.Context)	0	2	[false, false]	false	public	false	file:///private/tmp/projects/mockito/src/main/java/org/mockito/MockedConstruction.java
269	org.mockito.plugins.InstantiatorProvider2	getInstantiator(org.mockito.mock.MockCreationSettings<?>)	0	1	[true]	false	public	true	file:///private/tmp/projects/mockito/src/main/java/org/mockito/plugins/InstantiatorProvider2.java
270	org.mockito.creation.instance.Instantiator	<T>newInstance(java.lang.Class<T>)	0	1	[false]	false	public	true	file:///private/tmp/projects/mockito/src/main/java/org/mockito/creation/instance/Instantiator.java
271	org.mockito.creation.instance.InstantiationException	InstantiationException(java.lang.String)	0	1	[false]	false	public	false	file:///private/tmp/projects/mockito/src/main/java/org/mockito/creation/instance/InstantiationException.java
272	org.mockito.creation.instance.InstantiationException	InstantiationException(java.lang.String,java.lang.Throwable)	0	2	[true, true]	false	public	false	file:///private/tmp/projects/mockito/src/main/java/org/mockito/creation/instance/InstantiationException.java
273	org.mockito.exceptions.base.MockitoException	MockitoException(java.lang.String,java.lang.Throwable)	0	2	[true, true]	false	public	false	file:///private/tmp/projects/mockito/src/main/java/org/mockito/exceptions/base/MockitoException.java
274	org.mockito.exceptions.base.MockitoException	MockitoException(java.lang.String)	0	1	[false]	false	public	false	file:///private/tmp/projects/mockito/src/main/java/org/mockito/exceptions/base/MockitoException.java
275	org.mockito.exceptions.base.MockitoException	filterStackTrace()	0	0	[]	false	private	false	file:///private/tmp/projects/mockito/src/main/java/org/mockito/exceptions/base/MockitoException.java
276	org.mockito.exceptions.base.MockitoException	getUnfilteredStackTrace()	0	0	[]	false	public	true	file:///private/tmp/projects/mockito/src/main/java/org/mockito/exceptions/base/MockitoException.java
277	org.mockito.plugins.InlineMockMaker	clearMock(java.lang.Object)	0	1	[false]	false	public	false	file:///private/tmp/projects/mockito/src/main/java/org/mockito/plugins/InlineMockMaker.java
278	org.mockito.plugins.InlineMockMaker	clearAllMocks()	0	0	[]	false	public	false	file:///private/tmp/projects/mockito/src/main/java/org/mockito/plugins/InlineMockMaker.java
279	org.mockito.plugins.MemberAccessor	newInstance(java.lang.reflect.Constructor<?>,java.lang.Object...)	0	2	[false, false]	false	public	true	file:///private/tmp/projects/mockito/src/main/java/org/mockito/plugins/MemberAccessor.java
280	org.mockito.plugins.MemberAccessor	invoke(java.lang.reflect.Method,java.lang.Object,java.lang.Object...)	0	3	[false, true, false]	false	public	true	file:///private/tmp/projects/mockito/src/main/java/org/mockito/plugins/MemberAccessor.java
281	org.mockito.plugins.MemberAccessor	get(java.lang.reflect.Field,java.lang.Object)	0	2	[false, false]	false	public	true	file:///private/tmp/projects/mockito/src/main/java/org/mockito/plugins/MemberAccessor.java
282	org.mockito.plugins.MemberAccessor	set(java.lang.reflect.Field,java.lang.Object,java.lang.Object)	0	3	[false, false, false]	false	public	false	file:///private/tmp/projects/mockito/src/main/java/org/mockito/plugins/MemberAccessor.java
283	org.mockito.plugins.MockitoLogger	log(java.lang.Object)	0	1	[false]	false	public	false	file:///private/tmp/projects/mockito/src/main/java/org/mockito/plugins/MockitoLogger.java
284	org.mockito.plugins.StackTraceCleanerProvider	getStackTraceCleaner(org.mockito.exceptions.stacktrace.StackTraceCleaner)	0	1	[false]	false	public	true	file:///private/tmp/projects/mockito/src/main/java/org/mockito/plugins/StackTraceCleanerProvider.java
285	org.mockito.exceptions.stacktrace.StackTraceCleaner	isIn(java.lang.StackTraceElement)	0	1	[false]	false	public	false	file:///private/tmp/projects/mockito/src/main/java/org/mockito/exceptions/stacktrace/StackTraceCleaner.java
286	org.mockito.plugins.MockitoPlugins	<T>getDefaultPlugin(java.lang.Class<T>)	0	1	[false]	false	public	true	file:///private/tmp/projects/mockito/src/main/java/org/mockito/plugins/MockitoPlugins.java
287	org.mockito.plugins.MockitoPlugins	getInlineMockMaker()	0	0	[]	false	public	true	file:///private/tmp/projects/mockito/src/main/java/org/mockito/plugins/MockitoPlugins.java
288	org.mockito.plugins.InstantiatorProvider	getInstantiator(org.mockito.mock.MockCreationSettings<?>)	0	1	[true]	false	public	true	file:///private/tmp/projects/mockito/src/main/java/org/mockito/plugins/InstantiatorProvider.java
289	org.mockito.internal.creation.instance.Instantiator	<T>newInstance(java.lang.Class<T>)	0	1	[false]	false	public	true	file:///private/tmp/projects/mockito/src/main/java/org/mockito/internal/creation/instance/Instantiator.java
290	org.mockito.internal.creation.instance.InstantiationException	InstantiationException(java.lang.String,java.lang.Throwable)	0	2	[true, false]	false	public	false	file:///private/tmp/projects/mockito/src/main/java/org/mockito/internal/creation/instance/InstantiationException.java
291	org.mockito.plugins.PluginSwitch	isEnabled(java.lang.String)	0	1	[false]	false	public	false	file:///private/tmp/projects/mockito/src/main/java/org/mockito/plugins/PluginSwitch.java
292	org.mockito.ArgumentCaptor	ArgumentCaptor(java.lang.Class<? extends T>)	0	1	[false]	false	private	false	file:///private/tmp/projects/mockito/src/main/java/org/mockito/ArgumentCaptor.java
293	org.mockito.ArgumentCaptor	capture()	0	0	[]	true	public	true	file:///private/tmp/projects/mockito/src/main/java/org/mockito/ArgumentCaptor.java
294	org.mockito.ArgumentCaptor	getValue()	0	0	[]	false	public	true	file:///private/tmp/projects/mockito/src/main/java/org/mockito/ArgumentCaptor.java
295	org.mockito.ArgumentCaptor	getAllValues()	0	0	[]	false	public	true	file:///private/tmp/projects/mockito/src/main/java/org/mockito/ArgumentCaptor.java
296	org.mockito.ArgumentCaptor	<U,S>forClass(java.lang.Class<S>)	0	1	[false]	false	public	true	file:///private/tmp/projects/mockito/src/main/java/org/mockito/ArgumentCaptor.java
297	org.mockito.internal.reporting.Pluralizer	pluralize(int)	0	1	[false]	false	public	true	file:///private/tmp/projects/mockito/src/main/java/org/mockito/internal/reporting/Pluralizer.java
298	org.mockito.internal.reporting.Pluralizer	were_exactly_x_interactions(int)	0	1	[false]	false	public	true	file:///private/tmp/projects/mockito/src/main/java/org/mockito/internal/reporting/Pluralizer.java
299	org.mockito.internal.exceptions.Reporter	Reporter()	0	0	[]	false	private	false	file:///private/tmp/projects/mockito/src/main/java/org/mockito/internal/exceptions/Reporter.java
300	org.mockito.internal.exceptions.Reporter	checkedExceptionInvalid(java.lang.Throwable)	0	1	[false]	false	public	true	file:///private/tmp/projects/mockito/src/main/java/org/mockito/internal/exceptions/Reporter.java
301	org.mockito.internal.exceptions.Reporter	cannotStubWithNullThrowable()	0	0	[]	false	public	true	file:///private/tmp/projects/mockito/src/main/java/org/mockito/internal/exceptions/Reporter.java
302	org.mockito.internal.exceptions.Reporter	unfinishedStubbing(org.mockito.invocation.Location)	0	1	[false]	false	public	true	file:///private/tmp/projects/mockito/src/main/java/org/mockito/internal/exceptions/Reporter.java
303	org.mockito.internal.exceptions.Reporter	incorrectUseOfApi()	0	0	[]	false	public	true	file:///private/tmp/projects/mockito/src/main/java/org/mockito/internal/exceptions/Reporter.java
304	org.mockito.internal.exceptions.Reporter	missingMethodInvocation()	0	0	[]	false	public	true	file:///private/tmp/projects/mockito/src/main/java/org/mockito/internal/exceptions/Reporter.java
305	org.mockito.internal.exceptions.Reporter	unfinishedVerificationException(org.mockito.invocation.Location)	0	1	[false]	false	public	true	file:///private/tmp/projects/mockito/src/main/java/org/mockito/internal/exceptions/Reporter.java
306	org.mockito.internal.exceptions.Reporter	notAMockPassedToVerify(java.lang.Class<?>)	0	1	[false]	false	public	true	file:///private/tmp/projects/mockito/src/main/java/org/mockito/internal/exceptions/Reporter.java
307	org.mockito.internal.exceptions.Reporter	nullPassedToVerify()	0	0	[]	false	public	true	file:///private/tmp/projects/mockito/src/main/java/org/mockito/internal/exceptions/Reporter.java
308	org.mockito.internal.exceptions.Reporter	notAMockPassedToWhenMethod()	0	0	[]	false	public	true	file:///private/tmp/projects/mockito/src/main/java/org/mockito/internal/exceptions/Reporter.java
309	org.mockito.internal.exceptions.Reporter	nullPassedToWhenMethod()	0	0	[]	false	public	true	file:///private/tmp/projects/mockito/src/main/java/org/mockito/internal/exceptions/Reporter.java
310	org.mockito.internal.exceptions.Reporter	mocksHaveToBePassedToVerifyNoMoreInteractions()	0	0	[]	false	public	true	file:///private/tmp/projects/mockito/src/main/java/org/mockito/internal/exceptions/Reporter.java
311	org.mockito.internal.exceptions.Reporter	notAMockPassedToVerifyNoMoreInteractions()	0	0	[]	false	public	true	file:///private/tmp/projects/mockito/src/main/java/org/mockito/internal/exceptions/Reporter.java
312	org.mockito.internal.exceptions.Reporter	nullPassedToVerifyNoMoreInteractions()	0	0	[]	false	public	true	file:///private/tmp/projects/mockito/src/main/java/org/mockito/internal/exceptions/Reporter.java
313	org.mockito.internal.exceptions.Reporter	notAMockPassedWhenCreatingInOrder()	0	0	[]	false	public	true	file:///private/tmp/projects/mockito/src/main/java/org/mockito/internal/exceptions/Reporter.java
314	org.mockito.internal.exceptions.Reporter	nullPassedWhenCreatingInOrder()	0	0	[]	false	public	true	file:///private/tmp/projects/mockito/src/main/java/org/mockito/internal/exceptions/Reporter.java
315	org.mockito.internal.exceptions.Reporter	mocksHaveToBePassedWhenCreatingInOrder()	0	0	[]	false	public	true	file:///private/tmp/projects/mockito/src/main/java/org/mockito/internal/exceptions/Reporter.java
316	org.mockito.internal.exceptions.Reporter	inOrderRequiresFamiliarMock()	0	0	[]	false	public	true	file:///private/tmp/projects/mockito/src/main/java/org/mockito/internal/exceptions/Reporter.java
317	org.mockito.internal.exceptions.Reporter	invalidUseOfMatchers(int,java.util.List<org.mockito.internal.matchers.LocalizedMatcher>)	0	2	[false, false]	false	public	true	file:///private/tmp/projects/mockito/src/main/java/org/mockito/internal/exceptions/Reporter.java
318	org.mockito.internal.exceptions.Reporter	incorrectUseOfAdditionalMatchers(java.lang.String,int,java.util.Collection<org.mockito.internal.matchers.LocalizedMatcher>)	0	3	[false, false, false]	false	public	true	file:///private/tmp/projects/mockito/src/main/java/org/mockito/internal/exceptions/Reporter.java
319	org.mockito.internal.exceptions.Reporter	stubPassedToVerify(java.lang.Object)	0	1	[false]	false	public	true	file:///private/tmp/projects/mockito/src/main/java/org/mockito/internal/exceptions/Reporter.java
320	org.mockito.internal.exceptions.Reporter	reportNoSubMatchersFound(java.lang.String)	0	1	[false]	false	public	true	file:///private/tmp/projects/mockito/src/main/java/org/mockito/internal/exceptions/Reporter.java
321	org.mockito.internal.exceptions.Reporter	locationsOf(java.util.Collection<org.mockito.internal.matchers.LocalizedMatcher>)	0	1	[false]	false	private	true	file:///private/tmp/projects/mockito/src/main/java/org/mockito/internal/exceptions/Reporter.java
322	org.mockito.internal.exceptions.Reporter	argumentsAreDifferent(java.lang.String,java.util.List<java.lang.String>,java.util.List<org.mockito.invocation.Location>)	0	3	[false, false, false]	false	public	true	file:///private/tmp/projects/mockito/src/main/java/org/mockito/internal/exceptions/Reporter.java
323	org.mockito.internal.exceptions.Reporter	wantedButNotInvoked(org.mockito.invocation.DescribedInvocation)	0	1	[false]	false	public	true	file:///private/tmp/projects/mockito/src/main/java/org/mockito/internal/exceptions/Reporter.java
324	org.mockito.internal.exceptions.Reporter	wantedButNotInvoked(org.mockito.invocation.DescribedInvocation,java.util.List<? extends org.mockito.invocation.DescribedInvocation>)	0	2	[false, false]	false	public	true	file:///private/tmp/projects/mockito/src/main/java/org/mockito/internal/exceptions/Reporter.java
325	org.mockito.internal.exceptions.Reporter	createWantedButNotInvokedMessage(org.mockito.invocation.DescribedInvocation)	0	1	[false]	false	private	true	file:///private/tmp/projects/mockito/src/main/java/org/mockito/internal/exceptions/Reporter.java
326	org.mockito.internal.exceptions.Reporter	wantedButNotInvokedInOrder(org.mockito.invocation.DescribedInvocation,org.mockito.invocation.DescribedInvocation)	0	2	[false, false]	false	public	true	file:///private/tmp/projects/mockito/src/main/java/org/mockito/internal/exceptions/Reporter.java
327	org.mockito.internal.exceptions.Reporter	tooManyActualInvocations(int,int,org.mockito.invocation.DescribedInvocation,java.util.List<org.mockito.invocation.Location>)	0	4	[false, false, false, false]	false	public	true	file:///private/tmp/projects/mockito/src/main/java/org/mockito/internal/exceptions/Reporter.java
328	org.mockito.internal.exceptions.Reporter	createTooManyInvocationsMessage(int,int,org.mockito.invocation.DescribedInvocation,java.util.List<org.mockito.invocation.Location>)	0	4	[false, false, false, false]	false	private	true	file:///private/tmp/projects/mockito/src/main/java/org/mockito/internal/exceptions/Reporter.java
329	org.mockito.internal.exceptions.Reporter	neverWantedButInvoked(org.mockito.invocation.DescribedInvocation,java.util.List<org.mockito.invocation.Location>)	0	2	[false, false]	false	public	true	file:///private/tmp/projects/mockito/src/main/java/org/mockito/internal/exceptions/Reporter.java
330	org.mockito.internal.exceptions.Reporter	tooManyActualInvocationsInOrder(int,int,org.mockito.invocation.DescribedInvocation,java.util.List<org.mockito.invocation.Location>)	0	4	[false, false, false, false]	false	public	true	file:///private/tmp/projects/mockito/src/main/java/org/mockito/internal/exceptions/Reporter.java
331	org.mockito.internal.exceptions.Reporter	createAllLocationsMessage(java.util.List<org.mockito.invocation.Location>)	0	1	[false]	false	private	true	file:///private/tmp/projects/mockito/src/main/java/org/mockito/internal/exceptions/Reporter.java
332	org.mockito.internal.exceptions.Reporter	createTooFewInvocationsMessage(org.mockito.internal.reporting.Discrepancy,org.mockito.invocation.DescribedInvocation,java.util.List<org.mockito.invocation.Location>)	0	3	[false, false, false]	false	private	true	file:///private/tmp/projects/mockito/src/main/java/org/mockito/internal/exceptions/Reporter.java
333	org.mockito.internal.exceptions.Reporter	tooFewActualInvocations(org.mockito.internal.reporting.Discrepancy,org.mockito.invocation.DescribedInvocation,java.util.List<org.mockito.invocation.Location>)	0	3	[false, false, false]	false	public	true	file:///private/tmp/projects/mockito/src/main/java/org/mockito/internal/exceptions/Reporter.java
334	org.mockito.internal.exceptions.Reporter	tooFewActualInvocationsInOrder(org.mockito.internal.reporting.Discrepancy,org.mockito.invocation.DescribedInvocation,java.util.List<org.mockito.invocation.Location>)	0	3	[false, false, false]	false	public	true	file:///private/tmp/projects/mockito/src/main/java/org/mockito/internal/exceptions/Reporter.java
335	org.mockito.internal.exceptions.Reporter	noMoreInteractionsWanted(org.mockito.invocation.Invocation,java.util.List<org.mockito.internal.exceptions.VerificationAwareInvocation>)	0	2	[true, false]	false	public	true	file:///private/tmp/projects/mockito/src/main/java/org/mockito/internal/exceptions/Reporter.java
336	org.mockito.internal.exceptions.Reporter	noMoreInteractionsWantedInOrder(org.mockito.invocation.Invocation)	0	1	[false]	false	public	true	file:///private/tmp/projects/mockito/src/main/java/org/mockito/internal/exceptions/Reporter.java
337	org.mockito.internal.exceptions.Reporter	noInteractionsWanted(java.lang.Object,java.util.List<org.mockito.internal.exceptions.VerificationAwareInvocation>)	0	2	[false, false]	false	public	true	file:///private/tmp/projects/mockito/src/main/java/org/mockito/internal/exceptions/Reporter.java
338	org.mockito.internal.exceptions.Reporter	cannotMockClass(java.lang.Class<?>,java.lang.String)	0	2	[false, false]	false	public	true	file:///private/tmp/projects/mockito/src/main/java/org/mockito/internal/exceptions/Reporter.java
339	org.mockito.internal.exceptions.Reporter	cannotStubVoidMethodWithAReturnValue(java.lang.String)	0	1	[false]	false	public	true	file:///private/tmp/projects/mockito/src/main/java/org/mockito/internal/exceptions/Reporter.java
340	org.mockito.internal.exceptions.Reporter	onlyVoidMethodsCanBeSetToDoNothing()	0	0	[]	false	public	true	file:///private/tmp/projects/mockito/src/main/java/org/mockito/internal/exceptions/Reporter.java
341	org.mockito.internal.exceptions.Reporter	wrongTypeOfReturnValue(java.lang.String,java.lang.String,java.lang.String)	0	3	[false, false, false]	false	public	true	file:///private/tmp/projects/mockito/src/main/java/org/mockito/internal/exceptions/Reporter.java
342	org.mockito.internal.exceptions.Reporter	wrongTypeReturnedByDefaultAnswer(java.lang.Object,java.lang.String,java.lang.String,java.lang.String)	0	4	[false, false, false, false]	false	public	true	file:///private/tmp/projects/mockito/src/main/java/org/mockito/internal/exceptions/Reporter.java
343	org.mockito.internal.exceptions.Reporter	wantedAtMostX(int,int)	0	2	[false, false]	false	public	true	file:///private/tmp/projects/mockito/src/main/java/org/mockito/internal/exceptions/Reporter.java
344	org.mockito.internal.exceptions.Reporter	misplacedArgumentMatcher(java.util.List<org.mockito.internal.matchers.LocalizedMatcher>)	0	1	[false]	false	public	true	file:///private/tmp/projects/mockito/src/main/java/org/mockito/internal/exceptions/Reporter.java
345	org.mockito.internal.exceptions.Reporter	smartNullPointerException(java.lang.String,org.mockito.invocation.Location)	0	2	[false, false]	false	public	true	file:///private/tmp/projects/mockito/src/main/java/org/mockito/internal/exceptions/Reporter.java
346	org.mockito.internal.exceptions.Reporter	noArgumentValueWasCaptured()	0	0	[]	false	public	true	file:///private/tmp/projects/mockito/src/main/java/org/mockito/internal/exceptions/Reporter.java
347	org.mockito.internal.exceptions.Reporter	extraInterfacesDoesNotAcceptNullParameters()	0	0	[]	false	public	true	file:///private/tmp/projects/mockito/src/main/java/org/mockito/internal/exceptions/Reporter.java
348	org.mockito.internal.exceptions.Reporter	extraInterfacesAcceptsOnlyInterfaces(java.lang.Class<?>)	0	1	[false]	false	public	true	file:///private/tmp/projects/mockito/src/main/java/org/mockito/internal/exceptions/Reporter.java
349	org.mockito.internal.exceptions.Reporter	extraInterfacesCannotContainMockedType(java.lang.Class<?>)	0	1	[false]	false	public	true	file:///private/tmp/projects/mockito/src/main/java/org/mockito/internal/exceptions/Reporter.java
350	org.mockito.internal.exceptions.Reporter	extraInterfacesRequiresAtLeastOneInterface()	0	0	[]	false	public	true	file:///private/tmp/projects/mockito/src/main/java/org/mockito/internal/exceptions/Reporter.java
351	org.mockito.internal.exceptions.Reporter	mockedTypeIsInconsistentWithSpiedInstanceType(java.lang.Class<?>,java.lang.Object)	0	2	[false, false]	false	public	true	file:///private/tmp/projects/mockito/src/main/java/org/mockito/internal/exceptions/Reporter.java
352	org.mockito.internal.exceptions.Reporter	cannotCallAbstractRealMethod()	0	0	[]	false	public	true	file:///private/tmp/projects/mockito/src/main/java/org/mockito/internal/exceptions/Reporter.java
353	org.mockito.internal.exceptions.Reporter	cannotVerifyToString()	0	0	[]	false	public	true	file:///private/tmp/projects/mockito/src/main/java/org/mockito/internal/exceptions/Reporter.java
354	org.mockito.internal.exceptions.Reporter	moreThanOneAnnotationNotAllowed(java.lang.String)	0	1	[false]	false	public	true	file:///private/tmp/projects/mockito/src/main/java/org/mockito/internal/exceptions/Reporter.java
355	org.mockito.internal.exceptions.Reporter	unsupportedCombinationOfAnnotations(java.lang.String,java.lang.String)	0	2	[false, false]	false	public	true	file:///private/tmp/projects/mockito/src/main/java/org/mockito/internal/exceptions/Reporter.java
356	org.mockito.internal.exceptions.Reporter	cannotInitializeForSpyAnnotation(java.lang.String,java.lang.Exception)	0	2	[false, false]	false	public	true	file:///private/tmp/projects/mockito/src/main/java/org/mockito/internal/exceptions/Reporter.java
357	org.mockito.internal.exceptions.Reporter	cannotInitializeForInjectMocksAnnotation(java.lang.String,java.lang.String)	0	2	[false, true]	false	public	true	file:///private/tmp/projects/mockito/src/main/java/org/mockito/internal/exceptions/Reporter.java
358	org.mockito.internal.exceptions.Reporter	atMostAndNeverShouldNotBeUsedWithTimeout()	0	0	[]	false	public	true	file:///private/tmp/projects/mockito/src/main/java/org/mockito/internal/exceptions/Reporter.java
359	org.mockito.internal.exceptions.Reporter	fieldInitialisationThrewException(java.lang.reflect.Field,java.lang.Throwable)	0	2	[false, false]	false	public	true	file:///private/tmp/projects/mockito/src/main/java/org/mockito/internal/exceptions/Reporter.java
360	org.mockito.internal.exceptions.Reporter	methodDoesNotAcceptParameter(java.lang.String,java.lang.String)	0	2	[false, false]	false	public	true	file:///private/tmp/projects/mockito/src/main/java/org/mockito/internal/exceptions/Reporter.java
361	org.mockito.internal.exceptions.Reporter	requiresAtLeastOneListener(java.lang.String)	0	1	[false]	false	public	true	file:///private/tmp/projects/mockito/src/main/java/org/mockito/internal/exceptions/Reporter.java
362	org.mockito.internal.exceptions.Reporter	invocationListenerThrewException(org.mockito.listeners.InvocationListener,java.lang.Throwable)	0	2	[false, false]	false	public	true	file:///private/tmp/projects/mockito/src/main/java/org/mockito/internal/exceptions/Reporter.java
363	org.mockito.internal.exceptions.Reporter	cannotInjectDependency(java.lang.reflect.Field,java.lang.Object,java.lang.Exception)	0	3	[false, false, false]	false	public	true	file:///private/tmp/projects/mockito/src/main/java/org/mockito/internal/exceptions/Reporter.java
364	org.mockito.internal.exceptions.Reporter	exceptionCauseMessageIfAvailable(java.lang.Exception)	0	1	[false]	true	private	true	file:///private/tmp/projects/mockito/src/main/java/org/mockito/internal/exceptions/Reporter.java
365	org.mockito.internal.exceptions.Reporter	mockedTypeIsInconsistentWithDelegatedInstanceType(java.lang.Class<?>,java.lang.Object)	0	2	[false, false]	false	public	true	file:///private/tmp/projects/mockito/src/main/java/org/mockito/internal/exceptions/Reporter.java
366	org.mockito.internal.exceptions.Reporter	spyAndDelegateAreMutuallyExclusive()	0	0	[]	false	public	true	file:///private/tmp/projects/mockito/src/main/java/org/mockito/internal/exceptions/Reporter.java
367	org.mockito.internal.exceptions.Reporter	invalidArgumentRangeAtIdentityAnswerCreationTime()	0	0	[]	false	public	true	file:///private/tmp/projects/mockito/src/main/java/org/mockito/internal/exceptions/Reporter.java
368	org.mockito.internal.exceptions.Reporter	invalidArgumentPositionRangeAtInvocationTime(org.mockito.invocation.InvocationOnMock,boolean,int)	0	3	[false, false, false]	false	public	true	file:///private/tmp/projects/mockito/src/main/java/org/mockito/internal/exceptions/Reporter.java
369	org.mockito.internal.exceptions.Reporter	possibleArgumentTypesOf(org.mockito.invocation.InvocationOnMock)	0	1	[false]	false	private	true	file:///private/tmp/projects/mockito/src/main/java/org/mockito/internal/exceptions/Reporter.java
370	org.mockito.internal.exceptions.Reporter	wrongTypeOfArgumentToReturn(org.mockito.invocation.InvocationOnMock,java.lang.String,java.lang.Class<?>,int)	0	4	[false, false, false, false]	false	public	true	file:///private/tmp/projects/mockito/src/main/java/org/mockito/internal/exceptions/Reporter.java
371	org.mockito.internal.exceptions.Reporter	defaultAnswerDoesNotAcceptNullParameter()	0	0	[]	false	public	true	file:///private/tmp/projects/mockito/src/main/java/org/mockito/internal/exceptions/Reporter.java
372	org.mockito.internal.exceptions.Reporter	serializableWontWorkForObjectsThatDontImplementSerializable(java.lang.Class<?>)	0	1	[false]	false	public	true	file:///private/tmp/projects/mockito/src/main/java/org/mockito/internal/exceptions/Reporter.java
373	org.mockito.internal.exceptions.Reporter	delegatedMethodHasWrongReturnType(java.lang.reflect.Method,java.lang.reflect.Method,java.lang.Object,java.lang.Object)	0	4	[false, false, false, false]	false	public	true	file:///private/tmp/projects/mockito/src/main/java/org/mockito/internal/exceptions/Reporter.java
374	org.mockito.internal.exceptions.Reporter	delegatedMethodDoesNotExistOnDelegate(java.lang.reflect.Method,java.lang.Object,java.lang.Object)	0	3	[false, false, false]	false	public	true	file:///private/tmp/projects/mockito/src/main/java/org/mockito/internal/exceptions/Reporter.java
375	org.mockito.internal.exceptions.Reporter	usingConstructorWithFancySerializable(org.mockito.mock.SerializableMode)	0	1	[false]	false	public	true	file:///private/tmp/projects/mockito/src/main/java/org/mockito/internal/exceptions/Reporter.java
376	org.mockito.internal.exceptions.Reporter	cannotCreateTimerWithNegativeDurationTime(long)	0	1	[false]	false	public	true	file:///private/tmp/projects/mockito/src/main/java/org/mockito/internal/exceptions/Reporter.java
377	org.mockito.internal.exceptions.Reporter	notAnException()	0	0	[]	false	public	true	file:///private/tmp/projects/mockito/src/main/java/org/mockito/internal/exceptions/Reporter.java
378	org.mockito.internal.exceptions.Reporter	formatUnncessaryStubbingException(java.lang.Class<?>,java.util.Collection<org.mockito.invocation.Invocation>)	0	2	[true, false]	false	public	true	file:///private/tmp/projects/mockito/src/main/java/org/mockito/internal/exceptions/Reporter.java
379	org.mockito.internal.exceptions.Reporter	unncessaryStubbingException(java.util.List<org.mockito.invocation.Invocation>)	0	1	[false]	false	public	false	file:///private/tmp/projects/mockito/src/main/java/org/mockito/internal/exceptions/Reporter.java
380	org.mockito.internal.exceptions.Reporter	potentialStubbingProblem(org.mockito.invocation.Invocation,java.util.Collection<org.mockito.invocation.Invocation>)	0	2	[false, false]	false	public	false	file:///private/tmp/projects/mockito/src/main/java/org/mockito/internal/exceptions/Reporter.java
381	org.mockito.internal.exceptions.Reporter	redundantMockitoListener(java.lang.String)	0	1	[false]	false	public	false	file:///private/tmp/projects/mockito/src/main/java/org/mockito/internal/exceptions/Reporter.java
382	org.mockito.internal.exceptions.Reporter	unfinishedMockingSession()	0	0	[]	false	public	false	file:///private/tmp/projects/mockito/src/main/java/org/mockito/internal/exceptions/Reporter.java
383	org.mockito.internal.matchers.CapturingMatcher	matches(java.lang.Object)	23	1	[false]	false	public	false	file:///private/tmp/projects/mockito/src/main/java/org/mockito/internal/matchers/CapturingMatcher.java
384	org.mockito.internal.matchers.CapturingMatcher	toString()	2	0	[]	false	public	true	file:///private/tmp/projects/mockito/src/main/java/org/mockito/internal/matchers/CapturingMatcher.java
385	org.mockito.internal.matchers.CapturingMatcher	getLastValue()	0	0	[]	false	public	true	file:///private/tmp/projects/mockito/src/main/java/org/mockito/internal/matchers/CapturingMatcher.java
386	org.mockito.internal.matchers.CapturingMatcher	getAllValues()	0	0	[]	false	public	true	file:///private/tmp/projects/mockito/src/main/java/org/mockito/internal/matchers/CapturingMatcher.java
387	org.mockito.internal.matchers.CapturingMatcher	captureFrom(java.lang.Object)	388	1	[false]	false	public	false	file:///private/tmp/projects/mockito/src/main/java/org/mockito/internal/matchers/CapturingMatcher.java
388	org.mockito.internal.matchers.CapturesArguments	captureFrom(java.lang.Object)	0	1	[false]	false	public	false	file:///private/tmp/projects/mockito/src/main/java/org/mockito/internal/matchers/CapturesArguments.java
389	org.mockito.internal.reporting.Discrepancy	Discrepancy(int,int)	0	2	[false, false]	false	public	false	file:///private/tmp/projects/mockito/src/main/java/org/mockito/internal/reporting/Discrepancy.java
390	org.mockito.internal.reporting.Discrepancy	getWantedCount()	0	0	[]	false	public	false	file:///private/tmp/projects/mockito/src/main/java/org/mockito/internal/reporting/Discrepancy.java
391	org.mockito.internal.reporting.Discrepancy	getPluralizedWantedCount()	0	0	[]	false	public	true	file:///private/tmp/projects/mockito/src/main/java/org/mockito/internal/reporting/Discrepancy.java
392	org.mockito.internal.reporting.Discrepancy	getActualCount()	0	0	[]	false	public	false	file:///private/tmp/projects/mockito/src/main/java/org/mockito/internal/reporting/Discrepancy.java
393	org.mockito.internal.reporting.Discrepancy	getPluralizedActualCount()	0	0	[]	false	public	true	file:///private/tmp/projects/mockito/src/main/java/org/mockito/internal/reporting/Discrepancy.java
394	org.mockito.internal.exceptions.VerificationAwareInvocation	isVerified()	0	0	[]	false	public	false	file:///private/tmp/projects/mockito/src/main/java/org/mockito/internal/exceptions/VerificationAwareInvocation.java
395	org.mockito.exceptions.verification.MoreThanAllowedActualInvocations	MoreThanAllowedActualInvocations(java.lang.String)	0	1	[false]	false	public	false	file:///private/tmp/projects/mockito/src/main/java/org/mockito/exceptions/verification/MoreThanAllowedActualInvocations.java
396	org.mockito.exceptions.misusing.UnnecessaryStubbingException	UnnecessaryStubbingException(java.lang.String)	0	1	[false]	false	public	false	file:///private/tmp/projects/mockito/src/main/java/org/mockito/exceptions/misusing/UnnecessaryStubbingException.java
397	org.mockito.internal.invocation.ArgumentsProcessor	expandArgs(org.mockito.internal.invocation.MockitoMethod,java.lang.Object[])	0	2	[false, false]	false	public	true	file:///private/tmp/projects/mockito/src/main/java/org/mockito/internal/invocation/ArgumentsProcessor.java
398	org.mockito.internal.invocation.ArgumentsProcessor	expandVarArgs(boolean,java.lang.Object[])	0	2	[false, false]	false	private	true	file:///private/tmp/projects/mockito/src/main/java/org/mockito/internal/invocation/ArgumentsProcessor.java
399	org.mockito.internal.invocation.ArgumentsProcessor	<T>isNullOrEmpty(T[])	0	1	[false]	false	private	false	file:///private/tmp/projects/mockito/src/main/java/org/mockito/internal/invocation/ArgumentsProcessor.java
400	org.mockito.internal.invocation.ArgumentsProcessor	argumentsToMatchers(java.lang.Object[])	0	1	[false]	false	public	true	file:///private/tmp/projects/mockito/src/main/java/org/mockito/internal/invocation/ArgumentsProcessor.java
401	org.mockito.internal.invocation.MockitoMethod	getName()	0	0	[]	false	public	true	file:///private/tmp/projects/mockito/src/main/java/org/mockito/internal/invocation/MockitoMethod.java
402	org.mockito.internal.invocation.MockitoMethod	getReturnType()	0	0	[]	false	public	true	file:///private/tmp/projects/mockito/src/main/java/org/mockito/internal/invocation/MockitoMethod.java
403	org.mockito.internal.invocation.MockitoMethod	getParameterTypes()	0	0	[]	false	public	true	file:///private/tmp/projects/mockito/src/main/java/org/mockito/internal/invocation/MockitoMethod.java
404	org.mockito.internal.invocation.MockitoMethod	getExceptionTypes()	0	0	[]	false	public	true	file:///private/tmp/projects/mockito/src/main/java/org/mockito/internal/invocation/MockitoMethod.java
405	org.mockito.internal.invocation.MockitoMethod	isVarArgs()	0	0	[]	false	public	false	file:///private/tmp/projects/mockito/src/main/java/org/mockito/internal/invocation/MockitoMethod.java
406	org.mockito.internal.invocation.MockitoMethod	getJavaMethod()	0	0	[]	false	public	true	file:///private/tmp/projects/mockito/src/main/java/org/mockito/internal/invocation/MockitoMethod.java
407	org.mockito.internal.invocation.AbstractAwareMethod	isAbstract()	0	0	[]	false	public	false	file:///private/tmp/projects/mockito/src/main/java/org/mockito/internal/invocation/AbstractAwareMethod.java
408	org.mockito.internal.util.collections.ListUtil	<T>filter(java.util.Collection<T>,org.mockito.internal.util.collections.ListUtil.Filter<T>)	0	2	[false, false]	false	public	true	file:///private/tmp/projects/mockito/src/main/java/org/mockito/internal/util/collections/ListUtil.java
409	org.mockito.internal.util.collections.ListUtil	<From,To>convert(java.util.Collection<From>,org.mockito.internal.util.collections.ListUtil.Converter<From,To>)	0	2	[false, false]	false	public	true	file:///private/tmp/projects/mockito/src/main/java/org/mockito/internal/util/collections/ListUtil.java
410	org.mockito.internal.util.collections.ListUtil$Filter	isOut(T)	0	1	[false]	false	public	false	file:///private/tmp/projects/mockito/src/main/java/org/mockito/internal/util/collections/ListUtil.java
411	org.mockito.internal.util.collections.ListUtil$Converter	convert(From)	0	1	[false]	false	public	true	file:///private/tmp/projects/mockito/src/main/java/org/mockito/internal/util/collections/ListUtil.java
412	org.mockito.internal.invocation.InvocationsFinder	InvocationsFinder()	0	0	[]	false	private	false	file:///private/tmp/projects/mockito/src/main/java/org/mockito/internal/invocation/InvocationsFinder.java
413	org.mockito.internal.invocation.InvocationsFinder	findInvocations(java.util.List<org.mockito.invocation.Invocation>,org.mockito.invocation.MatchableInvocation)	0	2	[false, false]	false	public	true	file:///private/tmp/projects/mockito/src/main/java/org/mockito/internal/invocation/InvocationsFinder.java
414	org.mockito.internal.invocation.InvocationsFinder	findAllMatchingUnverifiedChunks(java.util.List<org.mockito.invocation.Invocation>,org.mockito.invocation.MatchableInvocation,org.mockito.internal.verification.api.InOrderContext)	0	3	[false, false, false]	false	public	true	file:///private/tmp/projects/mockito/src/main/java/org/mockito/internal/invocation/InvocationsFinder.java
415	org.mockito.internal.invocation.InvocationsFinder	findMatchingChunk(java.util.List<org.mockito.invocation.Invocation>,org.mockito.invocation.MatchableInvocation,int,org.mockito.internal.verification.api.InOrderContext)	0	4	[false, false, false, false]	false	public	true	file:///private/tmp/projects/mockito/src/main/java/org/mockito/internal/invocation/InvocationsFinder.java
416	org.mockito.internal.invocation.InvocationsFinder	getFirstMatchingChunk(org.mockito.invocation.MatchableInvocation,java.util.List<org.mockito.invocation.Invocation>)	0	2	[false, false]	false	private	true	file:///private/tmp/projects/mockito/src/main/java/org/mockito/internal/invocation/InvocationsFinder.java
417	org.mockito.internal.invocation.InvocationsFinder	findFirstMatchingUnverifiedInvocation(java.util.List<org.mockito.invocation.Invocation>,org.mockito.invocation.MatchableInvocation,org.mockito.internal.verification.api.InOrderContext)	0	3	[false, false, false]	true	public	true	file:///private/tmp/projects/mockito/src/main/java/org/mockito/internal/invocation/InvocationsFinder.java
418	org.mockito.internal.invocation.InvocationsFinder	findSimilarInvocation(java.util.List<org.mockito.invocation.Invocation>,org.mockito.invocation.MatchableInvocation)	0	2	[false, false]	true	public	true	file:///private/tmp/projects/mockito/src/main/java/org/mockito/internal/invocation/InvocationsFinder.java
419	org.mockito.internal.invocation.InvocationsFinder	findFirstUnverified(java.util.List<org.mockito.invocation.Invocation>)	0	1	[false]	true	public	true	file:///private/tmp/projects/mockito/src/main/java/org/mockito/internal/invocation/InvocationsFinder.java
420	org.mockito.internal.invocation.InvocationsFinder	findFirstUnverified(java.util.List<org.mockito.invocation.Invocation>,java.lang.Object)	0	2	[false, true]	true	package	true	file:///private/tmp/projects/mockito/src/main/java/org/mockito/internal/invocation/InvocationsFinder.java
421	org.mockito.internal.invocation.InvocationsFinder	getLastLocation(java.util.List<org.mockito.invocation.Invocation>)	0	1	[false]	true	public	true	file:///private/tmp/projects/mockito/src/main/java/org/mockito/internal/invocation/InvocationsFinder.java
422	org.mockito.internal.invocation.InvocationsFinder	findPreviousVerifiedInOrder(java.util.List<org.mockito.invocation.Invocation>,org.mockito.internal.verification.api.InOrderContext)	0	2	[false, false]	true	public	true	file:///private/tmp/projects/mockito/src/main/java/org/mockito/internal/invocation/InvocationsFinder.java
423	org.mockito.internal.invocation.InvocationsFinder	removeVerifiedInOrder(java.util.List<org.mockito.invocation.Invocation>,org.mockito.internal.verification.api.InOrderContext)	0	2	[false, false]	false	private	true	file:///private/tmp/projects/mockito/src/main/java/org/mockito/internal/invocation/InvocationsFinder.java
424	org.mockito.internal.invocation.InvocationsFinder	getAllLocations(java.util.List<org.mockito.invocation.Invocation>)	0	1	[false]	false	public	true	file:///private/tmp/projects/mockito/src/main/java/org/mockito/internal/invocation/InvocationsFinder.java
425	org.mockito.internal.invocation.InvocationsFinder$RemoveNotMatching	RemoveNotMatching(org.mockito.invocation.MatchableInvocation)	0	1	[false]	false	private	false	file:///private/tmp/projects/mockito/src/main/java/org/mockito/internal/invocation/InvocationsFinder.java
426	org.mockito.internal.invocation.InvocationsFinder$RemoveNotMatching	isOut(org.mockito.invocation.Invocation)	410	1	[false]	false	public	false	file:///private/tmp/projects/mockito/src/main/java/org/mockito/internal/invocation/InvocationsFinder.java
427	org.mockito.internal.invocation.InvocationsFinder$RemoveUnverifiedInOrder	RemoveUnverifiedInOrder(org.mockito.internal.verification.api.InOrderContext)	0	1	[false]	false	public	false	file:///private/tmp/projects/mockito/src/main/java/org/mockito/internal/invocation/InvocationsFinder.java
428	org.mockito.internal.invocation.InvocationsFinder$RemoveUnverifiedInOrder	isOut(org.mockito.invocation.Invocation)	410	1	[false]	false	public	false	file:///private/tmp/projects/mockito/src/main/java/org/mockito/internal/invocation/InvocationsFinder.java
429	org.mockito.internal.invocation.InvocationsFinder	findFirstUnverifiedInOrder(org.mockito.internal.verification.api.InOrderContext,java.util.List<org.mockito.invocation.Invocation>)	0	2	[false, false]	true	public	true	file:///private/tmp/projects/mockito/src/main/java/org/mockito/internal/invocation/InvocationsFinder.java
430	org.mockito.internal.verification.api.InOrderContext	isVerified(org.mockito.invocation.Invocation)	0	1	[false]	false	public	false	file:///private/tmp/projects/mockito/src/main/java/org/mockito/internal/verification/api/InOrderContext.java
431	org.mockito.internal.verification.api.InOrderContext	markVerified(org.mockito.invocation.Invocation)	0	1	[false]	false	public	false	file:///private/tmp/projects/mockito/src/main/java/org/mockito/internal/verification/api/InOrderContext.java
432	org.mockito.internal.invocation.InvocationComparator	compare(org.mockito.invocation.Invocation,org.mockito.invocation.Invocation)	433	2	[false, false]	false	public	false	file:///private/tmp/projects/mockito/src/main/java/org/mockito/internal/invocation/InvocationComparator.java
434	org.mockito.internal.invocation.InvocationMarker	InvocationMarker()	0	0	[]	false	private	false	file:///private/tmp/projects/mockito/src/main/java/org/mockito/internal/invocation/InvocationMarker.java
435	org.mockito.internal.invocation.InvocationMarker	markVerified(java.util.List<org.mockito.invocation.Invocation>,org.mockito.invocation.MatchableInvocation)	0	2	[false, false]	false	public	false	file:///private/tmp/projects/mockito/src/main/java/org/mockito/internal/invocation/InvocationMarker.java
436	org.mockito.internal.invocation.InvocationMarker	markVerified(org.mockito.invocation.Invocation,org.mockito.invocation.MatchableInvocation)	0	2	[false, false]	false	public	false	file:///private/tmp/projects/mockito/src/main/java/org/mockito/internal/invocation/InvocationMarker.java
437	org.mockito.internal.invocation.InvocationMarker	markVerifiedInOrder(java.util.List<org.mockito.invocation.Invocation>,org.mockito.invocation.MatchableInvocation,org.mockito.internal.verification.api.InOrderContext)	0	3	[false, false, false]	false	public	false	file:///private/tmp/projects/mockito/src/main/java/org/mockito/internal/invocation/InvocationMarker.java
438	org.mockito.internal.invocation.MatchersBinder	bindMatchers(org.mockito.internal.progress.ArgumentMatcherStorage,org.mockito.invocation.Invocation)	0	2	[false, false]	false	public	true	file:///private/tmp/projects/mockito/src/main/java/org/mockito/internal/invocation/MatchersBinder.java
439	org.mockito.internal.invocation.MatchersBinder	validateMatchers(org.mockito.invocation.Invocation,java.util.List<org.mockito.internal.matchers.LocalizedMatcher>)	0	2	[false, false]	false	private	false	file:///private/tmp/projects/mockito/src/main/java/org/mockito/internal/invocation/MatchersBinder.java
440	org.mockito.internal.invocation.RealMethod$IsIllegal	isInvokable()	441	0	[]	false	public	false	file:///private/tmp/projects/mockito/src/main/java/org/mockito/internal/invocation/RealMethod.java
442	org.mockito.internal.invocation.RealMethod$IsIllegal	invoke()	443	0	[]	false	public	true	file:///private/tmp/projects/mockito/src/main/java/org/mockito/internal/invocation/RealMethod.java
444	org.mockito.internal.invocation.RealMethod$FromCallable	FromCallable(java.util.concurrent.Callable<?>)	0	1	[false]	false	public	false	file:///private/tmp/projects/mockito/src/main/java/org/mockito/internal/invocation/RealMethod.java
445	org.mockito.internal.invocation.RealMethod$FromCallable$1	call()	65	0	[]	false	public	true	file:///private/tmp/projects/mockito/src/main/java/org/mockito/internal/invocation/RealMethod.java
446	org.mockito.internal.invocation.RealMethod$FromBehavior	FromBehavior(org.mockito.invocation.InvocationFactory.RealMethodBehavior<?>)	0	1	[false]	false	package	false	file:///private/tmp/projects/mockito/src/main/java/org/mockito/internal/invocation/RealMethod.java
447	org.mockito.internal.invocation.RealMethod$FromBehavior	isInvokable()	441	0	[]	false	public	false	file:///private/tmp/projects/mockito/src/main/java/org/mockito/internal/invocation/RealMethod.java
448	org.mockito.internal.invocation.RealMethod$FromBehavior	invoke()	443	0	[]	false	public	true	file:///private/tmp/projects/mockito/src/main/java/org/mockito/internal/invocation/RealMethod.java
441	org.mockito.internal.invocation.RealMethod	isInvokable()	0	0	[]	false	public	false	file:///private/tmp/projects/mockito/src/main/java/org/mockito/internal/invocation/RealMethod.java
443	org.mockito.internal.invocation.RealMethod	invoke()	0	0	[]	true	public	true	file:///private/tmp/projects/mockito/src/main/java/org/mockito/internal/invocation/RealMethod.java
449	org.mockito.internal.invocation.mockref.MockWeakReference	MockWeakReference(T)	0	1	[false]	false	public	false	file:///private/tmp/projects/mockito/src/main/java/org/mockito/internal/invocation/mockref/MockWeakReference.java
450	org.mockito.internal.invocation.mockref.MockWeakReference	writeReplace()	0	0	[]	false	private	true	file:///private/tmp/projects/mockito/src/main/java/org/mockito/internal/invocation/mockref/MockWeakReference.java
451	org.mockito.internal.invocation.mockref.MockWeakReference	get()	452	0	[]	false	public	true	file:///private/tmp/projects/mockito/src/main/java/org/mockito/internal/invocation/mockref/MockWeakReference.java
452	org.mockito.internal.invocation.mockref.MockReference	get()	0	0	[]	false	public	true	file:///private/tmp/projects/mockito/src/main/java/org/mockito/internal/invocation/mockref/MockReference.java
453	org.mockito.internal.invocation.mockref.MockStrongReference	MockStrongReference(T,boolean)	0	2	[false, false]	false	public	false	file:///private/tmp/projects/mockito/src/main/java/org/mockito/internal/invocation/mockref/MockStrongReference.java
454	org.mockito.internal.invocation.mockref.MockStrongReference	get()	452	0	[]	false	public	true	file:///private/tmp/projects/mockito/src/main/java/org/mockito/internal/invocation/mockref/MockStrongReference.java
455	org.mockito.internal.invocation.mockref.MockStrongReference	readResolve()	0	0	[]	false	private	true	file:///private/tmp/projects/mockito/src/main/java/org/mockito/internal/invocation/mockref/MockStrongReference.java
456	org.mockito.internal.invocation.StubInfoImpl	StubInfoImpl(org.mockito.invocation.DescribedInvocation)	0	1	[false]	false	public	false	file:///private/tmp/projects/mockito/src/main/java/org/mockito/internal/invocation/StubInfoImpl.java
457	org.mockito.internal.invocation.StubInfoImpl	stubbedAt()	24	0	[]	false	public	true	file:///private/tmp/projects/mockito/src/main/java/org/mockito/internal/invocation/StubInfoImpl.java
458	org.mockito.internal.invocation.finder.VerifiableInvocationsFinder	VerifiableInvocationsFinder()	0	0	[]	false	private	false	file:///private/tmp/projects/mockito/src/main/java/org/mockito/internal/invocation/finder/VerifiableInvocationsFinder.java
459	org.mockito.internal.invocation.finder.VerifiableInvocationsFinder	find(java.util.List<?>)	0	1	[false]	false	public	true	file:///private/tmp/projects/mockito/src/main/java/org/mockito/internal/invocation/finder/VerifiableInvocationsFinder.java
460	org.mockito.internal.invocation.finder.VerifiableInvocationsFinder$RemoveIgnoredForVerification	isOut(org.mockito.invocation.Invocation)	410	1	[false]	false	public	false	file:///private/tmp/projects/mockito/src/main/java/org/mockito/internal/invocation/finder/VerifiableInvocationsFinder.java
461	org.mockito.internal.invocation.finder.AllInvocationsFinder	AllInvocationsFinder()	0	0	[]	false	private	false	file:///private/tmp/projects/mockito/src/main/java/org/mockito/internal/invocation/finder/AllInvocationsFinder.java
462	org.mockito.internal.invocation.finder.AllInvocationsFinder	find(java.lang.Iterable<?>)	0	1	[false]	false	public	true	file:///private/tmp/projects/mockito/src/main/java/org/mockito/internal/invocation/finder/AllInvocationsFinder.java
463	org.mockito.internal.invocation.finder.AllInvocationsFinder	findStubbings(java.lang.Iterable<?>)	0	1	[false]	false	public	true	file:///private/tmp/projects/mockito/src/main/java/org/mockito/internal/invocation/finder/AllInvocationsFinder.java
464	org.mockito.internal.invocation.DefaultInvocationFactory	createInvocation(java.lang.Object,org.mockito.mock.MockCreationSettings,java.lang.reflect.Method,java.util.concurrent.Callable,java.lang.Object...)	64	5	[false, false, false, false, false]	false	public	true	file:///private/tmp/projects/mockito/src/main/java/org/mockito/internal/invocation/DefaultInvocationFactory.java
465	org.mockito.internal.invocation.DefaultInvocationFactory	createInvocation(java.lang.Object,org.mockito.mock.MockCreationSettings,java.lang.reflect.Method,org.mockito.invocation.InvocationFactory.RealMethodBehavior,java.lang.Object...)	66	5	[false, false, false, false, false]	false	public	true	file:///private/tmp/projects/mockito/src/main/java/org/mockito/internal/invocation/DefaultInvocationFactory.java
466	org.mockito.internal.invocation.DefaultInvocationFactory	createInvocation(java.lang.Object,org.mockito.mock.MockCreationSettings,java.lang.reflect.Method,org.mockito.internal.invocation.RealMethod,java.lang.Object[])	0	5	[false, false, false, false, false]	false	private	true	file:///private/tmp/projects/mockito/src/main/java/org/mockito/internal/invocation/DefaultInvocationFactory.java
467	org.mockito.internal.invocation.DefaultInvocationFactory	createInvocation(java.lang.Object,java.lang.reflect.Method,java.lang.Object[],org.mockito.internal.invocation.RealMethod,org.mockito.mock.MockCreationSettings,org.mockito.invocation.Location)	0	6	[false, false, false, false, false, false]	false	public	true	file:///private/tmp/projects/mockito/src/main/java/org/mockito/internal/invocation/DefaultInvocationFactory.java
468	org.mockito.internal.invocation.DefaultInvocationFactory	createInvocation(java.lang.Object,java.lang.reflect.Method,java.lang.Object[],org.mockito.internal.invocation.RealMethod,org.mockito.mock.MockCreationSettings)	0	5	[false, false, false, false, false]	false	private	true	file:///private/tmp/projects/mockito/src/main/java/org/mockito/internal/invocation/DefaultInvocationFactory.java
469	org.mockito.internal.invocation.DefaultInvocationFactory	createMockitoMethod(java.lang.reflect.Method,org.mockito.mock.MockCreationSettings)	0	2	[false, false]	false	private	true	file:///private/tmp/projects/mockito/src/main/java/org/mockito/internal/invocation/DefaultInvocationFactory.java
470	org.mockito.internal.invocation.InterceptedInvocation	InterceptedInvocation(org.mockito.internal.invocation.mockref.MockReference<java.lang.Object>,org.mockito.internal.invocation.MockitoMethod,java.lang.Object[],org.mockito.internal.invocation.RealMethod,org.mockito.invocation.Location,int)	0	6	[false, false, false, false, false, false]	false	public	false	file:///private/tmp/projects/mockito/src/main/java/org/mockito/internal/invocation/InterceptedInvocation.java
471	org.mockito.internal.invocation.InterceptedInvocation	isVerified()	6	0	[]	false	public	false	file:///private/tmp/projects/mockito/src/main/java/org/mockito/internal/invocation/InterceptedInvocation.java
472	org.mockito.internal.invocation.InterceptedInvocation	getSequenceNumber()	7	0	[]	false	public	false	file:///private/tmp/projects/mockito/src/main/java/org/mockito/internal/invocation/InterceptedInvocation.java
473	org.mockito.internal.invocation.InterceptedInvocation	getLocation()	8	0	[]	false	public	true	file:///private/tmp/projects/mockito/src/main/java/org/mockito/internal/invocation/InterceptedInvocation.java
474	org.mockito.internal.invocation.InterceptedInvocation	getRawArguments()	9	0	[]	false	public	true	file:///private/tmp/projects/mockito/src/main/java/org/mockito/internal/invocation/InterceptedInvocation.java
475	org.mockito.internal.invocation.InterceptedInvocation	getRawReturnType()	11	0	[]	false	public	true	file:///private/tmp/projects/mockito/src/main/java/org/mockito/internal/invocation/InterceptedInvocation.java
476	org.mockito.internal.invocation.InterceptedInvocation	markVerified()	12	0	[]	false	public	false	file:///private/tmp/projects/mockito/src/main/java/org/mockito/internal/invocation/InterceptedInvocation.java
477	org.mockito.internal.invocation.InterceptedInvocation	stubInfo()	13	0	[]	true	public	true	file:///private/tmp/projects/mockito/src/main/java/org/mockito/internal/invocation/InterceptedInvocation.java
478	org.mockito.internal.invocation.InterceptedInvocation	markStubbed(org.mockito.invocation.StubInfo)	14	1	[false]	false	public	false	file:///private/tmp/projects/mockito/src/main/java/org/mockito/internal/invocation/InterceptedInvocation.java
479	org.mockito.internal.invocation.InterceptedInvocation	isIgnoredForVerification()	15	0	[]	false	public	false	file:///private/tmp/projects/mockito/src/main/java/org/mockito/internal/invocation/InterceptedInvocation.java
480	org.mockito.internal.invocation.InterceptedInvocation	ignoreForVerification()	16	0	[]	false	public	false	file:///private/tmp/projects/mockito/src/main/java/org/mockito/internal/invocation/InterceptedInvocation.java
481	org.mockito.internal.invocation.InterceptedInvocation	getMock()	17	0	[]	false	public	true	file:///private/tmp/projects/mockito/src/main/java/org/mockito/internal/invocation/InterceptedInvocation.java
482	org.mockito.internal.invocation.InterceptedInvocation	getMethod()	18	0	[]	false	public	true	file:///private/tmp/projects/mockito/src/main/java/org/mockito/internal/invocation/InterceptedInvocation.java
483	org.mockito.internal.invocation.InterceptedInvocation	getArguments()	19	0	[]	false	public	true	file:///private/tmp/projects/mockito/src/main/java/org/mockito/internal/invocation/InterceptedInvocation.java
484	org.mockito.internal.invocation.InterceptedInvocation	<T>getArgument(int)	20	1	[false]	false	public	true	file:///private/tmp/projects/mockito/src/main/java/org/mockito/internal/invocation/InterceptedInvocation.java
485	org.mockito.internal.invocation.InterceptedInvocation	getArgumentsAsMatchers()	10	0	[]	false	public	true	file:///private/tmp/projects/mockito/src/main/java/org/mockito/internal/invocation/InterceptedInvocation.java
486	org.mockito.internal.invocation.InterceptedInvocation	<T>getArgument(int,java.lang.Class<T>)	21	2	[false, false]	false	public	true	file:///private/tmp/projects/mockito/src/main/java/org/mockito/internal/invocation/InterceptedInvocation.java
487	org.mockito.internal.invocation.InterceptedInvocation	callRealMethod()	22	0	[]	true	public	true	file:///private/tmp/projects/mockito/src/main/java/org/mockito/internal/invocation/InterceptedInvocation.java
488	org.mockito.internal.invocation.InterceptedInvocation	getMockRef()	0	0	[]	false	public	true	file:///private/tmp/projects/mockito/src/main/java/org/mockito/internal/invocation/InterceptedInvocation.java
489	org.mockito.internal.invocation.InterceptedInvocation	getMockitoMethod()	0	0	[]	false	public	true	file:///private/tmp/projects/mockito/src/main/java/org/mockito/internal/invocation/InterceptedInvocation.java
490	org.mockito.internal.invocation.InterceptedInvocation	getRealMethod()	0	0	[]	false	public	true	file:///private/tmp/projects/mockito/src/main/java/org/mockito/internal/invocation/InterceptedInvocation.java
491	org.mockito.internal.invocation.InterceptedInvocation	hashCode()	492	0	[]	false	public	false	file:///private/tmp/projects/mockito/src/main/java/org/mockito/internal/invocation/InterceptedInvocation.java
493	org.mockito.internal.invocation.InterceptedInvocation	equals(java.lang.Object)	494	1	[false]	false	public	false	file:///private/tmp/projects/mockito/src/main/java/org/mockito/internal/invocation/InterceptedInvocation.java
495	org.mockito.internal.invocation.InterceptedInvocation	equalArguments(java.lang.Object[])	0	1	[false]	false	private	false	file:///private/tmp/projects/mockito/src/main/java/org/mockito/internal/invocation/InterceptedInvocation.java
496	org.mockito.internal.invocation.InterceptedInvocation	toString()	1	0	[]	false	public	true	file:///private/tmp/projects/mockito/src/main/java/org/mockito/internal/invocation/InterceptedInvocation.java
497	org.mockito.internal.invocation.InterceptedInvocation$1	isInvokable()	441	0	[]	false	public	false	file:///private/tmp/projects/mockito/src/main/java/org/mockito/internal/invocation/InterceptedInvocation.java
498	org.mockito.internal.invocation.InterceptedInvocation$1	invoke()	443	0	[]	true	public	true	file:///private/tmp/projects/mockito/src/main/java/org/mockito/internal/invocation/InterceptedInvocation.java
499	org.mockito.internal.invocation.SerializableMethod	SerializableMethod(java.lang.reflect.Method)	0	1	[false]	false	public	false	file:///private/tmp/projects/mockito/src/main/java/org/mockito/internal/invocation/SerializableMethod.java
500	org.mockito.internal.invocation.SerializableMethod	getName()	401	0	[]	false	public	true	file:///private/tmp/projects/mockito/src/main/java/org/mockito/internal/invocation/SerializableMethod.java
501	org.mockito.internal.invocation.SerializableMethod	getReturnType()	402	0	[]	false	public	true	file:///private/tmp/projects/mockito/src/main/java/org/mockito/internal/invocation/SerializableMethod.java
502	org.mockito.internal.invocation.SerializableMethod	getParameterTypes()	403	0	[]	false	public	true	file:///private/tmp/projects/mockito/src/main/java/org/mockito/internal/invocation/SerializableMethod.java
503	org.mockito.internal.invocation.SerializableMethod	getExceptionTypes()	404	0	[]	false	public	true	file:///private/tmp/projects/mockito/src/main/java/org/mockito/internal/invocation/SerializableMethod.java
504	org.mockito.internal.invocation.SerializableMethod	isVarArgs()	405	0	[]	false	public	false	file:///private/tmp/projects/mockito/src/main/java/org/mockito/internal/invocation/SerializableMethod.java
505	org.mockito.internal.invocation.SerializableMethod	isAbstract()	407	0	[]	false	public	false	file:///private/tmp/projects/mockito/src/main/java/org/mockito/internal/invocation/SerializableMethod.java
506	org.mockito.internal.invocation.SerializableMethod	getJavaMethod()	406	0	[]	false	public	true	file:///private/tmp/projects/mockito/src/main/java/org/mockito/internal/invocation/SerializableMethod.java
507	org.mockito.internal.invocation.SerializableMethod	hashCode()	492	0	[]	false	public	false	file:///private/tmp/projects/mockito/src/main/java/org/mockito/internal/invocation/SerializableMethod.java
508	org.mockito.internal.invocation.SerializableMethod	equals(java.lang.Object)	494	1	[false]	false	public	false	file:///private/tmp/projects/mockito/src/main/java/org/mockito/internal/invocation/SerializableMethod.java
509	org.mockito.internal.invocation.UnusedStubsFinder	find(java.util.List<?>)	0	1	[false]	false	public	true	file:///private/tmp/projects/mockito/src/main/java/org/mockito/internal/invocation/UnusedStubsFinder.java
510	org.mockito.internal.handler.InvocationNotifierHandler	InvocationNotifierHandler(org.mockito.invocation.MockHandler<T>,org.mockito.mock.MockCreationSettings<T>)	0	2	[false, false]	false	public	false	file:///private/tmp/projects/mockito/src/main/java/org/mockito/internal/handler/InvocationNotifierHandler.java
511	org.mockito.internal.handler.InvocationNotifierHandler	handle(org.mockito.invocation.Invocation)	25	1	[false]	true	public	true	file:///private/tmp/projects/mockito/src/main/java/org/mockito/internal/handler/InvocationNotifierHandler.java
512	org.mockito.internal.handler.InvocationNotifierHandler	notifyMethodCall(org.mockito.invocation.Invocation,java.lang.Object)	0	2	[false, true]	false	private	false	file:///private/tmp/projects/mockito/src/main/java/org/mockito/internal/handler/InvocationNotifierHandler.java
513	org.mockito.internal.handler.InvocationNotifierHandler	notifyMethodCallException(org.mockito.invocation.Invocation,java.lang.Throwable)	0	2	[false, false]	false	private	false	file:///private/tmp/projects/mockito/src/main/java/org/mockito/internal/handler/InvocationNotifierHandler.java
514	org.mockito.internal.handler.InvocationNotifierHandler	getMockSettings()	26	0	[]	false	public	true	file:///private/tmp/projects/mockito/src/main/java/org/mockito/internal/handler/InvocationNotifierHandler.java
515	org.mockito.internal.handler.InvocationNotifierHandler	getInvocationContainer()	27	0	[]	false	public	true	file:///private/tmp/projects/mockito/src/main/java/org/mockito/internal/handler/InvocationNotifierHandler.java
516	org.mockito.internal.matchers.Equality	areEqual(java.lang.Object,java.lang.Object)	0	2	[true, true]	false	public	false	file:///private/tmp/projects/mockito/src/main/java/org/mockito/internal/matchers/Equality.java
517	org.mockito.internal.matchers.Equality	areArraysEqual(java.lang.Object,java.lang.Object)	0	2	[false, false]	false	package	false	file:///private/tmp/projects/mockito/src/main/java/org/mockito/internal/matchers/Equality.java
518	org.mockito.internal.matchers.Equality	areArrayLengthsEqual(java.lang.Object,java.lang.Object)	0	2	[false, false]	false	package	false	file:///private/tmp/projects/mockito/src/main/java/org/mockito/internal/matchers/Equality.java
519	org.mockito.internal.matchers.Equality	areArrayElementsEqual(java.lang.Object,java.lang.Object)	0	2	[false, false]	false	package	false	file:///private/tmp/projects/mockito/src/main/java/org/mockito/internal/matchers/Equality.java
520	org.mockito.internal.matchers.Equality	isArray(java.lang.Object)	0	1	[false]	false	package	false	file:///private/tmp/projects/mockito/src/main/java/org/mockito/internal/matchers/Equality.java
521	org.mockito.internal.handler.NotifiedMethodInvocationReport	NotifiedMethodInvocationReport(org.mockito.invocation.Invocation,java.lang.Object)	0	2	[false, true]	false	public	false	file:///private/tmp/projects/mockito/src/main/java/org/mockito/internal/handler/NotifiedMethodInvocationReport.java
522	org.mockito.internal.handler.NotifiedMethodInvocationReport	NotifiedMethodInvocationReport(org.mockito.invocation.Invocation,java.lang.Throwable)	0	2	[false, false]	false	public	false	file:///private/tmp/projects/mockito/src/main/java/org/mockito/internal/handler/NotifiedMethodInvocationReport.java
523	org.mockito.internal.handler.NotifiedMethodInvocationReport	getInvocation()	52	0	[]	false	public	true	file:///private/tmp/projects/mockito/src/main/java/org/mockito/internal/handler/NotifiedMethodInvocationReport.java
524	org.mockito.internal.handler.NotifiedMethodInvocationReport	getReturnedValue()	53	0	[]	true	public	true	file:///private/tmp/projects/mockito/src/main/java/org/mockito/internal/handler/NotifiedMethodInvocationReport.java
525	org.mockito.internal.handler.NotifiedMethodInvocationReport	getThrowable()	54	0	[]	true	public	true	file:///private/tmp/projects/mockito/src/main/java/org/mockito/internal/handler/NotifiedMethodInvocationReport.java
526	org.mockito.internal.handler.NotifiedMethodInvocationReport	threwException()	55	0	[]	false	public	false	file:///private/tmp/projects/mockito/src/main/java/org/mockito/internal/handler/NotifiedMethodInvocationReport.java
527	org.mockito.internal.handler.NotifiedMethodInvocationReport	getLocationOfStubbing()	56	0	[]	true	public	true	file:///private/tmp/projects/mockito/src/main/java/org/mockito/internal/handler/NotifiedMethodInvocationReport.java
528	org.mockito.internal.handler.NotifiedMethodInvocationReport	equals(java.lang.Object)	494	1	[false]	false	public	false	file:///private/tmp/projects/mockito/src/main/java/org/mockito/internal/handler/NotifiedMethodInvocationReport.java
529	org.mockito.internal.handler.NotifiedMethodInvocationReport	hashCode()	492	0	[]	false	public	false	file:///private/tmp/projects/mockito/src/main/java/org/mockito/internal/handler/NotifiedMethodInvocationReport.java
530	org.mockito.internal.handler.NullResultGuardian	NullResultGuardian(org.mockito.invocation.MockHandler<T>)	0	1	[false]	false	public	false	file:///private/tmp/projects/mockito/src/main/java/org/mockito/internal/handler/NullResultGuardian.java
531	org.mockito.internal.handler.NullResultGuardian	handle(org.mockito.invocation.Invocation)	25	1	[false]	true	public	true	file:///private/tmp/projects/mockito/src/main/java/org/mockito/internal/handler/NullResultGuardian.java
532	org.mockito.internal.handler.NullResultGuardian	getMockSettings()	26	0	[]	false	public	true	file:///private/tmp/projects/mockito/src/main/java/org/mockito/internal/handler/NullResultGuardian.java
533	org.mockito.internal.handler.NullResultGuardian	getInvocationContainer()	27	0	[]	false	public	true	file:///private/tmp/projects/mockito/src/main/java/org/mockito/internal/handler/NullResultGuardian.java
534	org.mockito.internal.handler.MockHandlerFactory	<T>createMockHandler(org.mockito.mock.MockCreationSettings<T>)	0	1	[false]	false	public	true	file:///private/tmp/projects/mockito/src/main/java/org/mockito/internal/handler/MockHandlerFactory.java
535	org.mockito.internal.listeners.StubbingLookupNotifier	notifyStubbedAnswerLookup(org.mockito.invocation.Invocation,org.mockito.stubbing.Stubbing,java.util.Collection<org.mockito.stubbing.Stubbing>,org.mockito.internal.creation.settings.CreationSettings)	0	4	[false, false, false, false]	false	public	false	file:///private/tmp/projects/mockito/src/main/java/org/mockito/internal/listeners/StubbingLookupNotifier.java
536	org.mockito.internal.listeners.StubbingLookupNotifier$Event	Event(org.mockito.invocation.Invocation,org.mockito.stubbing.Stubbing,java.util.Collection<org.mockito.stubbing.Stubbing>,org.mockito.mock.MockCreationSettings)	0	4	[false, false, false, false]	false	public	false	file:///private/tmp/projects/mockito/src/main/java/org/mockito/internal/listeners/StubbingLookupNotifier.java
537	org.mockito.internal.listeners.StubbingLookupNotifier$Event	getInvocation()	57	0	[]	false	public	true	file:///private/tmp/projects/mockito/src/main/java/org/mockito/internal/listeners/StubbingLookupNotifier.java
538	org.mockito.internal.listeners.StubbingLookupNotifier$Event	getStubbingFound()	58	0	[]	false	public	true	file:///private/tmp/projects/mockito/src/main/java/org/mockito/internal/listeners/StubbingLookupNotifier.java
539	org.mockito.internal.listeners.StubbingLookupNotifier$Event	getAllStubbings()	59	0	[]	false	public	true	file:///private/tmp/projects/mockito/src/main/java/org/mockito/internal/listeners/StubbingLookupNotifier.java
540	org.mockito.internal.listeners.StubbingLookupNotifier$Event	getMockSettings()	60	0	[]	false	public	true	file:///private/tmp/projects/mockito/src/main/java/org/mockito/internal/listeners/StubbingLookupNotifier.java
541	org.mockito.internal.handler.MockHandlerImpl	MockHandlerImpl(org.mockito.mock.MockCreationSettings<T>)	0	1	[false]	false	public	false	file:///private/tmp/projects/mockito/src/main/java/org/mockito/internal/handler/MockHandlerImpl.java
542	org.mockito.internal.handler.MockHandlerImpl	handle(org.mockito.invocation.Invocation)	25	1	[false]	true	public	true	file:///private/tmp/projects/mockito/src/main/java/org/mockito/internal/handler/MockHandlerImpl.java
543	org.mockito.internal.handler.MockHandlerImpl	getMockSettings()	26	0	[]	false	public	true	file:///private/tmp/projects/mockito/src/main/java/org/mockito/internal/handler/MockHandlerImpl.java
544	org.mockito.internal.handler.MockHandlerImpl	getInvocationContainer()	27	0	[]	false	public	true	file:///private/tmp/projects/mockito/src/main/java/org/mockito/internal/handler/MockHandlerImpl.java
545	org.mockito.internal.stubbing.InvocationContainerImpl	InvocationContainerImpl(org.mockito.mock.MockCreationSettings)	0	1	[false]	false	public	false	file:///private/tmp/projects/mockito/src/main/java/org/mockito/internal/stubbing/InvocationContainerImpl.java
546	org.mockito.internal.stubbing.InvocationContainerImpl	setInvocationForPotentialStubbing(org.mockito.invocation.MatchableInvocation)	0	1	[false]	false	public	false	file:///private/tmp/projects/mockito/src/main/java/org/mockito/internal/stubbing/InvocationContainerImpl.java
547	org.mockito.internal.stubbing.InvocationContainerImpl	resetInvocationForPotentialStubbing(org.mockito.invocation.MatchableInvocation)	0	1	[false]	false	public	false	file:///private/tmp/projects/mockito/src/main/java/org/mockito/internal/stubbing/InvocationContainerImpl.java
548	org.mockito.internal.stubbing.InvocationContainerImpl	addAnswer(org.mockito.stubbing.Answer,org.mockito.quality.Strictness)	0	2	[false, true]	false	public	false	file:///private/tmp/projects/mockito/src/main/java/org/mockito/internal/stubbing/InvocationContainerImpl.java
549	org.mockito.internal.stubbing.InvocationContainerImpl	addConsecutiveAnswer(org.mockito.stubbing.Answer)	0	1	[false]	false	public	false	file:///private/tmp/projects/mockito/src/main/java/org/mockito/internal/stubbing/InvocationContainerImpl.java
550	org.mockito.internal.stubbing.InvocationContainerImpl	addAnswer(org.mockito.stubbing.Answer,boolean,org.mockito.quality.Strictness)	0	3	[false, false, true]	false	public	true	file:///private/tmp/projects/mockito/src/main/java/org/mockito/internal/stubbing/InvocationContainerImpl.java
551	org.mockito.internal.stubbing.InvocationContainerImpl	answerTo(org.mockito.invocation.Invocation)	0	1	[false]	true	package	true	file:///private/tmp/projects/mockito/src/main/java/org/mockito/internal/stubbing/InvocationContainerImpl.java
552	org.mockito.internal.stubbing.InvocationContainerImpl	findAnswerFor(org.mockito.invocation.Invocation)	0	1	[false]	false	public	true	file:///private/tmp/projects/mockito/src/main/java/org/mockito/internal/stubbing/InvocationContainerImpl.java
553	org.mockito.internal.stubbing.InvocationContainerImpl	setAnswersForStubbing(java.util.List<org.mockito.stubbing.Answer<?>>,org.mockito.quality.Strictness)	0	2	[false, true]	false	public	false	file:///private/tmp/projects/mockito/src/main/java/org/mockito/internal/stubbing/InvocationContainerImpl.java
554	org.mockito.internal.stubbing.InvocationContainerImpl	hasAnswersForStubbing()	0	0	[]	false	public	false	file:///private/tmp/projects/mockito/src/main/java/org/mockito/internal/stubbing/InvocationContainerImpl.java
555	org.mockito.internal.stubbing.InvocationContainerImpl	hasInvocationForPotentialStubbing()	0	0	[]	false	public	false	file:///private/tmp/projects/mockito/src/main/java/org/mockito/internal/stubbing/InvocationContainerImpl.java
556	org.mockito.internal.stubbing.InvocationContainerImpl	setMethodForStubbing(org.mockito.invocation.MatchableInvocation)	0	1	[false]	false	public	false	file:///private/tmp/projects/mockito/src/main/java/org/mockito/internal/stubbing/InvocationContainerImpl.java
557	org.mockito.internal.stubbing.InvocationContainerImpl	toString()	2	0	[]	false	public	true	file:///private/tmp/projects/mockito/src/main/java/org/mockito/internal/stubbing/InvocationContainerImpl.java
558	org.mockito.internal.stubbing.InvocationContainerImpl	getInvocations()	0	0	[]	false	public	true	file:///private/tmp/projects/mockito/src/main/java/org/mockito/internal/stubbing/InvocationContainerImpl.java
559	org.mockito.internal.stubbing.InvocationContainerImpl	clearInvocations()	0	0	[]	false	public	false	file:///private/tmp/projects/mockito/src/main/java/org/mockito/internal/stubbing/InvocationContainerImpl.java
560	org.mockito.internal.stubbing.InvocationContainerImpl	getStubbingsDescending()	0	0	[]	false	public	true	file:///private/tmp/projects/mockito/src/main/java/org/mockito/internal/stubbing/InvocationContainerImpl.java
561	org.mockito.internal.stubbing.InvocationContainerImpl	getStubbingsAscending()	0	0	[]	false	public	true	file:///private/tmp/projects/mockito/src/main/java/org/mockito/internal/stubbing/InvocationContainerImpl.java
562	org.mockito.internal.stubbing.InvocationContainerImpl	invokedMock()	0	0	[]	false	public	true	file:///private/tmp/projects/mockito/src/main/java/org/mockito/internal/stubbing/InvocationContainerImpl.java
563	org.mockito.internal.stubbing.InvocationContainerImpl	getInvocationForStubbing()	0	0	[]	false	public	true	file:///private/tmp/projects/mockito/src/main/java/org/mockito/internal/stubbing/InvocationContainerImpl.java
564	org.mockito.internal.stubbing.InvocationContainerImpl	createRegisteredInvocations(org.mockito.mock.MockCreationSettings)	0	1	[false]	false	private	true	file:///private/tmp/projects/mockito/src/main/java/org/mockito/internal/stubbing/InvocationContainerImpl.java
565	org.mockito.internal.stubbing.StubbedInvocationMatcher	StubbedInvocationMatcher(org.mockito.stubbing.Answer,org.mockito.invocation.MatchableInvocation,org.mockito.quality.Strictness)	0	3	[false, false, true]	false	public	false	file:///private/tmp/projects/mockito/src/main/java/org/mockito/internal/stubbing/StubbedInvocationMatcher.java
566	org.mockito.internal.stubbing.StubbedInvocationMatcher	answer(org.mockito.invocation.InvocationOnMock)	46	1	[false]	true	public	true	file:///private/tmp/projects/mockito/src/main/java/org/mockito/internal/stubbing/StubbedInvocationMatcher.java
567	org.mockito.internal.stubbing.StubbedInvocationMatcher	addAnswer(org.mockito.stubbing.Answer)	0	1	[false]	false	public	false	file:///private/tmp/projects/mockito/src/main/java/org/mockito/internal/stubbing/StubbedInvocationMatcher.java
568	org.mockito.internal.stubbing.StubbedInvocationMatcher	markStubUsed(org.mockito.invocation.DescribedInvocation)	0	1	[false]	false	public	false	file:///private/tmp/projects/mockito/src/main/java/org/mockito/internal/stubbing/StubbedInvocationMatcher.java
569	org.mockito.internal.stubbing.StubbedInvocationMatcher	wasUsed()	62	0	[]	false	public	false	file:///private/tmp/projects/mockito/src/main/java/org/mockito/internal/stubbing/StubbedInvocationMatcher.java
570	org.mockito.internal.stubbing.StubbedInvocationMatcher	toString()	160	0	[]	false	public	true	file:///private/tmp/projects/mockito/src/main/java/org/mockito/internal/stubbing/StubbedInvocationMatcher.java
571	org.mockito.internal.stubbing.StubbedInvocationMatcher	getStrictness()	63	0	[]	true	public	true	file:///private/tmp/projects/mockito/src/main/java/org/mockito/internal/stubbing/StubbedInvocationMatcher.java
572	org.mockito.internal.stubbing.DoAnswerStyleStubbing	setAnswers(java.util.List<org.mockito.stubbing.Answer<?>>,org.mockito.quality.Strictness)	0	2	[false, true]	false	package	false	file:///private/tmp/projects/mockito/src/main/java/org/mockito/internal/stubbing/DoAnswerStyleStubbing.java
573	org.mockito.internal.stubbing.DoAnswerStyleStubbing	isSet()	0	0	[]	false	package	false	file:///private/tmp/projects/mockito/src/main/java/org/mockito/internal/stubbing/DoAnswerStyleStubbing.java
574	org.mockito.internal.stubbing.DoAnswerStyleStubbing	clear()	0	0	[]	false	package	false	file:///private/tmp/projects/mockito/src/main/java/org/mockito/internal/stubbing/DoAnswerStyleStubbing.java
575	org.mockito.internal.stubbing.DoAnswerStyleStubbing	getAnswers()	0	0	[]	false	package	true	file:///private/tmp/projects/mockito/src/main/java/org/mockito/internal/stubbing/DoAnswerStyleStubbing.java
576	org.mockito.internal.stubbing.DoAnswerStyleStubbing	getStubbingStrictness()	0	0	[]	true	package	true	file:///private/tmp/projects/mockito/src/main/java/org/mockito/internal/stubbing/DoAnswerStyleStubbing.java
577	org.mockito.internal.verification.RegisteredInvocations	add(org.mockito.invocation.Invocation)	0	1	[false]	false	public	false	file:///private/tmp/projects/mockito/src/main/java/org/mockito/internal/verification/RegisteredInvocations.java
578	org.mockito.internal.verification.RegisteredInvocations	removeLast()	0	0	[]	false	public	false	file:///private/tmp/projects/mockito/src/main/java/org/mockito/internal/verification/RegisteredInvocations.java
579	org.mockito.internal.verification.RegisteredInvocations	getAll()	0	0	[]	false	public	true	file:///private/tmp/projects/mockito/src/main/java/org/mockito/internal/verification/RegisteredInvocations.java
580	org.mockito.internal.verification.RegisteredInvocations	clear()	0	0	[]	false	public	false	file:///private/tmp/projects/mockito/src/main/java/org/mockito/internal/verification/RegisteredInvocations.java
581	org.mockito.internal.verification.RegisteredInvocations	isEmpty()	0	0	[]	false	public	false	file:///private/tmp/projects/mockito/src/main/java/org/mockito/internal/verification/RegisteredInvocations.java
582	org.mockito.internal.creation.settings.CreationSettings	CreationSettings()	0	0	[]	false	public	false	file:///private/tmp/projects/mockito/src/main/java/org/mockito/internal/creation/settings/CreationSettings.java
583	org.mockito.internal.creation.settings.CreationSettings	CreationSettings(org.mockito.internal.creation.settings.CreationSettings)	0	1	[false]	false	public	false	file:///private/tmp/projects/mockito/src/main/java/org/mockito/internal/creation/settings/CreationSettings.java
584	org.mockito.internal.creation.settings.CreationSettings	getTypeToMock()	28	0	[]	false	public	true	file:///private/tmp/projects/mockito/src/main/java/org/mockito/internal/creation/settings/CreationSettings.java
585	org.mockito.internal.creation.settings.CreationSettings	setTypeToMock(java.lang.Class<T>)	0	1	[false]	false	public	true	file:///private/tmp/projects/mockito/src/main/java/org/mockito/internal/creation/settings/CreationSettings.java
586	org.mockito.internal.creation.settings.CreationSettings	getExtraInterfaces()	29	0	[]	false	public	true	file:///private/tmp/projects/mockito/src/main/java/org/mockito/internal/creation/settings/CreationSettings.java
587	org.mockito.internal.creation.settings.CreationSettings	setExtraInterfaces(java.util.Set<java.lang.Class<?>>)	0	1	[false]	false	public	true	file:///private/tmp/projects/mockito/src/main/java/org/mockito/internal/creation/settings/CreationSettings.java
588	org.mockito.internal.creation.settings.CreationSettings	getName()	0	0	[]	true	public	true	file:///private/tmp/projects/mockito/src/main/java/org/mockito/internal/creation/settings/CreationSettings.java
589	org.mockito.internal.creation.settings.CreationSettings	getSpiedInstance()	32	0	[]	true	public	true	file:///private/tmp/projects/mockito/src/main/java/org/mockito/internal/creation/settings/CreationSettings.java
590	org.mockito.internal.creation.settings.CreationSettings	getDefaultAnswer()	31	0	[]	false	public	true	file:///private/tmp/projects/mockito/src/main/java/org/mockito/internal/creation/settings/CreationSettings.java
591	org.mockito.internal.creation.settings.CreationSettings	getMockName()	30	0	[]	false	public	true	file:///private/tmp/projects/mockito/src/main/java/org/mockito/internal/creation/settings/CreationSettings.java
592	org.mockito.internal.creation.settings.CreationSettings	setMockName(org.mockito.mock.MockName)	0	1	[false]	false	public	true	file:///private/tmp/projects/mockito/src/main/java/org/mockito/internal/creation/settings/CreationSettings.java
593	org.mockito.internal.creation.settings.CreationSettings	isSerializable()	33	0	[]	false	public	false	file:///private/tmp/projects/mockito/src/main/java/org/mockito/internal/creation/settings/CreationSettings.java
594	org.mockito.internal.creation.settings.CreationSettings	setSerializableMode(org.mockito.mock.SerializableMode)	0	1	[false]	false	public	true	file:///private/tmp/projects/mockito/src/main/java/org/mockito/internal/creation/settings/CreationSettings.java
595	org.mockito.internal.creation.settings.CreationSettings	getSerializableMode()	34	0	[]	false	public	true	file:///private/tmp/projects/mockito/src/main/java/org/mockito/internal/creation/settings/CreationSettings.java
596	org.mockito.internal.creation.settings.CreationSettings	getInvocationListeners()	38	0	[]	false	public	true	file:///private/tmp/projects/mockito/src/main/java/org/mockito/internal/creation/settings/CreationSettings.java
597	org.mockito.internal.creation.settings.CreationSettings	getVerificationStartedListeners()	39	0	[]	false	public	true	file:///private/tmp/projects/mockito/src/main/java/org/mockito/internal/creation/settings/CreationSettings.java
598	org.mockito.internal.creation.settings.CreationSettings	getStubbingLookupListeners()	37	0	[]	false	public	true	file:///private/tmp/projects/mockito/src/main/java/org/mockito/internal/creation/settings/CreationSettings.java
599	org.mockito.internal.creation.settings.CreationSettings	isUsingConstructor()	40	0	[]	false	public	false	file:///private/tmp/projects/mockito/src/main/java/org/mockito/internal/creation/settings/CreationSettings.java
600	org.mockito.internal.creation.settings.CreationSettings	isStripAnnotations()	36	0	[]	false	public	false	file:///private/tmp/projects/mockito/src/main/java/org/mockito/internal/creation/settings/CreationSettings.java
601	org.mockito.internal.creation.settings.CreationSettings	getConstructorArgs()	41	0	[]	true	public	true	file:///private/tmp/projects/mockito/src/main/java/org/mockito/internal/creation/settings/CreationSettings.java
602	org.mockito.internal.creation.settings.CreationSettings	getOuterClassInstance()	42	0	[]	true	public	true	file:///private/tmp/projects/mockito/src/main/java/org/mockito/internal/creation/settings/CreationSettings.java
603	org.mockito.internal.creation.settings.CreationSettings	isStubOnly()	35	0	[]	false	public	false	file:///private/tmp/projects/mockito/src/main/java/org/mockito/internal/creation/settings/CreationSettings.java
604	org.mockito.internal.creation.settings.CreationSettings	isLenient()	43	0	[]	false	public	false	file:///private/tmp/projects/mockito/src/main/java/org/mockito/internal/creation/settings/CreationSettings.java
605	org.mockito.internal.hamcrest.HamcrestArgumentMatcher	HamcrestArgumentMatcher(org.hamcrest.Matcher<T>)	0	1	[false]	false	public	false	file:///private/tmp/projects/mockito/src/main/java/org/mockito/internal/hamcrest/HamcrestArgumentMatcher.java
606	org.mockito.internal.hamcrest.HamcrestArgumentMatcher	matches(java.lang.Object)	23	1	[false]	false	public	false	file:///private/tmp/projects/mockito/src/main/java/org/mockito/internal/hamcrest/HamcrestArgumentMatcher.java
607	org.mockito.internal.hamcrest.HamcrestArgumentMatcher	isVarargMatcher()	0	0	[]	false	public	false	file:///private/tmp/projects/mockito/src/main/java/org/mockito/internal/hamcrest/HamcrestArgumentMatcher.java
608	org.mockito.internal.hamcrest.HamcrestArgumentMatcher	toString()	2	0	[]	false	public	true	file:///private/tmp/projects/mockito/src/main/java/org/mockito/internal/hamcrest/HamcrestArgumentMatcher.java
609	org.mockito.internal.reporting.SmartPrinter	SmartPrinter(org.mockito.invocation.MatchableInvocation,org.mockito.invocation.Invocation,java.lang.Integer...)	0	3	[false, false, false]	false	public	false	file:///private/tmp/projects/mockito/src/main/java/org/mockito/internal/reporting/SmartPrinter.java
610	org.mockito.internal.reporting.SmartPrinter	SmartPrinter(org.mockito.invocation.MatchableInvocation,java.util.List<org.mockito.invocation.Invocation>,java.lang.Integer...)	0	3	[false, false, false]	false	public	false	file:///private/tmp/projects/mockito/src/main/java/org/mockito/internal/reporting/SmartPrinter.java
611	org.mockito.internal.reporting.SmartPrinter	getWanted()	0	0	[]	false	public	true	file:///private/tmp/projects/mockito/src/main/java/org/mockito/internal/reporting/SmartPrinter.java
612	org.mockito.internal.reporting.SmartPrinter	getActuals()	0	0	[]	false	public	true	file:///private/tmp/projects/mockito/src/main/java/org/mockito/internal/reporting/SmartPrinter.java
613	org.mockito.internal.reporting.SmartPrinter	isMultiLine(org.mockito.invocation.MatchableInvocation,java.util.List<org.mockito.invocation.Invocation>)	0	2	[false, false]	false	private	false	file:///private/tmp/projects/mockito/src/main/java/org/mockito/internal/reporting/SmartPrinter.java
614	org.mockito.internal.reporting.PrintSettings	setMultiline(boolean)	0	1	[false]	false	public	false	file:///private/tmp/projects/mockito/src/main/java/org/mockito/internal/reporting/PrintSettings.java
615	org.mockito.internal.reporting.PrintSettings	isMultiline()	0	0	[]	false	public	false	file:///private/tmp/projects/mockito/src/main/java/org/mockito/internal/reporting/PrintSettings.java
616	org.mockito.internal.reporting.PrintSettings	verboseMatchers(java.lang.Integer...)	0	1	[false]	false	public	true	file:///private/tmp/projects/mockito/src/main/java/org/mockito/internal/reporting/PrintSettings.java
617	org.mockito.internal.reporting.PrintSettings	extraTypeInfoFor(int)	0	1	[false]	false	public	false	file:///private/tmp/projects/mockito/src/main/java/org/mockito/internal/reporting/PrintSettings.java
618	org.mockito.internal.reporting.PrintSettings	setMatchersToBeDescribedWithExtraTypeInfo(java.lang.Integer[])	0	1	[false]	false	public	false	file:///private/tmp/projects/mockito/src/main/java/org/mockito/internal/reporting/PrintSettings.java
619	org.mockito.internal.reporting.PrintSettings	print(java.util.List<org.mockito.ArgumentMatcher>,org.mockito.invocation.Invocation)	0	2	[false, false]	false	public	true	file:///private/tmp/projects/mockito/src/main/java/org/mockito/internal/reporting/PrintSettings.java
620	org.mockito.internal.reporting.PrintSettings	print(org.mockito.invocation.Invocation)	0	1	[false]	false	public	true	file:///private/tmp/projects/mockito/src/main/java/org/mockito/internal/reporting/PrintSettings.java
621	org.mockito.internal.reporting.PrintSettings	print(org.mockito.invocation.MatchableInvocation)	0	1	[false]	false	public	true	file:///private/tmp/projects/mockito/src/main/java/org/mockito/internal/reporting/PrintSettings.java
622	org.mockito.internal.configuration.MockAnnotationProcessor	process(org.mockito.Mock,java.lang.reflect.Field)	623	2	[false, false]	false	public	true	file:///private/tmp/projects/mockito/src/main/java/org/mockito/internal/configuration/MockAnnotationProcessor.java
624	org.mockito.internal.configuration.MockAnnotationProcessor	processAnnotationForMock(org.mockito.Mock,java.lang.Class<?>,org.mockito.internal.util.Supplier<java.lang.reflect.Type>,java.lang.String)	0	4	[false, false, false, false]	false	public	true	file:///private/tmp/projects/mockito/src/main/java/org/mockito/internal/configuration/MockAnnotationProcessor.java
625	org.mockito.internal.configuration.MockAnnotationProcessor	inferParameterizedType(java.lang.reflect.Type,java.lang.String,java.lang.String)	0	3	[false, false, false]	false	package	true	file:///private/tmp/projects/mockito/src/main/java/org/mockito/internal/configuration/MockAnnotationProcessor.java
623	org.mockito.internal.configuration.FieldAnnotationProcessor	process(A,java.lang.reflect.Field)	0	2	[false, false]	true	public	true	file:///private/tmp/projects/mockito/src/main/java/org/mockito/internal/configuration/FieldAnnotationProcessor.java
626	org.mockito.Mock	answer()	0	0	[]	false	public	true	file:///private/tmp/projects/mockito/src/main/java/org/mockito/Mock.java
627	org.mockito.Mock	stubOnly()	0	0	[]	false	public	false	file:///private/tmp/projects/mockito/src/main/java/org/mockito/Mock.java
628	org.mockito.Mock	name()	0	0	[]	false	public	true	file:///private/tmp/projects/mockito/src/main/java/org/mockito/Mock.java
629	org.mockito.Mock	extraInterfaces()	0	0	[]	false	public	true	file:///private/tmp/projects/mockito/src/main/java/org/mockito/Mock.java
630	org.mockito.Mock	serializable()	0	0	[]	false	public	false	file:///private/tmp/projects/mockito/src/main/java/org/mockito/Mock.java
631	org.mockito.Mock	lenient()	0	0	[]	false	public	false	file:///private/tmp/projects/mockito/src/main/java/org/mockito/Mock.java
632	org.mockito.internal.util.Supplier	get()	0	0	[]	false	public	true	file:///private/tmp/projects/mockito/src/main/java/org/mockito/internal/util/Supplier.java
633	org.mockito.internal.configuration.CaptorAnnotationProcessor	process(org.mockito.Captor,java.lang.reflect.Field)	623	2	[false, false]	false	public	true	file:///private/tmp/projects/mockito/src/main/java/org/mockito/internal/configuration/CaptorAnnotationProcessor.java
634	org.mockito.internal.configuration.GlobalConfiguration	getIt()	0	0	[]	false	package	true	file:///private/tmp/projects/mockito/src/main/java/org/mockito/internal/configuration/GlobalConfiguration.java
635	org.mockito.internal.configuration.GlobalConfiguration	GlobalConfiguration()	0	0	[]	false	public	false	file:///private/tmp/projects/mockito/src/main/java/org/mockito/internal/configuration/GlobalConfiguration.java
636	org.mockito.internal.configuration.GlobalConfiguration	createConfig()	0	0	[]	false	private	true	file:///private/tmp/projects/mockito/src/main/java/org/mockito/internal/configuration/GlobalConfiguration.java
637	org.mockito.internal.configuration.GlobalConfiguration	validate()	0	0	[]	false	public	false	file:///private/tmp/projects/mockito/src/main/java/org/mockito/internal/configuration/GlobalConfiguration.java
638	org.mockito.internal.configuration.GlobalConfiguration	getAnnotationEngine()	174	0	[]	false	public	true	file:///private/tmp/projects/mockito/src/main/java/org/mockito/internal/configuration/GlobalConfiguration.java
639	org.mockito.internal.configuration.GlobalConfiguration	tryGetPluginAnnotationEngine()	0	0	[]	false	public	true	file:///private/tmp/projects/mockito/src/main/java/org/mockito/internal/configuration/GlobalConfiguration.java
640	org.mockito.internal.configuration.GlobalConfiguration	cleansStackTrace()	175	0	[]	false	public	false	file:///private/tmp/projects/mockito/src/main/java/org/mockito/internal/configuration/GlobalConfiguration.java
641	org.mockito.internal.configuration.GlobalConfiguration	enableClassCache()	176	0	[]	false	public	false	file:///private/tmp/projects/mockito/src/main/java/org/mockito/internal/configuration/GlobalConfiguration.java
642	org.mockito.internal.configuration.GlobalConfiguration	getDefaultAnswer()	173	0	[]	false	public	true	file:///private/tmp/projects/mockito/src/main/java/org/mockito/internal/configuration/GlobalConfiguration.java
643	org.mockito.internal.configuration.DefaultInjectionEngine	injectMocksOnFields(java.util.Set<java.lang.reflect.Field>,java.util.Set<java.lang.Object>,java.lang.Object)	0	3	[false, false, false]	false	public	false	file:///private/tmp/projects/mockito/src/main/java/org/mockito/internal/configuration/DefaultInjectionEngine.java
644	org.mockito.internal.configuration.plugins.Plugins	getStackTraceCleanerProvider()	0	0	[]	false	public	true	file:///private/tmp/projects/mockito/src/main/java/org/mockito/internal/configuration/plugins/Plugins.java
645	org.mockito.internal.configuration.plugins.Plugins	getMockMaker()	0	0	[]	false	public	true	file:///private/tmp/projects/mockito/src/main/java/org/mockito/internal/configuration/plugins/Plugins.java
646	org.mockito.internal.configuration.plugins.Plugins	getMemberAccessor()	0	0	[]	false	public	true	file:///private/tmp/projects/mockito/src/main/java/org/mockito/internal/configuration/plugins/Plugins.java
647	org.mockito.internal.configuration.plugins.Plugins	getInstantiatorProvider()	0	0	[]	false	public	true	file:///private/tmp/projects/mockito/src/main/java/org/mockito/internal/configuration/plugins/Plugins.java
648	org.mockito.internal.configuration.plugins.Plugins	getAnnotationEngine()	0	0	[]	false	public	true	file:///private/tmp/projects/mockito/src/main/java/org/mockito/internal/configuration/plugins/Plugins.java
649	org.mockito.internal.configuration.plugins.Plugins	getMockitoLogger()	0	0	[]	false	public	true	file:///private/tmp/projects/mockito/src/main/java/org/mockito/internal/configuration/plugins/Plugins.java
650	org.mockito.internal.configuration.plugins.Plugins	getPlugins()	0	0	[]	false	public	true	file:///private/tmp/projects/mockito/src/main/java/org/mockito/internal/configuration/plugins/Plugins.java
651	org.mockito.internal.configuration.plugins.PluginRegistry	PluginRegistry()	0	0	[]	false	package	false	file:///private/tmp/projects/mockito/src/main/java/org/mockito/internal/configuration/plugins/PluginRegistry.java
652	org.mockito.internal.configuration.plugins.PluginRegistry	getStackTraceCleanerProvider()	0	0	[]	false	package	true	file:///private/tmp/projects/mockito/src/main/java/org/mockito/internal/configuration/plugins/PluginRegistry.java
653	org.mockito.internal.configuration.plugins.PluginRegistry	getMockMaker()	0	0	[]	false	package	true	file:///private/tmp/projects/mockito/src/main/java/org/mockito/internal/configuration/plugins/PluginRegistry.java
654	org.mockito.internal.configuration.plugins.PluginRegistry	getMemberAccessor()	0	0	[]	false	package	true	file:///private/tmp/projects/mockito/src/main/java/org/mockito/internal/configuration/plugins/PluginRegistry.java
655	org.mockito.internal.configuration.plugins.PluginRegistry	getInstantiatorProvider()	0	0	[]	false	package	true	file:///private/tmp/projects/mockito/src/main/java/org/mockito/internal/configuration/plugins/PluginRegistry.java
656	org.mockito.internal.configuration.plugins.PluginRegistry	getAnnotationEngine()	0	0	[]	false	package	true	file:///private/tmp/projects/mockito/src/main/java/org/mockito/internal/configuration/plugins/PluginRegistry.java
657	org.mockito.internal.configuration.plugins.PluginRegistry	getMockitoLogger()	0	0	[]	false	package	true	file:///private/tmp/projects/mockito/src/main/java/org/mockito/internal/configuration/plugins/PluginRegistry.java
658	org.mockito.internal.configuration.plugins.DefaultPluginSwitch	isEnabled(java.lang.String)	291	1	[false]	false	public	false	file:///private/tmp/projects/mockito/src/main/java/org/mockito/internal/configuration/plugins/DefaultPluginSwitch.java
659	org.mockito.internal.configuration.plugins.PluginInitializer	PluginInitializer(org.mockito.plugins.PluginSwitch,java.lang.String,org.mockito.internal.configuration.plugins.DefaultMockitoPlugins)	0	3	[false, true, false]	false	package	false	file:///private/tmp/projects/mockito/src/main/java/org/mockito/internal/configuration/plugins/PluginInitializer.java
660	org.mockito.internal.configuration.plugins.PluginInitializer	<T>loadImpl(java.lang.Class<T>)	0	1	[false]	true	public	true	file:///private/tmp/projects/mockito/src/main/java/org/mockito/internal/configuration/plugins/PluginInitializer.java
661	org.mockito.internal.configuration.plugins.DefaultMockitoPlugins	<T>getDefaultPlugin(java.lang.Class<T>)	286	1	[false]	false	public	true	file:///private/tmp/projects/mockito/src/main/java/org/mockito/internal/configuration/plugins/DefaultMockitoPlugins.java
662	org.mockito.internal.configuration.plugins.DefaultMockitoPlugins	getDefaultPluginClass(java.lang.String)	0	1	[true]	true	package	true	file:///private/tmp/projects/mockito/src/main/java/org/mockito/internal/configuration/plugins/DefaultMockitoPlugins.java
663	org.mockito.internal.configuration.plugins.DefaultMockitoPlugins	<T>create(java.lang.Class<T>,java.lang.String)	0	2	[false, true]	false	private	true	file:///private/tmp/projects/mockito/src/main/java/org/mockito/internal/configuration/plugins/DefaultMockitoPlugins.java
664	org.mockito.internal.configuration.plugins.DefaultMockitoPlugins	getInlineMockMaker()	287	0	[]	false	public	true	file:///private/tmp/projects/mockito/src/main/java/org/mockito/internal/configuration/plugins/DefaultMockitoPlugins.java
665	org.mockito.internal.configuration.plugins.PluginLoader	PluginLoader(org.mockito.internal.configuration.plugins.DefaultMockitoPlugins,org.mockito.internal.configuration.plugins.PluginInitializer)	0	2	[false, false]	false	package	false	file:///private/tmp/projects/mockito/src/main/java/org/mockito/internal/configuration/plugins/PluginLoader.java
666	org.mockito.internal.configuration.plugins.PluginLoader	PluginLoader(org.mockito.plugins.PluginSwitch)	0	1	[false]	false	package	false	file:///private/tmp/projects/mockito/src/main/java/org/mockito/internal/configuration/plugins/PluginLoader.java
667	org.mockito.internal.configuration.plugins.PluginLoader	PluginLoader(org.mockito.plugins.PluginSwitch,java.lang.String)	0	2	[false, false]	false	package	false	file:///private/tmp/projects/mockito/src/main/java/org/mockito/internal/configuration/plugins/PluginLoader.java
668	org.mockito.internal.configuration.plugins.PluginLoader	<T>loadPlugin(java.lang.Class<T>)	0	1	[false]	false	package	true	file:///private/tmp/projects/mockito/src/main/java/org/mockito/internal/configuration/plugins/PluginLoader.java
669	org.mockito.internal.configuration.plugins.PluginLoader	<PreferredType,AlternateType>loadPlugin(java.lang.Class<PreferredType>,java.lang.Class<AlternateType>)	0	2	[false, true]	false	package	true	file:///private/tmp/projects/mockito/src/main/java/org/mockito/internal/configuration/plugins/PluginLoader.java
670	org.mockito.internal.configuration.plugins.PluginLoader$1	invoke(java.lang.Object,java.lang.reflect.Method,java.lang.Object[])	671	3	[false, false, false]	false	public	true	file:///private/tmp/projects/mockito/src/main/java/org/mockito/internal/configuration/plugins/PluginLoader.java
672	org.mockito.internal.configuration.plugins.PluginFileReader	readPluginClass(java.io.InputStream)	0	1	[false]	true	package	true	file:///private/tmp/projects/mockito/src/main/java/org/mockito/internal/configuration/plugins/PluginFileReader.java
673	org.mockito.internal.configuration.plugins.PluginFileReader	stripCommentAndWhitespace(java.lang.String)	0	1	[false]	false	private	true	file:///private/tmp/projects/mockito/src/main/java/org/mockito/internal/configuration/plugins/PluginFileReader.java
674	org.mockito.internal.configuration.plugins.PluginFinder	PluginFinder(org.mockito.plugins.PluginSwitch)	0	1	[false]	false	public	false	file:///private/tmp/projects/mockito/src/main/java/org/mockito/internal/configuration/plugins/PluginFinder.java
675	org.mockito.internal.configuration.plugins.PluginFinder	findPluginClass(java.lang.Iterable<java.net.URL>)	0	1	[false]	true	package	true	file:///private/tmp/projects/mockito/src/main/java/org/mockito/internal/configuration/plugins/PluginFinder.java
676	org.mockito.internal.util.collections.Sets	newMockSafeHashSet(java.lang.Iterable<java.lang.Object>)	0	1	[false]	false	public	true	file:///private/tmp/projects/mockito/src/main/java/org/mockito/internal/util/collections/Sets.java
677	org.mockito.internal.util.collections.Sets	newMockSafeHashSet(java.lang.Object...)	0	1	[false]	false	public	true	file:///private/tmp/projects/mockito/src/main/java/org/mockito/internal/util/collections/Sets.java
678	org.mockito.internal.util.collections.Sets	<T>newSet(T...)	0	1	[false]	false	public	true	file:///private/tmp/projects/mockito/src/main/java/org/mockito/internal/util/collections/Sets.java
679	org.mockito.internal.configuration.InjectingAnnotationEngine	process(java.lang.Class<?>,java.lang.Object)	177	2	[false, false]	false	public	true	file:///private/tmp/projects/mockito/src/main/java/org/mockito/internal/configuration/InjectingAnnotationEngine.java
680	org.mockito.internal.configuration.InjectingAnnotationEngine	processInjectMocks(java.lang.Class<?>,java.lang.Object)	0	2	[false, false]	false	private	true	file:///private/tmp/projects/mockito/src/main/java/org/mockito/internal/configuration/InjectingAnnotationEngine.java
681	org.mockito.internal.configuration.InjectingAnnotationEngine	processIndependentAnnotations(java.lang.Class<?>,java.lang.Object)	0	2	[false, false]	false	private	true	file:///private/tmp/projects/mockito/src/main/java/org/mockito/internal/configuration/InjectingAnnotationEngine.java
682	org.mockito.internal.configuration.InjectingAnnotationEngine	injectMocks(java.lang.Object)	0	1	[false]	false	public	false	file:///private/tmp/projects/mockito/src/main/java/org/mockito/internal/configuration/InjectingAnnotationEngine.java
683	org.mockito.internal.configuration.InjectingAnnotationEngine	injectCloseableMocks(java.lang.Object)	0	1	[false]	false	private	true	file:///private/tmp/projects/mockito/src/main/java/org/mockito/internal/configuration/InjectingAnnotationEngine.java
684	org.mockito.internal.configuration.InjectingAnnotationEngine	onInjection(java.lang.Object,java.lang.Class<?>,java.util.Set<java.lang.reflect.Field>,java.util.Set<java.lang.Object>)	0	4	[false, false, false, false]	false	protected	false	file:///private/tmp/projects/mockito/src/main/java/org/mockito/internal/configuration/InjectingAnnotationEngine.java
685	org.mockito.Mockito	<T>mock(java.lang.Class<T>)	0	1	[false]	false	public	true	file:///private/tmp/projects/mockito/src/main/java/org/mockito/Mockito.java
686	org.mockito.Mockito	<T>mock(java.lang.Class<T>,java.lang.String)	0	2	[false, false]	false	public	true	file:///private/tmp/projects/mockito/src/main/java/org/mockito/Mockito.java
687	org.mockito.Mockito	mockingDetails(java.lang.Object)	0	1	[false]	false	public	true	file:///private/tmp/projects/mockito/src/main/java/org/mockito/Mockito.java
688	org.mockito.Mockito	<T>mock(java.lang.Class<T>,org.mockito.stubbing.Answer)	0	2	[false, false]	false	public	true	file:///private/tmp/projects/mockito/src/main/java/org/mockito/Mockito.java
689	org.mockito.Mockito	<T>mock(java.lang.Class<T>,org.mockito.MockSettings)	0	2	[false, false]	false	public	true	file:///private/tmp/projects/mockito/src/main/java/org/mockito/Mockito.java
690	org.mockito.Mockito	<T>spy(T)	0	1	[false]	false	public	true	file:///private/tmp/projects/mockito/src/main/java/org/mockito/Mockito.java
691	org.mockito.Mockito	<T>spy(java.lang.Class<T>)	0	1	[false]	false	public	true	file:///private/tmp/projects/mockito/src/main/java/org/mockito/Mockito.java
692	org.mockito.Mockito	<T>mockStatic(java.lang.Class<T>)	0	1	[false]	false	public	true	file:///private/tmp/projects/mockito/src/main/java/org/mockito/Mockito.java
693	org.mockito.Mockito	<T>mockStatic(java.lang.Class<T>,org.mockito.stubbing.Answer)	0	2	[false, false]	false	public	true	file:///private/tmp/projects/mockito/src/main/java/org/mockito/Mockito.java
694	org.mockito.Mockito	<T>mockStatic(java.lang.Class<T>,java.lang.String)	0	2	[false, false]	false	public	true	file:///private/tmp/projects/mockito/src/main/java/org/mockito/Mockito.java
695	org.mockito.Mockito	<T>mockStatic(java.lang.Class<T>,org.mockito.MockSettings)	0	2	[false, false]	false	public	true	file:///private/tmp/projects/mockito/src/main/java/org/mockito/Mockito.java
696	org.mockito.Mockito	<T>mockConstructionWithAnswer(java.lang.Class<T>,org.mockito.stubbing.Answer,org.mockito.stubbing.Answer...)	0	3	[false, false, false]	false	public	true	file:///private/tmp/projects/mockito/src/main/java/org/mockito/Mockito.java
697	org.mockito.Mockito	<T>mockConstruction(java.lang.Class<T>)	0	1	[false]	false	public	true	file:///private/tmp/projects/mockito/src/main/java/org/mockito/Mockito.java
698	org.mockito.Mockito	<T>mockConstruction(java.lang.Class<T>,org.mockito.MockedConstruction.MockInitializer<T>)	0	2	[false, false]	false	public	true	file:///private/tmp/projects/mockito/src/main/java/org/mockito/Mockito.java
699	org.mockito.Mockito	<T>mockConstruction(java.lang.Class<T>,org.mockito.MockSettings)	0	2	[false, false]	false	public	true	file:///private/tmp/projects/mockito/src/main/java/org/mockito/Mockito.java
700	org.mockito.Mockito	<T>mockConstruction(java.lang.Class<T>,java.util.function.Function<org.mockito.MockedConstruction.Context,org.mockito.MockSettings>)	0	2	[false, false]	false	public	true	file:///private/tmp/projects/mockito/src/main/java/org/mockito/Mockito.java
701	org.mockito.Mockito	<T>mockConstruction(java.lang.Class<T>,org.mockito.MockSettings,org.mockito.MockedConstruction.MockInitializer<T>)	0	3	[false, false, false]	false	public	true	file:///private/tmp/projects/mockito/src/main/java/org/mockito/Mockito.java
702	org.mockito.Mockito	<T>mockConstruction(java.lang.Class<T>,java.util.function.Function<org.mockito.MockedConstruction.Context,org.mockito.MockSettings>,org.mockito.MockedConstruction.MockInitializer<T>)	0	3	[false, false, false]	false	public	true	file:///private/tmp/projects/mockito/src/main/java/org/mockito/Mockito.java
703	org.mockito.Mockito	<T>when(T)	0	1	[false]	false	public	true	file:///private/tmp/projects/mockito/src/main/java/org/mockito/Mockito.java
704	org.mockito.Mockito	<T>verify(T)	0	1	[false]	false	public	true	file:///private/tmp/projects/mockito/src/main/java/org/mockito/Mockito.java
705	org.mockito.Mockito	<T>verify(T,org.mockito.verification.VerificationMode)	0	2	[false, false]	false	public	true	file:///private/tmp/projects/mockito/src/main/java/org/mockito/Mockito.java
706	org.mockito.Mockito	<T>reset(T...)	0	1	[false]	false	public	false	file:///private/tmp/projects/mockito/src/main/java/org/mockito/Mockito.java
707	org.mockito.Mockito	<T>clearInvocations(T...)	0	1	[false]	false	public	false	file:///private/tmp/projects/mockito/src/main/java/org/mockito/Mockito.java
708	org.mockito.Mockito	verifyNoMoreInteractions(java.lang.Object...)	0	1	[false]	false	public	false	file:///private/tmp/projects/mockito/src/main/java/org/mockito/Mockito.java
709	org.mockito.Mockito	verifyZeroInteractions(java.lang.Object...)	0	1	[false]	false	public	false	file:///private/tmp/projects/mockito/src/main/java/org/mockito/Mockito.java
710	org.mockito.Mockito	verifyNoInteractions(java.lang.Object...)	0	1	[false]	false	public	false	file:///private/tmp/projects/mockito/src/main/java/org/mockito/Mockito.java
711	org.mockito.Mockito	doThrow(java.lang.Throwable...)	0	1	[false]	false	public	true	file:///private/tmp/projects/mockito/src/main/java/org/mockito/Mockito.java
712	org.mockito.Mockito	doThrow(java.lang.Class<? extends java.lang.Throwable>)	0	1	[false]	false	public	true	file:///private/tmp/projects/mockito/src/main/java/org/mockito/Mockito.java
713	org.mockito.Mockito	doThrow(java.lang.Class<? extends java.lang.Throwable>,java.lang.Class<? extends java.lang.Throwable>...)	0	2	[false, false]	false	public	true	file:///private/tmp/projects/mockito/src/main/java/org/mockito/Mockito.java
714	org.mockito.Mockito	doCallRealMethod()	0	0	[]	false	public	true	file:///private/tmp/projects/mockito/src/main/java/org/mockito/Mockito.java
715	org.mockito.Mockito	doAnswer(org.mockito.stubbing.Answer)	0	1	[false]	false	public	true	file:///private/tmp/projects/mockito/src/main/java/org/mockito/Mockito.java
716	org.mockito.Mockito	doNothing()	0	0	[]	false	public	true	file:///private/tmp/projects/mockito/src/main/java/org/mockito/Mockito.java
717	org.mockito.Mockito	doReturn(java.lang.Object)	0	1	[false]	false	public	true	file:///private/tmp/projects/mockito/src/main/java/org/mockito/Mockito.java
718	org.mockito.Mockito	doReturn(java.lang.Object,java.lang.Object...)	0	2	[false, false]	false	public	true	file:///private/tmp/projects/mockito/src/main/java/org/mockito/Mockito.java
719	org.mockito.Mockito	inOrder(java.lang.Object...)	0	1	[false]	false	public	true	file:///private/tmp/projects/mockito/src/main/java/org/mockito/Mockito.java
720	org.mockito.Mockito	ignoreStubs(java.lang.Object...)	0	1	[false]	false	public	true	file:///private/tmp/projects/mockito/src/main/java/org/mockito/Mockito.java
721	org.mockito.Mockito	times(int)	0	1	[false]	false	public	true	file:///private/tmp/projects/mockito/src/main/java/org/mockito/Mockito.java
722	org.mockito.Mockito	never()	0	0	[]	false	public	true	file:///private/tmp/projects/mockito/src/main/java/org/mockito/Mockito.java
723	org.mockito.Mockito	atLeastOnce()	0	0	[]	false	public	true	file:///private/tmp/projects/mockito/src/main/java/org/mockito/Mockito.java
724	org.mockito.Mockito	atLeast(int)	0	1	[false]	false	public	true	file:///private/tmp/projects/mockito/src/main/java/org/mockito/Mockito.java
725	org.mockito.Mockito	atMostOnce()	0	0	[]	false	public	true	file:///private/tmp/projects/mockito/src/main/java/org/mockito/Mockito.java
726	org.mockito.Mockito	atMost(int)	0	1	[false]	false	public	true	file:///private/tmp/projects/mockito/src/main/java/org/mockito/Mockito.java
727	org.mockito.Mockito	calls(int)	0	1	[false]	false	public	true	file:///private/tmp/projects/mockito/src/main/java/org/mockito/Mockito.java
728	org.mockito.Mockito	only()	0	0	[]	false	public	true	file:///private/tmp/projects/mockito/src/main/java/org/mockito/Mockito.java
729	org.mockito.Mockito	timeout(long)	0	1	[false]	false	public	true	file:///private/tmp/projects/mockito/src/main/java/org/mockito/Mockito.java
730	org.mockito.Mockito	after(long)	0	1	[false]	false	public	true	file:///private/tmp/projects/mockito/src/main/java/org/mockito/Mockito.java
731	org.mockito.Mockito	validateMockitoUsage()	0	0	[]	false	public	false	file:///private/tmp/projects/mockito/src/main/java/org/mockito/Mockito.java
732	org.mockito.Mockito	withSettings()	0	0	[]	false	public	true	file:///private/tmp/projects/mockito/src/main/java/org/mockito/Mockito.java
733	org.mockito.Mockito	description(java.lang.String)	0	1	[false]	false	public	true	file:///private/tmp/projects/mockito/src/main/java/org/mockito/Mockito.java
734	org.mockito.Mockito	debug()	0	0	[]	false	package	true	file:///private/tmp/projects/mockito/src/main/java/org/mockito/Mockito.java
735	org.mockito.Mockito	framework()	0	0	[]	false	public	true	file:///private/tmp/projects/mockito/src/main/java/org/mockito/Mockito.java
736	org.mockito.Mockito	mockitoSession()	0	0	[]	false	public	true	file:///private/tmp/projects/mockito/src/main/java/org/mockito/Mockito.java
737	org.mockito.Mockito	lenient()	0	0	[]	false	public	true	file:///private/tmp/projects/mockito/src/main/java/org/mockito/Mockito.java
738	org.mockito.internal.configuration.SpyAnnotationEngine	process(java.lang.Class<?>,java.lang.Object)	177	2	[false, false]	false	public	true	file:///private/tmp/projects/mockito/src/main/java/org/mockito/internal/configuration/SpyAnnotationEngine.java
739	org.mockito.internal.configuration.SpyAnnotationEngine	spyInstance(java.lang.reflect.Field,java.lang.Object)	0	2	[false, false]	false	private	true	file:///private/tmp/projects/mockito/src/main/java/org/mockito/internal/configuration/SpyAnnotationEngine.java
740	org.mockito.internal.configuration.SpyAnnotationEngine	spyNewInstance(java.lang.Object,java.lang.reflect.Field)	0	2	[false, false]	false	private	true	file:///private/tmp/projects/mockito/src/main/java/org/mockito/internal/configuration/SpyAnnotationEngine.java
741	org.mockito.internal.configuration.SpyAnnotationEngine	noArgConstructorOf(java.lang.Class<?>)	0	1	[false]	false	private	true	file:///private/tmp/projects/mockito/src/main/java/org/mockito/internal/configuration/SpyAnnotationEngine.java
742	org.mockito.internal.configuration.SpyAnnotationEngine	typeIsNonStaticInnerClass(java.lang.Class<?>,int)	0	2	[false, false]	false	private	false	file:///private/tmp/projects/mockito/src/main/java/org/mockito/internal/configuration/SpyAnnotationEngine.java
743	org.mockito.internal.configuration.SpyAnnotationEngine	typeIsPrivateAbstractInnerClass(java.lang.Class<?>,int)	0	2	[false, false]	false	private	false	file:///private/tmp/projects/mockito/src/main/java/org/mockito/internal/configuration/SpyAnnotationEngine.java
744	org.mockito.internal.configuration.SpyAnnotationEngine	assertNoIncompatibleAnnotations(java.lang.Class<? extends java.lang.annotation.Annotation>,java.lang.reflect.Field,java.lang.Class<? extends java.lang.annotation.Annotation>...)	0	3	[false, false, false]	false	private	false	file:///private/tmp/projects/mockito/src/main/java/org/mockito/internal/configuration/SpyAnnotationEngine.java
745	org.mockito.ArgumentMatchers	<T>any()	0	0	[]	true	public	true	file:///private/tmp/projects/mockito/src/main/java/org/mockito/ArgumentMatchers.java
746	org.mockito.ArgumentMatchers	<T>anyObject()	0	0	[]	true	public	true	file:///private/tmp/projects/mockito/src/main/java/org/mockito/ArgumentMatchers.java
747	org.mockito.ArgumentMatchers	<T>any(java.lang.Class<T>)	0	1	[false]	true	public	true	file:///private/tmp/projects/mockito/src/main/java/org/mockito/ArgumentMatchers.java
748	org.mockito.ArgumentMatchers	<T>isA(java.lang.Class<T>)	0	1	[false]	true	public	true	file:///private/tmp/projects/mockito/src/main/java/org/mockito/ArgumentMatchers.java
749	org.mockito.ArgumentMatchers	<T>anyVararg()	0	0	[]	true	public	true	file:///private/tmp/projects/mockito/src/main/java/org/mockito/ArgumentMatchers.java
750	org.mockito.ArgumentMatchers	anyBoolean()	0	0	[]	false	public	false	file:///private/tmp/projects/mockito/src/main/java/org/mockito/ArgumentMatchers.java
751	org.mockito.ArgumentMatchers	anyByte()	0	0	[]	false	public	false	file:///private/tmp/projects/mockito/src/main/java/org/mockito/ArgumentMatchers.java
752	org.mockito.ArgumentMatchers	anyChar()	0	0	[]	false	public	false	file:///private/tmp/projects/mockito/src/main/java/org/mockito/ArgumentMatchers.java
753	org.mockito.ArgumentMatchers	anyInt()	0	0	[]	false	public	false	file:///private/tmp/projects/mockito/src/main/java/org/mockito/ArgumentMatchers.java
754	org.mockito.ArgumentMatchers	anyLong()	0	0	[]	false	public	false	file:///private/tmp/projects/mockito/src/main/java/org/mockito/ArgumentMatchers.java
755	org.mockito.ArgumentMatchers	anyFloat()	0	0	[]	false	public	false	file:///private/tmp/projects/mockito/src/main/java/org/mockito/ArgumentMatchers.java
756	org.mockito.ArgumentMatchers	anyDouble()	0	0	[]	false	public	false	file:///private/tmp/projects/mockito/src/main/java/org/mockito/ArgumentMatchers.java
757	org.mockito.ArgumentMatchers	anyShort()	0	0	[]	false	public	false	file:///private/tmp/projects/mockito/src/main/java/org/mockito/ArgumentMatchers.java
758	org.mockito.ArgumentMatchers	anyString()	0	0	[]	false	public	true	file:///private/tmp/projects/mockito/src/main/java/org/mockito/ArgumentMatchers.java
759	org.mockito.ArgumentMatchers	<T>anyList()	0	0	[]	false	public	true	file:///private/tmp/projects/mockito/src/main/java/org/mockito/ArgumentMatchers.java
760	org.mockito.ArgumentMatchers	<T>anyListOf(java.lang.Class<T>)	0	1	[false]	false	public	true	file:///private/tmp/projects/mockito/src/main/java/org/mockito/ArgumentMatchers.java
761	org.mockito.ArgumentMatchers	<T>anySet()	0	0	[]	false	public	true	file:///private/tmp/projects/mockito/src/main/java/org/mockito/ArgumentMatchers.java
762	org.mockito.ArgumentMatchers	<T>anySetOf(java.lang.Class<T>)	0	1	[false]	false	public	true	file:///private/tmp/projects/mockito/src/main/java/org/mockito/ArgumentMatchers.java
763	org.mockito.ArgumentMatchers	<K,V>anyMap()	0	0	[]	false	public	true	file:///private/tmp/projects/mockito/src/main/java/org/mockito/ArgumentMatchers.java
764	org.mockito.ArgumentMatchers	<K,V>anyMapOf(java.lang.Class<K>,java.lang.Class<V>)	0	2	[false, false]	false	public	true	file:///private/tmp/projects/mockito/src/main/java/org/mockito/ArgumentMatchers.java
765	org.mockito.ArgumentMatchers	<T>anyCollection()	0	0	[]	false	public	true	file:///private/tmp/projects/mockito/src/main/java/org/mockito/ArgumentMatchers.java
766	org.mockito.ArgumentMatchers	<T>anyCollectionOf(java.lang.Class<T>)	0	1	[false]	false	public	true	file:///private/tmp/projects/mockito/src/main/java/org/mockito/ArgumentMatchers.java
767	org.mockito.ArgumentMatchers	<T>anyIterable()	0	0	[]	false	public	true	file:///private/tmp/projects/mockito/src/main/java/org/mockito/ArgumentMatchers.java
768	org.mockito.ArgumentMatchers	<T>anyIterableOf(java.lang.Class<T>)	0	1	[false]	false	public	true	file:///private/tmp/projects/mockito/src/main/java/org/mockito/ArgumentMatchers.java
769	org.mockito.ArgumentMatchers	eq(boolean)	0	1	[false]	false	public	false	file:///private/tmp/projects/mockito/src/main/java/org/mockito/ArgumentMatchers.java
770	org.mockito.ArgumentMatchers	eq(byte)	0	1	[false]	false	public	false	file:///private/tmp/projects/mockito/src/main/java/org/mockito/ArgumentMatchers.java
771	org.mockito.ArgumentMatchers	eq(char)	0	1	[false]	false	public	false	file:///private/tmp/projects/mockito/src/main/java/org/mockito/ArgumentMatchers.java
772	org.mockito.ArgumentMatchers	eq(double)	0	1	[false]	false	public	false	file:///private/tmp/projects/mockito/src/main/java/org/mockito/ArgumentMatchers.java
773	org.mockito.ArgumentMatchers	eq(float)	0	1	[false]	false	public	false	file:///private/tmp/projects/mockito/src/main/java/org/mockito/ArgumentMatchers.java
774	org.mockito.ArgumentMatchers	eq(int)	0	1	[false]	false	public	false	file:///private/tmp/projects/mockito/src/main/java/org/mockito/ArgumentMatchers.java
775	org.mockito.ArgumentMatchers	eq(long)	0	1	[false]	false	public	false	file:///private/tmp/projects/mockito/src/main/java/org/mockito/ArgumentMatchers.java
776	org.mockito.ArgumentMatchers	eq(short)	0	1	[false]	false	public	false	file:///private/tmp/projects/mockito/src/main/java/org/mockito/ArgumentMatchers.java
777	org.mockito.ArgumentMatchers	<T>eq(T)	0	1	[false]	true	public	true	file:///private/tmp/projects/mockito/src/main/java/org/mockito/ArgumentMatchers.java
778	org.mockito.ArgumentMatchers	<T>refEq(T,java.lang.String...)	0	2	[false, false]	true	public	true	file:///private/tmp/projects/mockito/src/main/java/org/mockito/ArgumentMatchers.java
779	org.mockito.ArgumentMatchers	<T>same(T)	0	1	[false]	true	public	true	file:///private/tmp/projects/mockito/src/main/java/org/mockito/ArgumentMatchers.java
780	org.mockito.ArgumentMatchers	<T>isNull()	0	0	[]	true	public	true	file:///private/tmp/projects/mockito/src/main/java/org/mockito/ArgumentMatchers.java
781	org.mockito.ArgumentMatchers	<T>isNull(java.lang.Class<T>)	0	1	[false]	true	public	true	file:///private/tmp/projects/mockito/src/main/java/org/mockito/ArgumentMatchers.java
782	org.mockito.ArgumentMatchers	<T>notNull()	0	0	[]	true	public	true	file:///private/tmp/projects/mockito/src/main/java/org/mockito/ArgumentMatchers.java
783	org.mockito.ArgumentMatchers	<T>notNull(java.lang.Class<T>)	0	1	[false]	true	public	true	file:///private/tmp/projects/mockito/src/main/java/org/mockito/ArgumentMatchers.java
784	org.mockito.ArgumentMatchers	<T>isNotNull()	0	0	[]	true	public	true	file:///private/tmp/projects/mockito/src/main/java/org/mockito/ArgumentMatchers.java
785	org.mockito.ArgumentMatchers	<T>isNotNull(java.lang.Class<T>)	0	1	[false]	true	public	true	file:///private/tmp/projects/mockito/src/main/java/org/mockito/ArgumentMatchers.java
786	org.mockito.ArgumentMatchers	<T>nullable(java.lang.Class<T>)	0	1	[false]	true	public	true	file:///private/tmp/projects/mockito/src/main/java/org/mockito/ArgumentMatchers.java
787	org.mockito.ArgumentMatchers	contains(java.lang.String)	0	1	[false]	false	public	true	file:///private/tmp/projects/mockito/src/main/java/org/mockito/ArgumentMatchers.java
788	org.mockito.ArgumentMatchers	matches(java.lang.String)	0	1	[false]	false	public	true	file:///private/tmp/projects/mockito/src/main/java/org/mockito/ArgumentMatchers.java
789	org.mockito.ArgumentMatchers	matches(java.util.regex.Pattern)	0	1	[false]	false	public	true	file:///private/tmp/projects/mockito/src/main/java/org/mockito/ArgumentMatchers.java
790	org.mockito.ArgumentMatchers	endsWith(java.lang.String)	0	1	[false]	false	public	true	file:///private/tmp/projects/mockito/src/main/java/org/mockito/ArgumentMatchers.java
791	org.mockito.ArgumentMatchers	startsWith(java.lang.String)	0	1	[false]	false	public	true	file:///private/tmp/projects/mockito/src/main/java/org/mockito/ArgumentMatchers.java
792	org.mockito.ArgumentMatchers	<T>argThat(org.mockito.ArgumentMatcher<T>)	0	1	[false]	true	public	true	file:///private/tmp/projects/mockito/src/main/java/org/mockito/ArgumentMatchers.java
793	org.mockito.ArgumentMatchers	charThat(org.mockito.ArgumentMatcher<java.lang.Character>)	0	1	[false]	false	public	false	file:///private/tmp/projects/mockito/src/main/java/org/mockito/ArgumentMatchers.java
794	org.mockito.ArgumentMatchers	booleanThat(org.mockito.ArgumentMatcher<java.lang.Boolean>)	0	1	[false]	false	public	false	file:///private/tmp/projects/mockito/src/main/java/org/mockito/ArgumentMatchers.java
795	org.mockito.ArgumentMatchers	byteThat(org.mockito.ArgumentMatcher<java.lang.Byte>)	0	1	[false]	false	public	false	file:///private/tmp/projects/mockito/src/main/java/org/mockito/ArgumentMatchers.java
796	org.mockito.ArgumentMatchers	shortThat(org.mockito.ArgumentMatcher<java.lang.Short>)	0	1	[false]	false	public	false	file:///private/tmp/projects/mockito/src/main/java/org/mockito/ArgumentMatchers.java
797	org.mockito.ArgumentMatchers	intThat(org.mockito.ArgumentMatcher<java.lang.Integer>)	0	1	[false]	false	public	false	file:///private/tmp/projects/mockito/src/main/java/org/mockito/ArgumentMatchers.java
798	org.mockito.ArgumentMatchers	longThat(org.mockito.ArgumentMatcher<java.lang.Long>)	0	1	[false]	false	public	false	file:///private/tmp/projects/mockito/src/main/java/org/mockito/ArgumentMatchers.java
799	org.mockito.ArgumentMatchers	floatThat(org.mockito.ArgumentMatcher<java.lang.Float>)	0	1	[false]	false	public	false	file:///private/tmp/projects/mockito/src/main/java/org/mockito/ArgumentMatchers.java
800	org.mockito.ArgumentMatchers	doubleThat(org.mockito.ArgumentMatcher<java.lang.Double>)	0	1	[false]	false	public	false	file:///private/tmp/projects/mockito/src/main/java/org/mockito/ArgumentMatchers.java
801	org.mockito.ArgumentMatchers	reportMatcher(org.mockito.ArgumentMatcher<?>)	0	1	[false]	false	private	false	file:///private/tmp/projects/mockito/src/main/java/org/mockito/ArgumentMatchers.java
802	org.mockito.internal.util.MockUtil	MockUtil()	0	0	[]	false	private	false	file:///private/tmp/projects/mockito/src/main/java/org/mockito/internal/util/MockUtil.java
803	org.mockito.internal.util.MockUtil	typeMockabilityOf(java.lang.Class<?>)	0	1	[false]	false	public	true	file:///private/tmp/projects/mockito/src/main/java/org/mockito/internal/util/MockUtil.java
804	org.mockito.internal.util.MockUtil	<T>createMock(org.mockito.mock.MockCreationSettings<T>)	0	1	[false]	false	public	true	file:///private/tmp/projects/mockito/src/main/java/org/mockito/internal/util/MockUtil.java
805	org.mockito.internal.util.MockUtil	<T>resetMock(T)	0	1	[false]	false	public	false	file:///private/tmp/projects/mockito/src/main/java/org/mockito/internal/util/MockUtil.java
806	org.mockito.internal.util.MockUtil	<T>getMockHandler(T)	0	1	[false]	false	public	true	file:///private/tmp/projects/mockito/src/main/java/org/mockito/internal/util/MockUtil.java
807	org.mockito.internal.util.MockUtil	getInvocationContainer(java.lang.Object)	0	1	[false]	false	public	true	file:///private/tmp/projects/mockito/src/main/java/org/mockito/internal/util/MockUtil.java
808	org.mockito.internal.util.MockUtil	isSpy(java.lang.Object)	0	1	[false]	false	public	false	file:///private/tmp/projects/mockito/src/main/java/org/mockito/internal/util/MockUtil.java
809	org.mockito.internal.util.MockUtil	isMock(java.lang.Object)	0	1	[false]	false	public	false	file:///private/tmp/projects/mockito/src/main/java/org/mockito/internal/util/MockUtil.java
810	org.mockito.internal.util.MockUtil	getMockName(java.lang.Object)	0	1	[false]	false	public	true	file:///private/tmp/projects/mockito/src/main/java/org/mockito/internal/util/MockUtil.java
811	org.mockito.internal.util.MockUtil	maybeRedefineMockName(java.lang.Object,java.lang.String)	0	2	[false, false]	false	public	false	file:///private/tmp/projects/mockito/src/main/java/org/mockito/internal/util/MockUtil.java
812	org.mockito.internal.util.MockUtil	getMockSettings(java.lang.Object)	0	1	[false]	false	public	true	file:///private/tmp/projects/mockito/src/main/java/org/mockito/internal/util/MockUtil.java
813	org.mockito.internal.util.MockUtil	<T>createStaticMock(java.lang.Class<T>,org.mockito.mock.MockCreationSettings<T>)	0	2	[false, false]	false	public	true	file:///private/tmp/projects/mockito/src/main/java/org/mockito/internal/util/MockUtil.java
814	org.mockito.internal.util.MockUtil	<T>createConstructionMock(java.lang.Class<T>,java.util.function.Function<org.mockito.MockedConstruction.Context,org.mockito.mock.MockCreationSettings<T>>,org.mockito.MockedConstruction.MockInitializer<T>)	0	3	[false, false, false]	false	public	true	file:///private/tmp/projects/mockito/src/main/java/org/mockito/internal/util/MockUtil.java
815	org.mockito.internal.verification.VerificationModeFactory	atLeastOnce()	0	0	[]	false	public	true	file:///private/tmp/projects/mockito/src/main/java/org/mockito/internal/verification/VerificationModeFactory.java
816	org.mockito.internal.verification.VerificationModeFactory	atLeast(int)	0	1	[false]	false	public	true	file:///private/tmp/projects/mockito/src/main/java/org/mockito/internal/verification/VerificationModeFactory.java
817	org.mockito.internal.verification.VerificationModeFactory	only()	0	0	[]	false	public	true	file:///private/tmp/projects/mockito/src/main/java/org/mockito/internal/verification/VerificationModeFactory.java
818	org.mockito.internal.verification.VerificationModeFactory	times(int)	0	1	[false]	false	public	true	file:///private/tmp/projects/mockito/src/main/java/org/mockito/internal/verification/VerificationModeFactory.java
819	org.mockito.internal.verification.VerificationModeFactory	calls(int)	0	1	[false]	false	public	true	file:///private/tmp/projects/mockito/src/main/java/org/mockito/internal/verification/VerificationModeFactory.java
820	org.mockito.internal.verification.VerificationModeFactory	noMoreInteractions()	0	0	[]	false	public	true	file:///private/tmp/projects/mockito/src/main/java/org/mockito/internal/verification/VerificationModeFactory.java
821	org.mockito.internal.verification.VerificationModeFactory	noInteractions()	0	0	[]	false	public	true	file:///private/tmp/projects/mockito/src/main/java/org/mockito/internal/verification/VerificationModeFactory.java
822	org.mockito.internal.verification.VerificationModeFactory	atMostOnce()	0	0	[]	false	public	true	file:///private/tmp/projects/mockito/src/main/java/org/mockito/internal/verification/VerificationModeFactory.java
823	org.mockito.internal.verification.VerificationModeFactory	atMost(int)	0	1	[false]	false	public	true	file:///private/tmp/projects/mockito/src/main/java/org/mockito/internal/verification/VerificationModeFactory.java
824	org.mockito.internal.verification.VerificationModeFactory	description(org.mockito.verification.VerificationMode,java.lang.String)	0	2	[false, false]	false	public	true	file:///private/tmp/projects/mockito/src/main/java/org/mockito/internal/verification/VerificationModeFactory.java
825	org.mockito.internal.MockitoCore	isTypeMockable(java.lang.Class<?>)	0	1	[false]	false	public	false	file:///private/tmp/projects/mockito/src/main/java/org/mockito/internal/MockitoCore.java
826	org.mockito.internal.MockitoCore	<T>mock(java.lang.Class<T>,org.mockito.MockSettings)	0	2	[false, false]	false	public	true	file:///private/tmp/projects/mockito/src/main/java/org/mockito/internal/MockitoCore.java
827	org.mockito.internal.MockitoCore	<T>mockStatic(java.lang.Class<T>,org.mockito.MockSettings)	0	2	[false, false]	false	public	true	file:///private/tmp/projects/mockito/src/main/java/org/mockito/internal/MockitoCore.java
828	org.mockito.internal.MockitoCore	<T>mockConstruction(java.lang.Class<T>,java.util.function.Function<org.mockito.MockedConstruction.Context,? extends org.mockito.MockSettings>,org.mockito.MockedConstruction.MockInitializer<T>)	0	3	[false, false, false]	false	public	true	file:///private/tmp/projects/mockito/src/main/java/org/mockito/internal/MockitoCore.java
829	org.mockito.internal.MockitoCore	<T>when(T)	0	1	[false]	false	public	true	file:///private/tmp/projects/mockito/src/main/java/org/mockito/internal/MockitoCore.java
830	org.mockito.internal.MockitoCore	<T>verify(T,org.mockito.verification.VerificationMode)	0	2	[false, false]	false	public	true	file:///private/tmp/projects/mockito/src/main/java/org/mockito/internal/MockitoCore.java
831	org.mockito.internal.MockitoCore	<T>reset(T...)	0	1	[false]	false	public	false	file:///private/tmp/projects/mockito/src/main/java/org/mockito/internal/MockitoCore.java
832	org.mockito.internal.MockitoCore	<T>clearInvocations(T...)	0	1	[false]	false	public	false	file:///private/tmp/projects/mockito/src/main/java/org/mockito/internal/MockitoCore.java
833	org.mockito.internal.MockitoCore	verifyNoMoreInteractions(java.lang.Object...)	0	1	[false]	false	public	false	file:///private/tmp/projects/mockito/src/main/java/org/mockito/internal/MockitoCore.java
834	org.mockito.internal.MockitoCore	verifyNoInteractions(java.lang.Object...)	0	1	[false]	false	public	false	file:///private/tmp/projects/mockito/src/main/java/org/mockito/internal/MockitoCore.java
835	org.mockito.internal.MockitoCore	verifyNoMoreInteractionsInOrder(java.util.List<java.lang.Object>,org.mockito.internal.verification.api.InOrderContext)	0	2	[false, false]	false	public	false	file:///private/tmp/projects/mockito/src/main/java/org/mockito/internal/MockitoCore.java
836	org.mockito.internal.MockitoCore	assertMocksNotEmpty(java.lang.Object[])	0	1	[false]	false	private	false	file:///private/tmp/projects/mockito/src/main/java/org/mockito/internal/MockitoCore.java
837	org.mockito.internal.MockitoCore	assertNotStubOnlyMock(java.lang.Object)	0	1	[false]	false	private	false	file:///private/tmp/projects/mockito/src/main/java/org/mockito/internal/MockitoCore.java
838	org.mockito.internal.MockitoCore	inOrder(java.lang.Object...)	0	1	[false]	false	public	true	file:///private/tmp/projects/mockito/src/main/java/org/mockito/internal/MockitoCore.java
839	org.mockito.internal.MockitoCore	stubber()	0	0	[]	false	public	true	file:///private/tmp/projects/mockito/src/main/java/org/mockito/internal/MockitoCore.java
840	org.mockito.internal.MockitoCore	stubber(org.mockito.quality.Strictness)	0	1	[true]	false	public	true	file:///private/tmp/projects/mockito/src/main/java/org/mockito/internal/MockitoCore.java
841	org.mockito.internal.MockitoCore	validateMockitoUsage()	0	0	[]	false	public	false	file:///private/tmp/projects/mockito/src/main/java/org/mockito/internal/MockitoCore.java
842	org.mockito.internal.MockitoCore	getLastInvocation()	0	0	[]	false	public	true	file:///private/tmp/projects/mockito/src/main/java/org/mockito/internal/MockitoCore.java
843	org.mockito.internal.MockitoCore	ignoreStubs(java.lang.Object...)	0	1	[false]	false	public	true	file:///private/tmp/projects/mockito/src/main/java/org/mockito/internal/MockitoCore.java
844	org.mockito.internal.MockitoCore	mockingDetails(java.lang.Object)	0	1	[false]	false	public	true	file:///private/tmp/projects/mockito/src/main/java/org/mockito/internal/MockitoCore.java
845	org.mockito.internal.MockitoCore	lenient()	0	0	[]	false	public	true	file:///private/tmp/projects/mockito/src/main/java/org/mockito/internal/MockitoCore.java
846	org.mockito.MockingDetails	isMock()	0	0	[]	false	public	false	file:///private/tmp/projects/mockito/src/main/java/org/mockito/MockingDetails.java
847	org.mockito.MockingDetails	isSpy()	0	0	[]	false	public	false	file:///private/tmp/projects/mockito/src/main/java/org/mockito/MockingDetails.java
848	org.mockito.MockingDetails	getInvocations()	0	0	[]	false	public	true	file:///private/tmp/projects/mockito/src/main/java/org/mockito/MockingDetails.java
849	org.mockito.MockingDetails	getMockCreationSettings()	0	0	[]	false	public	true	file:///private/tmp/projects/mockito/src/main/java/org/mockito/MockingDetails.java
850	org.mockito.MockingDetails	getStubbings()	0	0	[]	false	public	true	file:///private/tmp/projects/mockito/src/main/java/org/mockito/MockingDetails.java
851	org.mockito.MockingDetails	printInvocations()	0	0	[]	false	public	true	file:///private/tmp/projects/mockito/src/main/java/org/mockito/MockingDetails.java
852	org.mockito.MockingDetails	getMockHandler()	0	0	[]	false	public	true	file:///private/tmp/projects/mockito/src/main/java/org/mockito/MockingDetails.java
853	org.mockito.MockingDetails	getMock()	0	0	[]	false	public	true	file:///private/tmp/projects/mockito/src/main/java/org/mockito/MockingDetails.java
854	org.mockito.MockedStatic	<S>when(org.mockito.MockedStatic.Verification)	0	1	[false]	false	public	true	file:///private/tmp/projects/mockito/src/main/java/org/mockito/MockedStatic.java
855	org.mockito.MockedStatic	verify(org.mockito.MockedStatic.Verification)	0	1	[false]	false	public	false	file:///private/tmp/projects/mockito/src/main/java/org/mockito/MockedStatic.java
856	org.mockito.MockedStatic	verify(org.mockito.verification.VerificationMode,org.mockito.MockedStatic.Verification)	0	2	[false, false]	false	public	false	file:///private/tmp/projects/mockito/src/main/java/org/mockito/MockedStatic.java
857	org.mockito.MockedStatic	reset()	0	0	[]	false	public	false	file:///private/tmp/projects/mockito/src/main/java/org/mockito/MockedStatic.java
858	org.mockito.MockedStatic	clearInvocations()	0	0	[]	false	public	false	file:///private/tmp/projects/mockito/src/main/java/org/mockito/MockedStatic.java
859	org.mockito.MockedStatic	verifyNoMoreInteractions()	0	0	[]	false	public	false	file:///private/tmp/projects/mockito/src/main/java/org/mockito/MockedStatic.java
860	org.mockito.MockedStatic	verifyNoInteractions()	0	0	[]	false	public	false	file:///private/tmp/projects/mockito/src/main/java/org/mockito/MockedStatic.java
861	org.mockito.MockedStatic$Verification	apply()	0	0	[]	false	public	false	file:///private/tmp/projects/mockito/src/main/java/org/mockito/MockedStatic.java
862	org.mockito.stubbing.Stubber	<T>when(T)	0	1	[false]	false	public	true	file:///private/tmp/projects/mockito/src/main/java/org/mockito/stubbing/Stubber.java
863	org.mockito.stubbing.BaseStubber	doThrow(java.lang.Throwable...)	0	1	[false]	false	public	true	file:///private/tmp/projects/mockito/src/main/java/org/mockito/stubbing/BaseStubber.java
864	org.mockito.stubbing.BaseStubber	doThrow(java.lang.Class<? extends java.lang.Throwable>)	0	1	[false]	false	public	true	file:///private/tmp/projects/mockito/src/main/java/org/mockito/stubbing/BaseStubber.java
865	org.mockito.stubbing.BaseStubber	doThrow(java.lang.Class<? extends java.lang.Throwable>,java.lang.Class<? extends java.lang.Throwable>...)	0	2	[false, false]	false	public	true	file:///private/tmp/projects/mockito/src/main/java/org/mockito/stubbing/BaseStubber.java
866	org.mockito.stubbing.BaseStubber	doAnswer(org.mockito.stubbing.Answer)	0	1	[false]	false	public	true	file:///private/tmp/projects/mockito/src/main/java/org/mockito/stubbing/BaseStubber.java
867	org.mockito.stubbing.BaseStubber	doNothing()	0	0	[]	false	public	true	file:///private/tmp/projects/mockito/src/main/java/org/mockito/stubbing/BaseStubber.java
868	org.mockito.stubbing.BaseStubber	doReturn(java.lang.Object)	0	1	[false]	false	public	true	file:///private/tmp/projects/mockito/src/main/java/org/mockito/stubbing/BaseStubber.java
869	org.mockito.stubbing.BaseStubber	doReturn(java.lang.Object,java.lang.Object...)	0	2	[false, false]	false	public	true	file:///private/tmp/projects/mockito/src/main/java/org/mockito/stubbing/BaseStubber.java
870	org.mockito.stubbing.BaseStubber	doCallRealMethod()	0	0	[]	false	public	true	file:///private/tmp/projects/mockito/src/main/java/org/mockito/stubbing/BaseStubber.java
871	org.mockito.verification.VerificationWithTimeout	times(int)	0	1	[false]	false	public	true	file:///private/tmp/projects/mockito/src/main/java/org/mockito/verification/VerificationWithTimeout.java
872	org.mockito.verification.VerificationWithTimeout	atLeastOnce()	0	0	[]	false	public	true	file:///private/tmp/projects/mockito/src/main/java/org/mockito/verification/VerificationWithTimeout.java
873	org.mockito.verification.VerificationWithTimeout	atLeast(int)	0	1	[false]	false	public	true	file:///private/tmp/projects/mockito/src/main/java/org/mockito/verification/VerificationWithTimeout.java
874	org.mockito.verification.VerificationWithTimeout	only()	0	0	[]	false	public	true	file:///private/tmp/projects/mockito/src/main/java/org/mockito/verification/VerificationWithTimeout.java
875	org.mockito.verification.VerificationAfterDelay	times(int)	0	1	[false]	false	public	true	file:///private/tmp/projects/mockito/src/main/java/org/mockito/verification/VerificationAfterDelay.java
876	org.mockito.verification.VerificationAfterDelay	never()	0	0	[]	false	public	true	file:///private/tmp/projects/mockito/src/main/java/org/mockito/verification/VerificationAfterDelay.java
877	org.mockito.verification.VerificationAfterDelay	atLeastOnce()	0	0	[]	false	public	true	file:///private/tmp/projects/mockito/src/main/java/org/mockito/verification/VerificationAfterDelay.java
878	org.mockito.verification.VerificationAfterDelay	atLeast(int)	0	1	[false]	false	public	true	file:///private/tmp/projects/mockito/src/main/java/org/mockito/verification/VerificationAfterDelay.java
879	org.mockito.verification.VerificationAfterDelay	atMostOnce()	0	0	[]	false	public	true	file:///private/tmp/projects/mockito/src/main/java/org/mockito/verification/VerificationAfterDelay.java
880	org.mockito.verification.VerificationAfterDelay	atMost(int)	0	1	[false]	false	public	true	file:///private/tmp/projects/mockito/src/main/java/org/mockito/verification/VerificationAfterDelay.java
881	org.mockito.verification.VerificationAfterDelay	only()	0	0	[]	false	public	true	file:///private/tmp/projects/mockito/src/main/java/org/mockito/verification/VerificationAfterDelay.java
882	org.mockito.MockitoDebugger	printInvocations(java.lang.Object...)	0	1	[false]	false	public	true	file:///private/tmp/projects/mockito/src/main/java/org/mockito/MockitoDebugger.java
883	org.mockito.MockitoFramework	addListener(org.mockito.listeners.MockitoListener)	0	1	[false]	false	public	true	file:///private/tmp/projects/mockito/src/main/java/org/mockito/MockitoFramework.java
884	org.mockito.MockitoFramework	removeListener(org.mockito.listeners.MockitoListener)	0	1	[false]	false	public	true	file:///private/tmp/projects/mockito/src/main/java/org/mockito/MockitoFramework.java
885	org.mockito.MockitoFramework	getPlugins()	0	0	[]	false	public	true	file:///private/tmp/projects/mockito/src/main/java/org/mockito/MockitoFramework.java
886	org.mockito.MockitoFramework	getInvocationFactory()	0	0	[]	false	public	true	file:///private/tmp/projects/mockito/src/main/java/org/mockito/MockitoFramework.java
887	org.mockito.MockitoFramework	clearInlineMocks()	0	0	[]	false	public	false	file:///private/tmp/projects/mockito/src/main/java/org/mockito/MockitoFramework.java
888	org.mockito.MockitoFramework	clearInlineMock(java.lang.Object)	0	1	[false]	false	public	false	file:///private/tmp/projects/mockito/src/main/java/org/mockito/MockitoFramework.java
889	org.mockito.session.MockitoSessionBuilder	initMocks(java.lang.Object)	0	1	[false]	false	public	true	file:///private/tmp/projects/mockito/src/main/java/org/mockito/session/MockitoSessionBuilder.java
890	org.mockito.session.MockitoSessionBuilder	initMocks(java.lang.Object...)	0	1	[false]	false	public	true	file:///private/tmp/projects/mockito/src/main/java/org/mockito/session/MockitoSessionBuilder.java
891	org.mockito.session.MockitoSessionBuilder	name(java.lang.String)	0	1	[false]	false	public	true	file:///private/tmp/projects/mockito/src/main/java/org/mockito/session/MockitoSessionBuilder.java
892	org.mockito.session.MockitoSessionBuilder	strictness(org.mockito.quality.Strictness)	0	1	[false]	false	public	true	file:///private/tmp/projects/mockito/src/main/java/org/mockito/session/MockitoSessionBuilder.java
893	org.mockito.session.MockitoSessionBuilder	logger(org.mockito.session.MockitoSessionLogger)	0	1	[false]	false	public	true	file:///private/tmp/projects/mockito/src/main/java/org/mockito/session/MockitoSessionBuilder.java
894	org.mockito.session.MockitoSessionBuilder	startMocking()	0	0	[]	false	public	true	file:///private/tmp/projects/mockito/src/main/java/org/mockito/session/MockitoSessionBuilder.java
895	org.mockito.stubbing.LenientStubber	<T>when(T)	0	1	[false]	false	public	true	file:///private/tmp/projects/mockito/src/main/java/org/mockito/stubbing/LenientStubber.java
896	org.mockito.session.MockitoSessionLogger	log(java.lang.String)	0	1	[false]	false	public	false	file:///private/tmp/projects/mockito/src/main/java/org/mockito/session/MockitoSessionLogger.java
897	org.mockito.exceptions.misusing.UnfinishedMockingSessionException	UnfinishedMockingSessionException(java.lang.String)	0	1	[false]	false	public	false	file:///private/tmp/projects/mockito/src/main/java/org/mockito/exceptions/misusing/UnfinishedMockingSessionException.java
898	org.mockito.exceptions.misusing.RedundantListenerException	RedundantListenerException(java.lang.String)	0	1	[false]	false	public	false	file:///private/tmp/projects/mockito/src/main/java/org/mockito/exceptions/misusing/RedundantListenerException.java
899	org.mockito.internal.verification.argumentmatching.ArgumentMatchingTool	ArgumentMatchingTool()	0	0	[]	false	private	false	file:///private/tmp/projects/mockito/src/main/java/org/mockito/internal/verification/argumentmatching/ArgumentMatchingTool.java
900	org.mockito.internal.verification.argumentmatching.ArgumentMatchingTool	getSuspiciouslyNotMatchingArgsIndexes(java.util.List<org.mockito.ArgumentMatcher>,java.lang.Object[])	0	2	[false, false]	false	public	true	file:///private/tmp/projects/mockito/src/main/java/org/mockito/internal/verification/argumentmatching/ArgumentMatchingTool.java
901	org.mockito.internal.verification.argumentmatching.ArgumentMatchingTool	safelyMatches(org.mockito.ArgumentMatcher,java.lang.Object)	0	2	[false, false]	false	private	false	file:///private/tmp/projects/mockito/src/main/java/org/mockito/internal/verification/argumentmatching/ArgumentMatchingTool.java
902	org.mockito.internal.verification.argumentmatching.ArgumentMatchingTool	toStringEquals(org.mockito.ArgumentMatcher,java.lang.Object)	0	2	[false, false]	false	private	false	file:///private/tmp/projects/mockito/src/main/java/org/mockito/internal/verification/argumentmatching/ArgumentMatchingTool.java
903	org.mockito.internal.verification.checkers.MissingInvocationChecker	MissingInvocationChecker()	0	0	[]	false	private	false	file:///private/tmp/projects/mockito/src/main/java/org/mockito/internal/verification/checkers/MissingInvocationChecker.java
904	org.mockito.internal.verification.checkers.MissingInvocationChecker	checkMissingInvocation(java.util.List<org.mockito.invocation.Invocation>,org.mockito.invocation.MatchableInvocation)	0	2	[false, false]	false	public	false	file:///private/tmp/projects/mockito/src/main/java/org/mockito/internal/verification/checkers/MissingInvocationChecker.java
905	org.mockito.internal.verification.checkers.MissingInvocationChecker$1	convert(org.mockito.invocation.Invocation)	411	1	[false]	false	public	true	file:///private/tmp/projects/mockito/src/main/java/org/mockito/internal/verification/checkers/MissingInvocationChecker.java
906	org.mockito.internal.verification.checkers.MissingInvocationChecker	checkMissingInvocation(java.util.List<org.mockito.invocation.Invocation>,org.mockito.invocation.MatchableInvocation,org.mockito.internal.verification.api.InOrderContext)	0	3	[false, false, false]	false	public	false	file:///private/tmp/projects/mockito/src/main/java/org/mockito/internal/verification/checkers/MissingInvocationChecker.java
907	org.mockito.internal.verification.checkers.NumberOfInvocationsChecker	NumberOfInvocationsChecker()	0	0	[]	false	private	false	file:///private/tmp/projects/mockito/src/main/java/org/mockito/internal/verification/checkers/NumberOfInvocationsChecker.java
908	org.mockito.internal.verification.checkers.NumberOfInvocationsChecker	checkNumberOfInvocations(java.util.List<org.mockito.invocation.Invocation>,org.mockito.invocation.MatchableInvocation,int)	0	3	[false, false, false]	false	public	false	file:///private/tmp/projects/mockito/src/main/java/org/mockito/internal/verification/checkers/NumberOfInvocationsChecker.java
909	org.mockito.internal.verification.checkers.NumberOfInvocationsChecker	checkNumberOfInvocations(java.util.List<org.mockito.invocation.Invocation>,org.mockito.invocation.MatchableInvocation,int,org.mockito.internal.verification.api.InOrderContext)	0	4	[false, false, false, false]	false	public	false	file:///private/tmp/projects/mockito/src/main/java/org/mockito/internal/verification/checkers/NumberOfInvocationsChecker.java
910	org.mockito.internal.verification.checkers.NumberOfInvocationsChecker	checkNumberOfInvocationsNonGreedy(java.util.List<org.mockito.invocation.Invocation>,org.mockito.invocation.MatchableInvocation,int,org.mockito.internal.verification.api.InOrderContext)	0	4	[false, false, false, false]	false	public	false	file:///private/tmp/projects/mockito/src/main/java/org/mockito/internal/verification/checkers/NumberOfInvocationsChecker.java
911	org.mockito.internal.verification.Times	Times(int)	0	1	[false]	false	public	false	file:///private/tmp/projects/mockito/src/main/java/org/mockito/internal/verification/Times.java
912	org.mockito.internal.verification.Times	verify(org.mockito.internal.verification.api.VerificationData)	123	1	[false]	false	public	false	file:///private/tmp/projects/mockito/src/main/java/org/mockito/internal/verification/Times.java
913	org.mockito.internal.verification.Times	verifyInOrder(org.mockito.internal.verification.api.VerificationDataInOrder)	914	1	[false]	false	public	false	file:///private/tmp/projects/mockito/src/main/java/org/mockito/internal/verification/Times.java
915	org.mockito.internal.verification.Times	toString()	2	0	[]	false	public	true	file:///private/tmp/projects/mockito/src/main/java/org/mockito/internal/verification/Times.java
916	org.mockito.internal.verification.Times	description(java.lang.String)	124	1	[false]	false	public	true	file:///private/tmp/projects/mockito/src/main/java/org/mockito/internal/verification/Times.java
914	org.mockito.internal.verification.api.VerificationInOrderMode	verifyInOrder(org.mockito.internal.verification.api.VerificationDataInOrder)	0	1	[false]	false	public	false	file:///private/tmp/projects/mockito/src/main/java/org/mockito/internal/verification/api/VerificationInOrderMode.java
917	org.mockito.internal.verification.Calls	Calls(int)	0	1	[false]	false	public	false	file:///private/tmp/projects/mockito/src/main/java/org/mockito/internal/verification/Calls.java
918	org.mockito.internal.verification.Calls	verify(org.mockito.internal.verification.api.VerificationData)	123	1	[false]	false	public	false	file:///private/tmp/projects/mockito/src/main/java/org/mockito/internal/verification/Calls.java
919	org.mockito.internal.verification.Calls	verifyInOrder(org.mockito.internal.verification.api.VerificationDataInOrder)	914	1	[false]	false	public	false	file:///private/tmp/projects/mockito/src/main/java/org/mockito/internal/verification/Calls.java
920	org.mockito.internal.verification.Calls	toString()	2	0	[]	false	public	true	file:///private/tmp/projects/mockito/src/main/java/org/mockito/internal/verification/Calls.java
921	org.mockito.internal.verification.NoMoreInteractions	verify(org.mockito.internal.verification.api.VerificationData)	123	1	[false]	false	public	false	file:///private/tmp/projects/mockito/src/main/java/org/mockito/internal/verification/NoMoreInteractions.java
922	org.mockito.internal.verification.NoMoreInteractions	verifyInOrder(org.mockito.internal.verification.api.VerificationDataInOrder)	914	1	[false]	false	public	false	file:///private/tmp/projects/mockito/src/main/java/org/mockito/internal/verification/NoMoreInteractions.java
923	org.mockito.internal.verification.NoInteractions	verify(org.mockito.internal.verification.api.VerificationData)	123	1	[false]	false	public	false	file:///private/tmp/projects/mockito/src/main/java/org/mockito/internal/verification/NoInteractions.java
924	org.mockito.internal.verification.api.VerificationDataInOrder	getAllInvocations()	0	0	[]	false	public	true	file:///private/tmp/projects/mockito/src/main/java/org/mockito/internal/verification/api/VerificationDataInOrder.java
925	org.mockito.internal.verification.api.VerificationDataInOrder	getWanted()	0	0	[]	false	public	true	file:///private/tmp/projects/mockito/src/main/java/org/mockito/internal/verification/api/VerificationDataInOrder.java
926	org.mockito.internal.verification.api.VerificationDataInOrder	getOrderingContext()	0	0	[]	false	public	true	file:///private/tmp/projects/mockito/src/main/java/org/mockito/internal/verification/api/VerificationDataInOrder.java
927	org.mockito.internal.util.Checks	<T>checkNotNull(T,java.lang.String)	0	2	[false, false]	false	public	true	file:///private/tmp/projects/mockito/src/main/java/org/mockito/internal/util/Checks.java
928	org.mockito.internal.util.Checks	<T>checkNotNull(T,java.lang.String,java.lang.String)	0	3	[false, false, true]	false	public	true	file:///private/tmp/projects/mockito/src/main/java/org/mockito/internal/util/Checks.java
929	org.mockito.internal.util.Checks	<T>checkItemsNotNull(T,java.lang.String)	0	2	[false, false]	false	public	true	file:///private/tmp/projects/mockito/src/main/java/org/mockito/internal/util/Checks.java
930	org.mockito.internal.configuration.injection.MockInjection	onField(java.lang.reflect.Field,java.lang.Object)	0	2	[false, false]	false	public	true	file:///private/tmp/projects/mockito/src/main/java/org/mockito/internal/configuration/injection/MockInjection.java
931	org.mockito.internal.configuration.injection.MockInjection	onFields(java.util.Set<java.lang.reflect.Field>,java.lang.Object)	0	2	[false, false]	false	public	true	file:///private/tmp/projects/mockito/src/main/java/org/mockito/internal/configuration/injection/MockInjection.java
932	org.mockito.internal.configuration.injection.MockInjection$OngoingMockInjection	OngoingMockInjection(java.lang.reflect.Field,java.lang.Object)	0	2	[false, false]	false	private	false	file:///private/tmp/projects/mockito/src/main/java/org/mockito/internal/configuration/injection/MockInjection.java
933	org.mockito.internal.configuration.injection.MockInjection$OngoingMockInjection	OngoingMockInjection(java.util.Set<java.lang.reflect.Field>,java.lang.Object)	0	2	[false, false]	false	private	false	file:///private/tmp/projects/mockito/src/main/java/org/mockito/internal/configuration/injection/MockInjection.java
934	org.mockito.internal.configuration.injection.MockInjection$OngoingMockInjection	withMocks(java.util.Set<java.lang.Object>)	0	1	[false]	false	public	true	file:///private/tmp/projects/mockito/src/main/java/org/mockito/internal/configuration/injection/MockInjection.java
935	org.mockito.internal.configuration.injection.MockInjection$OngoingMockInjection	tryConstructorInjection()	0	0	[]	false	public	true	file:///private/tmp/projects/mockito/src/main/java/org/mockito/internal/configuration/injection/MockInjection.java
936	org.mockito.internal.configuration.injection.MockInjection$OngoingMockInjection	tryPropertyOrFieldInjection()	0	0	[]	false	public	true	file:///private/tmp/projects/mockito/src/main/java/org/mockito/internal/configuration/injection/MockInjection.java
937	org.mockito.internal.configuration.injection.MockInjection$OngoingMockInjection	handleSpyAnnotation()	0	0	[]	false	public	true	file:///private/tmp/projects/mockito/src/main/java/org/mockito/internal/configuration/injection/MockInjection.java
938	org.mockito.internal.configuration.injection.MockInjection$OngoingMockInjection	apply()	0	0	[]	false	public	false	file:///private/tmp/projects/mockito/src/main/java/org/mockito/internal/configuration/injection/MockInjection.java
939	org.mockito.internal.configuration.injection.MockInjectionStrategy	nop()	0	0	[]	false	public	true	file:///private/tmp/projects/mockito/src/main/java/org/mockito/internal/configuration/injection/MockInjectionStrategy.java
940	org.mockito.internal.configuration.injection.MockInjectionStrategy$1	processInjection(java.lang.reflect.Field,java.lang.Object,java.util.Set<java.lang.Object>)	941	3	[false, false, false]	false	protected	false	file:///private/tmp/projects/mockito/src/main/java/org/mockito/internal/configuration/injection/MockInjectionStrategy.java
942	org.mockito.internal.configuration.injection.MockInjectionStrategy	thenTry(org.mockito.internal.configuration.injection.MockInjectionStrategy)	0	1	[false]	false	public	true	file:///private/tmp/projects/mockito/src/main/java/org/mockito/internal/configuration/injection/MockInjectionStrategy.java
943	org.mockito.internal.configuration.injection.MockInjectionStrategy	process(java.lang.reflect.Field,java.lang.Object,java.util.Set<java.lang.Object>)	0	3	[false, false, false]	false	public	false	file:///private/tmp/projects/mockito/src/main/java/org/mockito/internal/configuration/injection/MockInjectionStrategy.java
941	org.mockito.internal.configuration.injection.MockInjectionStrategy	processInjection(java.lang.reflect.Field,java.lang.Object,java.util.Set<java.lang.Object>)	0	3	[false, false, false]	false	protected	false	file:///private/tmp/projects/mockito/src/main/java/org/mockito/internal/configuration/injection/MockInjectionStrategy.java
944	org.mockito.internal.configuration.injection.MockInjectionStrategy	relayProcessToNextStrategy(java.lang.reflect.Field,java.lang.Object,java.util.Set<java.lang.Object>)	0	3	[false, false, false]	false	private	false	file:///private/tmp/projects/mockito/src/main/java/org/mockito/internal/configuration/injection/MockInjectionStrategy.java
945	org.mockito.internal.util.reflection.FieldInitializer	FieldInitializer(java.lang.Object,java.lang.reflect.Field)	0	2	[false, false]	false	public	false	file:///private/tmp/projects/mockito/src/main/java/org/mockito/internal/util/reflection/FieldInitializer.java
946	org.mockito.internal.util.reflection.FieldInitializer	FieldInitializer(java.lang.Object,java.lang.reflect.Field,org.mockito.internal.util.reflection.FieldInitializer.ConstructorArgumentResolver)	0	3	[false, false, false]	false	public	false	file:///private/tmp/projects/mockito/src/main/java/org/mockito/internal/util/reflection/FieldInitializer.java
947	org.mockito.internal.util.reflection.FieldInitializer	FieldInitializer(java.lang.Object,java.lang.reflect.Field,org.mockito.internal.util.reflection.FieldInitializer.ConstructorInstantiator)	0	3	[false, false, false]	false	private	false	file:///private/tmp/projects/mockito/src/main/java/org/mockito/internal/util/reflection/FieldInitializer.java
948	org.mockito.internal.util.reflection.FieldInitializer	initialize()	0	0	[]	false	public	true	file:///private/tmp/projects/mockito/src/main/java/org/mockito/internal/util/reflection/FieldInitializer.java
949	org.mockito.internal.util.reflection.FieldInitializer	checkNotLocal(java.lang.reflect.Field)	0	1	[false]	false	private	false	file:///private/tmp/projects/mockito/src/main/java/org/mockito/internal/util/reflection/FieldInitializer.java
950	org.mockito.internal.util.reflection.FieldInitializer	checkNotInner(java.lang.reflect.Field)	0	1	[false]	false	private	false	file:///private/tmp/projects/mockito/src/main/java/org/mockito/internal/util/reflection/FieldInitializer.java
951	org.mockito.internal.util.reflection.FieldInitializer	checkNotInterface(java.lang.reflect.Field)	0	1	[false]	false	private	false	file:///private/tmp/projects/mockito/src/main/java/org/mockito/internal/util/reflection/FieldInitializer.java
952	org.mockito.internal.util.reflection.FieldInitializer	checkNotAbstract(java.lang.reflect.Field)	0	1	[false]	false	private	false	file:///private/tmp/projects/mockito/src/main/java/org/mockito/internal/util/reflection/FieldInitializer.java
953	org.mockito.internal.util.reflection.FieldInitializer	checkNotEnum(java.lang.reflect.Field)	0	1	[false]	false	private	false	file:///private/tmp/projects/mockito/src/main/java/org/mockito/internal/util/reflection/FieldInitializer.java
954	org.mockito.internal.util.reflection.FieldInitializer	acquireFieldInstance()	0	0	[]	false	private	true	file:///private/tmp/projects/mockito/src/main/java/org/mockito/internal/util/reflection/FieldInitializer.java
955	org.mockito.internal.util.reflection.FieldInitializer$ConstructorArgumentResolver	resolveTypeInstances(java.lang.Class<?>...)	0	1	[false]	false	public	true	file:///private/tmp/projects/mockito/src/main/java/org/mockito/internal/util/reflection/FieldInitializer.java
956	org.mockito.internal.util.reflection.FieldInitializer$ConstructorInstantiator	instantiate()	0	0	[]	false	public	true	file:///private/tmp/projects/mockito/src/main/java/org/mockito/internal/util/reflection/FieldInitializer.java
957	org.mockito.internal.util.reflection.FieldInitializer$NoArgConstructorInstantiator	NoArgConstructorInstantiator(java.lang.Object,java.lang.reflect.Field)	0	2	[false, false]	false	package	false	file:///private/tmp/projects/mockito/src/main/java/org/mockito/internal/util/reflection/FieldInitializer.java
958	org.mockito.internal.util.reflection.FieldInitializer$NoArgConstructorInstantiator	instantiate()	956	0	[]	false	public	true	file:///private/tmp/projects/mockito/src/main/java/org/mockito/internal/util/reflection/FieldInitializer.java
959	org.mockito.internal.util.reflection.FieldInitializer$ParameterizedConstructorInstantiator$1	compare(java.lang.reflect.Constructor<?>,java.lang.reflect.Constructor<?>)	433	2	[false, false]	false	public	false	file:///private/tmp/projects/mockito/src/main/java/org/mockito/internal/util/reflection/FieldInitializer.java
960	org.mockito.internal.util.reflection.FieldInitializer$ParameterizedConstructorInstantiator$1	countMockableParams(java.lang.reflect.Constructor<?>)	0	1	[false]	false	private	false	file:///private/tmp/projects/mockito/src/main/java/org/mockito/internal/util/reflection/FieldInitializer.java
961	org.mockito.internal.util.reflection.FieldInitializer$ParameterizedConstructorInstantiator	ParameterizedConstructorInstantiator(java.lang.Object,java.lang.reflect.Field,org.mockito.internal.util.reflection.FieldInitializer.ConstructorArgumentResolver)	0	3	[false, false, false]	false	package	false	file:///private/tmp/projects/mockito/src/main/java/org/mockito/internal/util/reflection/FieldInitializer.java
962	org.mockito.internal.util.reflection.FieldInitializer$ParameterizedConstructorInstantiator	instantiate()	956	0	[]	false	public	true	file:///private/tmp/projects/mockito/src/main/java/org/mockito/internal/util/reflection/FieldInitializer.java
963	org.mockito.internal.util.reflection.FieldInitializer$ParameterizedConstructorInstantiator	checkParameterized(java.lang.reflect.Constructor<?>,java.lang.reflect.Field)	0	2	[false, false]	false	private	false	file:///private/tmp/projects/mockito/src/main/java/org/mockito/internal/util/reflection/FieldInitializer.java
964	org.mockito.internal.util.reflection.FieldInitializer$ParameterizedConstructorInstantiator	biggestConstructor(java.lang.Class<?>)	0	1	[false]	false	private	true	file:///private/tmp/projects/mockito/src/main/java/org/mockito/internal/util/reflection/FieldInitializer.java
965	org.mockito.internal.configuration.injection.ConstructorInjection	ConstructorInjection()	0	0	[]	false	public	false	file:///private/tmp/projects/mockito/src/main/java/org/mockito/internal/configuration/injection/ConstructorInjection.java
966	org.mockito.internal.configuration.injection.ConstructorInjection	processInjection(java.lang.reflect.Field,java.lang.Object,java.util.Set<java.lang.Object>)	941	3	[false, false, false]	false	public	false	file:///private/tmp/projects/mockito/src/main/java/org/mockito/internal/configuration/injection/ConstructorInjection.java
967	org.mockito.internal.configuration.injection.ConstructorInjection$SimpleArgumentResolver	SimpleArgumentResolver(java.util.Set<java.lang.Object>)	0	1	[false]	false	public	false	file:///private/tmp/projects/mockito/src/main/java/org/mockito/internal/configuration/injection/ConstructorInjection.java
968	org.mockito.internal.configuration.injection.ConstructorInjection$SimpleArgumentResolver	resolveTypeInstances(java.lang.Class<?>...)	955	1	[false]	false	public	true	file:///private/tmp/projects/mockito/src/main/java/org/mockito/internal/configuration/injection/ConstructorInjection.java
969	org.mockito.internal.configuration.injection.ConstructorInjection$SimpleArgumentResolver	objectThatIsAssignableFrom(java.lang.Class<?>)	0	1	[false]	true	private	true	file:///private/tmp/projects/mockito/src/main/java/org/mockito/internal/configuration/injection/ConstructorInjection.java
970	org.mockito.internal.util.reflection.FieldInitializationReport	FieldInitializationReport(java.lang.Object,boolean,boolean)	0	3	[false, false, false]	false	public	false	file:///private/tmp/projects/mockito/src/main/java/org/mockito/internal/util/reflection/FieldInitializationReport.java
971	org.mockito.internal.util.reflection.FieldInitializationReport	fieldInstance()	0	0	[]	false	public	true	file:///private/tmp/projects/mockito/src/main/java/org/mockito/internal/util/reflection/FieldInitializationReport.java
972	org.mockito.internal.util.reflection.FieldInitializationReport	fieldWasInitialized()	0	0	[]	false	public	false	file:///private/tmp/projects/mockito/src/main/java/org/mockito/internal/util/reflection/FieldInitializationReport.java
973	org.mockito.internal.util.reflection.FieldInitializationReport	fieldWasInitializedUsingContructorArgs()	0	0	[]	false	public	false	file:///private/tmp/projects/mockito/src/main/java/org/mockito/internal/util/reflection/FieldInitializationReport.java
974	org.mockito.internal.util.reflection.FieldInitializationReport	fieldClass()	0	0	[]	false	public	true	file:///private/tmp/projects/mockito/src/main/java/org/mockito/internal/util/reflection/FieldInitializationReport.java
975	org.mockito.internal.configuration.injection.filter.MockCandidateFilter	filterCandidate(java.util.Collection<java.lang.Object>,java.lang.reflect.Field,java.util.List<java.lang.reflect.Field>,java.lang.Object)	0	4	[false, false, false, false]	false	public	true	file:///private/tmp/projects/mockito/src/main/java/org/mockito/internal/configuration/injection/filter/MockCandidateFilter.java
976	org.mockito.internal.configuration.injection.filter.OngoingInjector	thenInject()	0	0	[]	true	public	true	file:///private/tmp/projects/mockito/src/main/java/org/mockito/internal/configuration/injection/filter/OngoingInjector.java
977	org.mockito.internal.configuration.injection.filter.OngoingInjector$1	thenInject()	976	0	[]	true	public	true	file:///private/tmp/projects/mockito/src/main/java/org/mockito/internal/configuration/injection/filter/OngoingInjector.java
978	org.mockito.internal.configuration.injection.filter.NameBasedCandidateFilter	NameBasedCandidateFilter(org.mockito.internal.configuration.injection.filter.MockCandidateFilter)	0	1	[false]	false	public	false	file:///private/tmp/projects/mockito/src/main/java/org/mockito/internal/configuration/injection/filter/NameBasedCandidateFilter.java
979	org.mockito.internal.configuration.injection.filter.NameBasedCandidateFilter	filterCandidate(java.util.Collection<java.lang.Object>,java.lang.reflect.Field,java.util.List<java.lang.reflect.Field>,java.lang.Object)	975	4	[false, false, false, false]	false	public	true	file:///private/tmp/projects/mockito/src/main/java/org/mockito/internal/configuration/injection/filter/NameBasedCandidateFilter.java
980	org.mockito.internal.configuration.injection.filter.NameBasedCandidateFilter	tooMany(java.util.Collection<java.lang.Object>)	0	1	[false]	false	private	false	file:///private/tmp/projects/mockito/src/main/java/org/mockito/internal/configuration/injection/filter/NameBasedCandidateFilter.java
981	org.mockito.internal.configuration.injection.filter.NameBasedCandidateFilter	selectMatchingName(java.util.Collection<java.lang.Object>,java.lang.reflect.Field)	0	2	[false, false]	false	private	true	file:///private/tmp/projects/mockito/src/main/java/org/mockito/internal/configuration/injection/filter/NameBasedCandidateFilter.java
982	org.mockito.internal.configuration.injection.filter.NameBasedCandidateFilter	anotherCandidateMatchesMockName(java.util.Collection<java.lang.Object>,java.lang.reflect.Field,java.util.List<java.lang.reflect.Field>)	0	3	[false, false, false]	false	private	false	file:///private/tmp/projects/mockito/src/main/java/org/mockito/internal/configuration/injection/filter/NameBasedCandidateFilter.java
983	org.mockito.internal.configuration.injection.filter.TypeBasedCandidateFilter	TypeBasedCandidateFilter(org.mockito.internal.configuration.injection.filter.MockCandidateFilter)	0	1	[false]	false	public	false	file:///private/tmp/projects/mockito/src/main/java/org/mockito/internal/configuration/injection/filter/TypeBasedCandidateFilter.java
984	org.mockito.internal.configuration.injection.filter.TypeBasedCandidateFilter	filterCandidate(java.util.Collection<java.lang.Object>,java.lang.reflect.Field,java.util.List<java.lang.reflect.Field>,java.lang.Object)	975	4	[false, false, false, false]	false	public	true	file:///private/tmp/projects/mockito/src/main/java/org/mockito/internal/configuration/injection/filter/TypeBasedCandidateFilter.java
985	org.mockito.internal.configuration.injection.filter.TerminalMockCandidateFilter	filterCandidate(java.util.Collection<java.lang.Object>,java.lang.reflect.Field,java.util.List<java.lang.reflect.Field>,java.lang.Object)	975	4	[false, false, false, false]	false	public	true	file:///private/tmp/projects/mockito/src/main/java/org/mockito/internal/configuration/injection/filter/TerminalMockCandidateFilter.java
986	org.mockito.internal.util.reflection.SuperTypesLastSorter	SuperTypesLastSorter()	0	0	[]	false	private	false	file:///private/tmp/projects/mockito/src/main/java/org/mockito/internal/util/reflection/SuperTypesLastSorter.java
987	org.mockito.internal.util.reflection.SuperTypesLastSorter	sortSuperTypesLast(java.util.Collection<? extends java.lang.reflect.Field>)	0	1	[false]	false	public	true	file:///private/tmp/projects/mockito/src/main/java/org/mockito/internal/util/reflection/SuperTypesLastSorter.java
988	org.mockito.internal.util.reflection.SuperTypesLastSorter$1	compare(java.lang.reflect.Field,java.lang.reflect.Field)	433	2	[false, false]	false	public	false	file:///private/tmp/projects/mockito/src/main/java/org/mockito/internal/util/reflection/SuperTypesLastSorter.java
989	org.mockito.internal.configuration.injection.PropertyAndSetterInjection$1	isOut(java.lang.reflect.Field)	410	1	[false]	false	public	false	file:///private/tmp/projects/mockito/src/main/java/org/mockito/internal/configuration/injection/PropertyAndSetterInjection.java
990	org.mockito.internal.configuration.injection.PropertyAndSetterInjection	processInjection(java.lang.reflect.Field,java.lang.Object,java.util.Set<java.lang.Object>)	941	3	[false, false, false]	false	public	false	file:///private/tmp/projects/mockito/src/main/java/org/mockito/internal/configuration/injection/PropertyAndSetterInjection.java
991	org.mockito.internal.configuration.injection.PropertyAndSetterInjection	initializeInjectMocksField(java.lang.reflect.Field,java.lang.Object)	0	2	[false, false]	false	private	true	file:///private/tmp/projects/mockito/src/main/java/org/mockito/internal/configuration/injection/PropertyAndSetterInjection.java
992	org.mockito.internal.configuration.injection.PropertyAndSetterInjection	injectMockCandidates(java.lang.Class<?>,java.lang.Object,java.util.Set<java.lang.Object>)	0	3	[false, false, false]	false	private	false	file:///private/tmp/projects/mockito/src/main/java/org/mockito/internal/configuration/injection/PropertyAndSetterInjection.java
993	org.mockito.internal.configuration.injection.PropertyAndSetterInjection	injectMockCandidatesOnFields(java.util.Set<java.lang.Object>,java.lang.Object,boolean,java.util.List<java.lang.reflect.Field>)	0	4	[false, false, false, false]	false	private	false	file:///private/tmp/projects/mockito/src/main/java/org/mockito/internal/configuration/injection/PropertyAndSetterInjection.java
994	org.mockito.internal.configuration.injection.PropertyAndSetterInjection	orderedInstanceFieldsFrom(java.lang.Class<?>)	0	1	[false]	false	private	true	file:///private/tmp/projects/mockito/src/main/java/org/mockito/internal/configuration/injection/PropertyAndSetterInjection.java
995	org.mockito.internal.configuration.injection.scanner.MockScanner	MockScanner(java.lang.Object,java.lang.Class<?>)	0	2	[false, false]	false	public	false	file:///private/tmp/projects/mockito/src/main/java/org/mockito/internal/configuration/injection/scanner/MockScanner.java
996	org.mockito.internal.configuration.injection.scanner.MockScanner	addPreparedMocks(java.util.Set<java.lang.Object>)	0	1	[false]	false	public	false	file:///private/tmp/projects/mockito/src/main/java/org/mockito/internal/configuration/injection/scanner/MockScanner.java
997	org.mockito.internal.configuration.injection.scanner.MockScanner	scan()	0	0	[]	false	private	true	file:///private/tmp/projects/mockito/src/main/java/org/mockito/internal/configuration/injection/scanner/MockScanner.java
998	org.mockito.internal.configuration.injection.scanner.MockScanner	preparedMock(java.lang.Object,java.lang.reflect.Field)	0	2	[false, false]	true	private	true	file:///private/tmp/projects/mockito/src/main/java/org/mockito/internal/configuration/injection/scanner/MockScanner.java
999	org.mockito.internal.configuration.injection.scanner.MockScanner	isAnnotatedByMockOrSpy(java.lang.reflect.Field)	0	1	[false]	false	private	false	file:///private/tmp/projects/mockito/src/main/java/org/mockito/internal/configuration/injection/scanner/MockScanner.java
1000	org.mockito.internal.configuration.injection.scanner.MockScanner	isMockOrSpy(java.lang.Object)	0	1	[false]	false	private	false	file:///private/tmp/projects/mockito/src/main/java/org/mockito/internal/configuration/injection/scanner/MockScanner.java
1001	org.mockito.internal.configuration.injection.scanner.InjectMocksScanner	InjectMocksScanner(java.lang.Class<?>)	0	1	[false]	false	public	false	file:///private/tmp/projects/mockito/src/main/java/org/mockito/internal/configuration/injection/scanner/InjectMocksScanner.java
1002	org.mockito.internal.configuration.injection.scanner.InjectMocksScanner	addTo(java.util.Set<java.lang.reflect.Field>)	0	1	[false]	false	public	false	file:///private/tmp/projects/mockito/src/main/java/org/mockito/internal/configuration/injection/scanner/InjectMocksScanner.java
1003	org.mockito.internal.configuration.injection.scanner.InjectMocksScanner	scan()	0	0	[]	false	private	true	file:///private/tmp/projects/mockito/src/main/java/org/mockito/internal/configuration/injection/scanner/InjectMocksScanner.java
1004	org.mockito.internal.configuration.injection.scanner.InjectMocksScanner	assertNoAnnotations(java.lang.reflect.Field,java.lang.Class<? extends java.lang.annotation.Annotation>...)	0	2	[false, false]	false	private	false	file:///private/tmp/projects/mockito/src/main/java/org/mockito/internal/configuration/injection/scanner/InjectMocksScanner.java
1005	org.mockito.internal.configuration.injection.SpyOnInjectedFieldsHandler	processInjection(java.lang.reflect.Field,java.lang.Object,java.util.Set<java.lang.Object>)	941	3	[false, false, false]	false	protected	false	file:///private/tmp/projects/mockito/src/main/java/org/mockito/internal/configuration/injection/SpyOnInjectedFieldsHandler.java
1006	org.mockito.internal.configuration.ClassPathLoader	loadConfiguration()	0	0	[]	true	public	true	file:///private/tmp/projects/mockito/src/main/java/org/mockito/internal/configuration/ClassPathLoader.java
1007	org.mockito.internal.configuration.IndependentAnnotationEngine	IndependentAnnotationEngine()	0	0	[]	false	public	false	file:///private/tmp/projects/mockito/src/main/java/org/mockito/internal/configuration/IndependentAnnotationEngine.java
1008	org.mockito.internal.configuration.IndependentAnnotationEngine	createMockFor(java.lang.annotation.Annotation,java.lang.reflect.Field)	0	2	[false, false]	true	private	true	file:///private/tmp/projects/mockito/src/main/java/org/mockito/internal/configuration/IndependentAnnotationEngine.java
1009	org.mockito.internal.configuration.IndependentAnnotationEngine	<A>forAnnotation(A)	0	1	[false]	false	private	true	file:///private/tmp/projects/mockito/src/main/java/org/mockito/internal/configuration/IndependentAnnotationEngine.java
1010	org.mockito.internal.configuration.IndependentAnnotationEngine$1	process(A,java.lang.reflect.Field)	623	2	[false, false]	true	public	true	file:///private/tmp/projects/mockito/src/main/java/org/mockito/internal/configuration/IndependentAnnotationEngine.java
1011	org.mockito.internal.configuration.IndependentAnnotationEngine	<A>registerAnnotationProcessor(java.lang.Class<A>,org.mockito.internal.configuration.FieldAnnotationProcessor<A>)	0	2	[false, false]	false	private	false	file:///private/tmp/projects/mockito/src/main/java/org/mockito/internal/configuration/IndependentAnnotationEngine.java
1012	org.mockito.internal.configuration.IndependentAnnotationEngine	process(java.lang.Class<?>,java.lang.Object)	177	2	[false, false]	false	public	true	file:///private/tmp/projects/mockito/src/main/java/org/mockito/internal/configuration/IndependentAnnotationEngine.java
1013	org.mockito.internal.configuration.IndependentAnnotationEngine	throwIfAlreadyAssigned(java.lang.reflect.Field,boolean)	0	2	[false, false]	false	package	false	file:///private/tmp/projects/mockito/src/main/java/org/mockito/internal/configuration/IndependentAnnotationEngine.java
1014	org.mockito.internal.progress.SequenceNumber	next()	0	0	[]	false	public	false	file:///private/tmp/projects/mockito/src/main/java/org/mockito/internal/progress/SequenceNumber.java
1015	org.mockito.internal.progress.ArgumentMatcherStorageImpl	reportMatcher(org.mockito.ArgumentMatcher<?>)	125	1	[false]	false	public	false	file:///private/tmp/projects/mockito/src/main/java/org/mockito/internal/progress/ArgumentMatcherStorageImpl.java
1016	org.mockito.internal.progress.ArgumentMatcherStorageImpl	pullLocalizedMatchers()	126	0	[]	false	public	true	file:///private/tmp/projects/mockito/src/main/java/org/mockito/internal/progress/ArgumentMatcherStorageImpl.java
1017	org.mockito.internal.progress.ArgumentMatcherStorageImpl	reportAnd()	127	0	[]	false	public	false	file:///private/tmp/projects/mockito/src/main/java/org/mockito/internal/progress/ArgumentMatcherStorageImpl.java
1018	org.mockito.internal.progress.ArgumentMatcherStorageImpl	reportOr()	129	0	[]	false	public	false	file:///private/tmp/projects/mockito/src/main/java/org/mockito/internal/progress/ArgumentMatcherStorageImpl.java
1019	org.mockito.internal.progress.ArgumentMatcherStorageImpl	reportNot()	128	0	[]	false	public	false	file:///private/tmp/projects/mockito/src/main/java/org/mockito/internal/progress/ArgumentMatcherStorageImpl.java
1020	org.mockito.internal.progress.ArgumentMatcherStorageImpl	validateState()	130	0	[]	false	public	false	file:///private/tmp/projects/mockito/src/main/java/org/mockito/internal/progress/ArgumentMatcherStorageImpl.java
1021	org.mockito.internal.progress.ArgumentMatcherStorageImpl	reset()	131	0	[]	false	public	false	file:///private/tmp/projects/mockito/src/main/java/org/mockito/internal/progress/ArgumentMatcherStorageImpl.java
1022	org.mockito.internal.progress.ArgumentMatcherStorageImpl	assertStateFor(java.lang.String,int)	0	2	[false, false]	false	private	false	file:///private/tmp/projects/mockito/src/main/java/org/mockito/internal/progress/ArgumentMatcherStorageImpl.java
1023	org.mockito.internal.progress.ArgumentMatcherStorageImpl	popMatcher()	0	0	[]	false	private	true	file:///private/tmp/projects/mockito/src/main/java/org/mockito/internal/progress/ArgumentMatcherStorageImpl.java
1024	org.mockito.internal.progress.ArgumentMatcherStorageImpl	resetStack()	0	0	[]	false	private	true	file:///private/tmp/projects/mockito/src/main/java/org/mockito/internal/progress/ArgumentMatcherStorageImpl.java
1025	org.mockito.internal.progress.MockingProgressImpl	MockingProgressImpl()	0	0	[]	false	public	false	file:///private/tmp/projects/mockito/src/main/java/org/mockito/internal/progress/MockingProgressImpl.java
1026	org.mockito.internal.progress.MockingProgressImpl	getDefaultVerificationStrategy()	0	0	[]	false	public	true	file:///private/tmp/projects/mockito/src/main/java/org/mockito/internal/progress/MockingProgressImpl.java
1027	org.mockito.internal.progress.MockingProgressImpl$1	maybeVerifyLazily(org.mockito.verification.VerificationMode)	132	1	[false]	false	public	true	file:///private/tmp/projects/mockito/src/main/java/org/mockito/internal/progress/MockingProgressImpl.java
1028	org.mockito.internal.progress.MockingProgressImpl	reportOngoingStubbing(org.mockito.stubbing.OngoingStubbing)	95	1	[false]	false	public	false	file:///private/tmp/projects/mockito/src/main/java/org/mockito/internal/progress/MockingProgressImpl.java
1029	org.mockito.internal.progress.MockingProgressImpl	pullOngoingStubbing()	96	0	[]	true	public	true	file:///private/tmp/projects/mockito/src/main/java/org/mockito/internal/progress/MockingProgressImpl.java
1030	org.mockito.internal.progress.MockingProgressImpl	verificationListeners()	97	0	[]	false	public	true	file:///private/tmp/projects/mockito/src/main/java/org/mockito/internal/progress/MockingProgressImpl.java
1031	org.mockito.internal.progress.MockingProgressImpl	verificationStarted(org.mockito.verification.VerificationMode)	98	1	[false]	false	public	false	file:///private/tmp/projects/mockito/src/main/java/org/mockito/internal/progress/MockingProgressImpl.java
1032	org.mockito.internal.progress.MockingProgressImpl	resetOngoingStubbing()	104	0	[]	false	public	false	file:///private/tmp/projects/mockito/src/main/java/org/mockito/internal/progress/MockingProgressImpl.java
1033	org.mockito.internal.progress.MockingProgressImpl	pullVerificationMode()	99	0	[]	true	public	true	file:///private/tmp/projects/mockito/src/main/java/org/mockito/internal/progress/MockingProgressImpl.java
1034	org.mockito.internal.progress.MockingProgressImpl	stubbingStarted()	100	0	[]	false	public	false	file:///private/tmp/projects/mockito/src/main/java/org/mockito/internal/progress/MockingProgressImpl.java
1035	org.mockito.internal.progress.MockingProgressImpl	validateState()	102	0	[]	false	public	false	file:///private/tmp/projects/mockito/src/main/java/org/mockito/internal/progress/MockingProgressImpl.java
1036	org.mockito.internal.progress.MockingProgressImpl	validateMostStuff()	0	0	[]	false	private	false	file:///private/tmp/projects/mockito/src/main/java/org/mockito/internal/progress/MockingProgressImpl.java
1037	org.mockito.internal.progress.MockingProgressImpl	stubbingCompleted()	101	0	[]	false	public	false	file:///private/tmp/projects/mockito/src/main/java/org/mockito/internal/progress/MockingProgressImpl.java
1038	org.mockito.internal.progress.MockingProgressImpl	toString()	2	0	[]	false	public	true	file:///private/tmp/projects/mockito/src/main/java/org/mockito/internal/progress/MockingProgressImpl.java
1039	org.mockito.internal.progress.MockingProgressImpl	reset()	103	0	[]	false	public	false	file:///private/tmp/projects/mockito/src/main/java/org/mockito/internal/progress/MockingProgressImpl.java
1040	org.mockito.internal.progress.MockingProgressImpl	getArgumentMatcherStorage()	105	0	[]	false	public	true	file:///private/tmp/projects/mockito/src/main/java/org/mockito/internal/progress/MockingProgressImpl.java
1041	org.mockito.internal.progress.MockingProgressImpl	mockingStarted(java.lang.Object,org.mockito.mock.MockCreationSettings)	106	2	[false, false]	false	public	false	file:///private/tmp/projects/mockito/src/main/java/org/mockito/internal/progress/MockingProgressImpl.java
1042	org.mockito.internal.progress.MockingProgressImpl	mockingStarted(java.lang.Class<?>,org.mockito.mock.MockCreationSettings)	107	2	[false, false]	false	public	false	file:///private/tmp/projects/mockito/src/main/java/org/mockito/internal/progress/MockingProgressImpl.java
1043	org.mockito.internal.progress.MockingProgressImpl	addListener(org.mockito.listeners.MockitoListener)	108	1	[false]	false	public	false	file:///private/tmp/projects/mockito/src/main/java/org/mockito/internal/progress/MockingProgressImpl.java
1044	org.mockito.internal.progress.MockingProgressImpl	addListener(org.mockito.listeners.MockitoListener,java.util.Set<org.mockito.listeners.MockitoListener>)	0	2	[false, false]	false	package	false	file:///private/tmp/projects/mockito/src/main/java/org/mockito/internal/progress/MockingProgressImpl.java
1045	org.mockito.internal.progress.MockingProgressImpl	removeListener(org.mockito.listeners.MockitoListener)	109	1	[false]	false	public	false	file:///private/tmp/projects/mockito/src/main/java/org/mockito/internal/progress/MockingProgressImpl.java
1046	org.mockito.internal.progress.MockingProgressImpl	setVerificationStrategy(org.mockito.verification.VerificationStrategy)	110	1	[false]	false	public	false	file:///private/tmp/projects/mockito/src/main/java/org/mockito/internal/progress/MockingProgressImpl.java
1047	org.mockito.internal.progress.MockingProgressImpl	maybeVerifyLazily(org.mockito.verification.VerificationMode)	111	1	[false]	false	public	true	file:///private/tmp/projects/mockito/src/main/java/org/mockito/internal/progress/MockingProgressImpl.java
1048	org.mockito.internal.progress.MockingProgressImpl	clearListeners()	112	0	[]	false	public	false	file:///private/tmp/projects/mockito/src/main/java/org/mockito/internal/progress/MockingProgressImpl.java
1049	org.mockito.internal.debugging.Localized	Localized(T)	0	1	[false]	false	public	false	file:///private/tmp/projects/mockito/src/main/java/org/mockito/internal/debugging/Localized.java
1050	org.mockito.internal.debugging.Localized	getObject()	0	0	[]	false	public	true	file:///private/tmp/projects/mockito/src/main/java/org/mockito/internal/debugging/Localized.java
1051	org.mockito.internal.debugging.Localized	getLocation()	0	0	[]	false	public	true	file:///private/tmp/projects/mockito/src/main/java/org/mockito/internal/debugging/Localized.java
1052	org.mockito.internal.util.ConsoleMockitoLogger	log(java.lang.Object)	283	1	[false]	false	public	false	file:///private/tmp/projects/mockito/src/main/java/org/mockito/internal/util/ConsoleMockitoLogger.java
1053	org.mockito.internal.util.io.IOUtil	writeText(java.lang.String,java.io.File)	0	2	[false, false]	false	public	false	file:///private/tmp/projects/mockito/src/main/java/org/mockito/internal/util/io/IOUtil.java
1054	org.mockito.internal.util.io.IOUtil	readLines(java.io.InputStream)	0	1	[false]	false	public	true	file:///private/tmp/projects/mockito/src/main/java/org/mockito/internal/util/io/IOUtil.java
1055	org.mockito.internal.util.io.IOUtil	closeQuietly(java.io.Closeable)	0	1	[true]	false	public	false	file:///private/tmp/projects/mockito/src/main/java/org/mockito/internal/util/io/IOUtil.java
1056	org.mockito.internal.util.io.IOUtil	close(java.io.Closeable)	0	1	[true]	false	public	false	file:///private/tmp/projects/mockito/src/main/java/org/mockito/internal/util/io/IOUtil.java
1057	org.mockito.internal.util.DefaultMockingDetails	DefaultMockingDetails(java.lang.Object)	0	1	[false]	false	public	false	file:///private/tmp/projects/mockito/src/main/java/org/mockito/internal/util/DefaultMockingDetails.java
1058	org.mockito.internal.util.DefaultMockingDetails	isMock()	846	0	[]	false	public	false	file:///private/tmp/projects/mockito/src/main/java/org/mockito/internal/util/DefaultMockingDetails.java
1059	org.mockito.internal.util.DefaultMockingDetails	isSpy()	847	0	[]	false	public	false	file:///private/tmp/projects/mockito/src/main/java/org/mockito/internal/util/DefaultMockingDetails.java
1060	org.mockito.internal.util.DefaultMockingDetails	getInvocations()	848	0	[]	false	public	true	file:///private/tmp/projects/mockito/src/main/java/org/mockito/internal/util/DefaultMockingDetails.java
1061	org.mockito.internal.util.DefaultMockingDetails	getInvocationContainer()	0	0	[]	false	private	true	file:///private/tmp/projects/mockito/src/main/java/org/mockito/internal/util/DefaultMockingDetails.java
1062	org.mockito.internal.util.DefaultMockingDetails	getMockCreationSettings()	849	0	[]	false	public	true	file:///private/tmp/projects/mockito/src/main/java/org/mockito/internal/util/DefaultMockingDetails.java
1063	org.mockito.internal.util.DefaultMockingDetails	getStubbings()	850	0	[]	false	public	true	file:///private/tmp/projects/mockito/src/main/java/org/mockito/internal/util/DefaultMockingDetails.java
1064	org.mockito.internal.util.DefaultMockingDetails	printInvocations()	851	0	[]	false	public	true	file:///private/tmp/projects/mockito/src/main/java/org/mockito/internal/util/DefaultMockingDetails.java
1065	org.mockito.internal.util.DefaultMockingDetails	getMockHandler()	852	0	[]	false	public	true	file:///private/tmp/projects/mockito/src/main/java/org/mockito/internal/util/DefaultMockingDetails.java
1066	org.mockito.internal.util.DefaultMockingDetails	getMock()	853	0	[]	false	public	true	file:///private/tmp/projects/mockito/src/main/java/org/mockito/internal/util/DefaultMockingDetails.java
1067	org.mockito.internal.util.DefaultMockingDetails	mockHandler()	0	0	[]	false	private	true	file:///private/tmp/projects/mockito/src/main/java/org/mockito/internal/util/DefaultMockingDetails.java
1068	org.mockito.internal.util.DefaultMockingDetails	assertGoodMock()	0	0	[]	false	private	false	file:///private/tmp/projects/mockito/src/main/java/org/mockito/internal/util/DefaultMockingDetails.java
1069	org.mockito.internal.util.MockCreationValidator	validateType(java.lang.Class<?>)	0	1	[false]	false	public	false	file:///private/tmp/projects/mockito/src/main/java/org/mockito/internal/util/MockCreationValidator.java
1070	org.mockito.internal.util.MockCreationValidator	validateExtraInterfaces(java.lang.Class<?>,java.util.Collection<java.lang.Class<?>>)	0	2	[false, false]	false	public	false	file:///private/tmp/projects/mockito/src/main/java/org/mockito/internal/util/MockCreationValidator.java
1071	org.mockito.internal.util.MockCreationValidator	validateMockedType(java.lang.Class<?>,java.lang.Object)	0	2	[false, true]	false	public	false	file:///private/tmp/projects/mockito/src/main/java/org/mockito/internal/util/MockCreationValidator.java
1072	org.mockito.internal.util.MockCreationValidator	validateDelegatedInstance(java.lang.Class<?>,java.lang.Object)	0	2	[false, false]	false	public	false	file:///private/tmp/projects/mockito/src/main/java/org/mockito/internal/util/MockCreationValidator.java
1073	org.mockito.internal.util.MockCreationValidator	validateConstructorUse(boolean,org.mockito.mock.SerializableMode)	0	2	[false, false]	false	public	false	file:///private/tmp/projects/mockito/src/main/java/org/mockito/internal/util/MockCreationValidator.java
1074	org.mockito.internal.util.ObjectMethodsGuru	ObjectMethodsGuru()	0	0	[]	false	private	false	file:///private/tmp/projects/mockito/src/main/java/org/mockito/internal/util/ObjectMethodsGuru.java
1075	org.mockito.internal.util.ObjectMethodsGuru	isToStringMethod(java.lang.reflect.Method)	0	1	[false]	false	public	false	file:///private/tmp/projects/mockito/src/main/java/org/mockito/internal/util/ObjectMethodsGuru.java
1076	org.mockito.internal.util.ObjectMethodsGuru	isCompareToMethod(java.lang.reflect.Method)	0	1	[false]	false	public	false	file:///private/tmp/projects/mockito/src/main/java/org/mockito/internal/util/ObjectMethodsGuru.java
1077	org.mockito.internal.util.Timer	Timer(long)	0	1	[false]	false	public	false	file:///private/tmp/projects/mockito/src/main/java/org/mockito/internal/util/Timer.java
1078	org.mockito.internal.util.Timer	isCounting()	0	0	[]	false	public	false	file:///private/tmp/projects/mockito/src/main/java/org/mockito/internal/util/Timer.java
1079	org.mockito.internal.util.Timer	start()	0	0	[]	false	public	false	file:///private/tmp/projects/mockito/src/main/java/org/mockito/internal/util/Timer.java
1080	org.mockito.internal.util.Timer	validateInput(long)	0	1	[false]	false	private	false	file:///private/tmp/projects/mockito/src/main/java/org/mockito/internal/util/Timer.java
1081	org.mockito.internal.util.Timer	duration()	0	0	[]	false	public	false	file:///private/tmp/projects/mockito/src/main/java/org/mockito/internal/util/Timer.java
1082	org.mockito.internal.util.Platform	Platform()	0	0	[]	false	private	false	file:///private/tmp/projects/mockito/src/main/java/org/mockito/internal/util/Platform.java
1083	org.mockito.internal.util.Platform	isAndroid()	0	0	[]	false	public	false	file:///private/tmp/projects/mockito/src/main/java/org/mockito/internal/util/Platform.java
1084	org.mockito.internal.util.Platform	isAndroidMockMakerRequired()	0	0	[]	false	public	false	file:///private/tmp/projects/mockito/src/main/java/org/mockito/internal/util/Platform.java
1085	org.mockito.internal.util.Platform	describe()	0	0	[]	false	public	true	file:///private/tmp/projects/mockito/src/main/java/org/mockito/internal/util/Platform.java
1086	org.mockito.internal.util.Platform	isJava8BelowUpdate45()	0	0	[]	false	public	false	file:///private/tmp/projects/mockito/src/main/java/org/mockito/internal/util/Platform.java
1087	org.mockito.internal.util.Platform	isJava8BelowUpdate45(java.lang.String)	0	1	[false]	false	package	false	file:///private/tmp/projects/mockito/src/main/java/org/mockito/internal/util/Platform.java
1088	org.mockito.internal.util.Platform	warnForVM(java.lang.String,java.lang.String,java.lang.String,java.lang.String)	0	4	[false, false, false, false]	false	public	true	file:///private/tmp/projects/mockito/src/main/java/org/mockito/internal/util/Platform.java
1089	org.mockito.internal.util.Platform	warnForVM(java.lang.String,java.lang.String,java.lang.String,java.lang.String,java.lang.String)	0	5	[false, false, false, false, false]	false	package	true	file:///private/tmp/projects/mockito/src/main/java/org/mockito/internal/util/Platform.java
1090	org.mockito.internal.util.JavaEightUtil	JavaEightUtil()	0	0	[]	false	private	false	file:///private/tmp/projects/mockito/src/main/java/org/mockito/internal/util/JavaEightUtil.java
1091	org.mockito.internal.util.JavaEightUtil	emptyOptional()	0	0	[]	false	public	true	file:///private/tmp/projects/mockito/src/main/java/org/mockito/internal/util/JavaEightUtil.java
1092	org.mockito.internal.util.JavaEightUtil	emptyOptionalDouble()	0	0	[]	false	public	true	file:///private/tmp/projects/mockito/src/main/java/org/mockito/internal/util/JavaEightUtil.java
1093	org.mockito.internal.util.JavaEightUtil	emptyOptionalInt()	0	0	[]	false	public	true	file:///private/tmp/projects/mockito/src/main/java/org/mockito/internal/util/JavaEightUtil.java
1094	org.mockito.internal.util.JavaEightUtil	emptyOptionalLong()	0	0	[]	false	public	true	file:///private/tmp/projects/mockito/src/main/java/org/mockito/internal/util/JavaEightUtil.java
1095	org.mockito.internal.util.JavaEightUtil	emptyStream()	0	0	[]	false	public	true	file:///private/tmp/projects/mockito/src/main/java/org/mockito/internal/util/JavaEightUtil.java
1096	org.mockito.internal.util.JavaEightUtil	emptyDoubleStream()	0	0	[]	false	public	true	file:///private/tmp/projects/mockito/src/main/java/org/mockito/internal/util/JavaEightUtil.java
1097	org.mockito.internal.util.JavaEightUtil	emptyIntStream()	0	0	[]	false	public	true	file:///private/tmp/projects/mockito/src/main/java/org/mockito/internal/util/JavaEightUtil.java
1098	org.mockito.internal.util.JavaEightUtil	emptyLongStream()	0	0	[]	false	public	true	file:///private/tmp/projects/mockito/src/main/java/org/mockito/internal/util/JavaEightUtil.java
1099	org.mockito.internal.util.JavaEightUtil	emptyDuration()	0	0	[]	false	public	true	file:///private/tmp/projects/mockito/src/main/java/org/mockito/internal/util/JavaEightUtil.java
1100	org.mockito.internal.util.JavaEightUtil	emptyPeriod()	0	0	[]	false	public	true	file:///private/tmp/projects/mockito/src/main/java/org/mockito/internal/util/JavaEightUtil.java
1101	org.mockito.internal.util.JavaEightUtil	invokeNullaryFactoryMethod(java.lang.String,java.lang.String)	0	2	[false, false]	false	private	true	file:///private/tmp/projects/mockito/src/main/java/org/mockito/internal/util/JavaEightUtil.java
1102	org.mockito.internal.util.JavaEightUtil	getStaticFieldValue(java.lang.String,java.lang.String)	0	2	[false, false]	false	private	true	file:///private/tmp/projects/mockito/src/main/java/org/mockito/internal/util/JavaEightUtil.java
1103	org.mockito.internal.util.JavaEightUtil	getClass(java.lang.String)	0	1	[false]	false	private	true	file:///private/tmp/projects/mockito/src/main/java/org/mockito/internal/util/JavaEightUtil.java
1104	org.mockito.internal.util.JavaEightUtil	getMethod(java.lang.String,java.lang.String,java.lang.Class<?>...)	0	3	[false, false, false]	false	private	true	file:///private/tmp/projects/mockito/src/main/java/org/mockito/internal/util/JavaEightUtil.java
1105	org.mockito.internal.util.concurrent.WeakConcurrentSet	WeakConcurrentSet(org.mockito.internal.util.concurrent.WeakConcurrentSet.Cleaner)	0	1	[false]	false	public	false	file:///private/tmp/projects/mockito/src/main/java/org/mockito/internal/util/concurrent/WeakConcurrentSet.java
1106	org.mockito.internal.util.concurrent.WeakConcurrentSet	add(V)	0	1	[false]	false	public	false	file:///private/tmp/projects/mockito/src/main/java/org/mockito/internal/util/concurrent/WeakConcurrentSet.java
1107	org.mockito.internal.util.concurrent.WeakConcurrentSet	contains(V)	0	1	[false]	false	public	false	file:///private/tmp/projects/mockito/src/main/java/org/mockito/internal/util/concurrent/WeakConcurrentSet.java
1108	org.mockito.internal.util.concurrent.WeakConcurrentSet	remove(V)	0	1	[false]	false	public	false	file:///private/tmp/projects/mockito/src/main/java/org/mockito/internal/util/concurrent/WeakConcurrentSet.java
1109	org.mockito.internal.util.concurrent.WeakConcurrentSet	clear()	0	0	[]	false	public	false	file:///private/tmp/projects/mockito/src/main/java/org/mockito/internal/util/concurrent/WeakConcurrentSet.java
1110	org.mockito.internal.util.concurrent.WeakConcurrentSet	approximateSize()	0	0	[]	false	public	false	file:///private/tmp/projects/mockito/src/main/java/org/mockito/internal/util/concurrent/WeakConcurrentSet.java
1111	org.mockito.internal.util.concurrent.WeakConcurrentSet	run()	1112	0	[]	false	public	false	file:///private/tmp/projects/mockito/src/main/java/org/mockito/internal/util/concurrent/WeakConcurrentSet.java
1113	org.mockito.internal.util.concurrent.WeakConcurrentSet	expungeStaleEntries()	0	0	[]	false	public	false	file:///private/tmp/projects/mockito/src/main/java/org/mockito/internal/util/concurrent/WeakConcurrentSet.java
1114	org.mockito.internal.util.concurrent.WeakConcurrentSet	getCleanerThread()	0	0	[]	true	public	true	file:///private/tmp/projects/mockito/src/main/java/org/mockito/internal/util/concurrent/WeakConcurrentSet.java
1115	org.mockito.internal.util.concurrent.WeakConcurrentSet	iterator()	1116	0	[]	false	public	true	file:///private/tmp/projects/mockito/src/main/java/org/mockito/internal/util/concurrent/WeakConcurrentSet.java
1117	org.mockito.internal.util.concurrent.WeakConcurrentSet$ReducingIterator	ReducingIterator(java.util.Iterator<java.util.Map.Entry<V,java.lang.Boolean>>)	0	1	[false]	false	private	false	file:///private/tmp/projects/mockito/src/main/java/org/mockito/internal/util/concurrent/WeakConcurrentSet.java
1118	org.mockito.internal.util.concurrent.WeakConcurrentSet$ReducingIterator	remove()	1119	0	[]	false	public	false	file:///private/tmp/projects/mockito/src/main/java/org/mockito/internal/util/concurrent/WeakConcurrentSet.java
1120	org.mockito.internal.util.concurrent.WeakConcurrentSet$ReducingIterator	next()	1121	0	[]	false	public	true	file:///private/tmp/projects/mockito/src/main/java/org/mockito/internal/util/concurrent/WeakConcurrentSet.java
1122	org.mockito.internal.util.concurrent.WeakConcurrentSet$ReducingIterator	hasNext()	1123	0	[]	false	public	false	file:///private/tmp/projects/mockito/src/main/java/org/mockito/internal/util/concurrent/WeakConcurrentSet.java
1124	org.mockito.internal.util.concurrent.WeakConcurrentMap	WeakConcurrentMap(boolean)	0	1	[false]	false	public	false	file:///private/tmp/projects/mockito/src/main/java/org/mockito/internal/util/concurrent/WeakConcurrentMap.java
1125	org.mockito.internal.util.concurrent.WeakConcurrentMap	get(K)	0	1	[false]	true	public	true	file:///private/tmp/projects/mockito/src/main/java/org/mockito/internal/util/concurrent/WeakConcurrentMap.java
1126	org.mockito.internal.util.concurrent.WeakConcurrentMap	containsKey(K)	0	1	[false]	false	public	false	file:///private/tmp/projects/mockito/src/main/java/org/mockito/internal/util/concurrent/WeakConcurrentMap.java
1127	org.mockito.internal.util.concurrent.WeakConcurrentMap	put(K,V)	0	2	[false, false]	false	public	true	file:///private/tmp/projects/mockito/src/main/java/org/mockito/internal/util/concurrent/WeakConcurrentMap.java
1128	org.mockito.internal.util.concurrent.WeakConcurrentMap	remove(K)	0	1	[false]	false	public	true	file:///private/tmp/projects/mockito/src/main/java/org/mockito/internal/util/concurrent/WeakConcurrentMap.java
1129	org.mockito.internal.util.concurrent.WeakConcurrentMap	clear()	0	0	[]	false	public	false	file:///private/tmp/projects/mockito/src/main/java/org/mockito/internal/util/concurrent/WeakConcurrentMap.java
1130	org.mockito.internal.util.concurrent.WeakConcurrentMap	defaultValue(K)	0	1	[false]	true	protected	true	file:///private/tmp/projects/mockito/src/main/java/org/mockito/internal/util/concurrent/WeakConcurrentMap.java
1131	org.mockito.internal.util.concurrent.WeakConcurrentMap	getCleanerThread()	0	0	[]	true	public	true	file:///private/tmp/projects/mockito/src/main/java/org/mockito/internal/util/concurrent/WeakConcurrentMap.java
1132	org.mockito.internal.util.concurrent.WeakConcurrentMap	expungeStaleEntries()	0	0	[]	false	public	false	file:///private/tmp/projects/mockito/src/main/java/org/mockito/internal/util/concurrent/WeakConcurrentMap.java
1133	org.mockito.internal.util.concurrent.WeakConcurrentMap	approximateSize()	0	0	[]	false	public	false	file:///private/tmp/projects/mockito/src/main/java/org/mockito/internal/util/concurrent/WeakConcurrentMap.java
1134	org.mockito.internal.util.concurrent.WeakConcurrentMap	run()	1112	0	[]	false	public	false	file:///private/tmp/projects/mockito/src/main/java/org/mockito/internal/util/concurrent/WeakConcurrentMap.java
1135	org.mockito.internal.util.concurrent.WeakConcurrentMap	iterator()	1116	0	[]	false	public	true	file:///private/tmp/projects/mockito/src/main/java/org/mockito/internal/util/concurrent/WeakConcurrentMap.java
1136	org.mockito.internal.util.concurrent.WeakConcurrentMap$WeakKey	WeakKey(T,java.lang.ref.ReferenceQueue<? super T>)	0	2	[false, false]	false	package	false	file:///private/tmp/projects/mockito/src/main/java/org/mockito/internal/util/concurrent/WeakConcurrentMap.java
1137	org.mockito.internal.util.concurrent.WeakConcurrentMap$WeakKey	hashCode()	492	0	[]	false	public	false	file:///private/tmp/projects/mockito/src/main/java/org/mockito/internal/util/concurrent/WeakConcurrentMap.java
1138	org.mockito.internal.util.concurrent.WeakConcurrentMap$WeakKey	equals(java.lang.Object)	494	1	[false]	false	public	false	file:///private/tmp/projects/mockito/src/main/java/org/mockito/internal/util/concurrent/WeakConcurrentMap.java
1139	org.mockito.internal.util.concurrent.WeakConcurrentMap$LatentKey	LatentKey(T)	0	1	[false]	false	package	false	file:///private/tmp/projects/mockito/src/main/java/org/mockito/internal/util/concurrent/WeakConcurrentMap.java
1140	org.mockito.internal.util.concurrent.WeakConcurrentMap$LatentKey	equals(java.lang.Object)	494	1	[false]	false	public	false	file:///private/tmp/projects/mockito/src/main/java/org/mockito/internal/util/concurrent/WeakConcurrentMap.java
1141	org.mockito.internal.util.concurrent.WeakConcurrentMap$LatentKey	hashCode()	492	0	[]	false	public	false	file:///private/tmp/projects/mockito/src/main/java/org/mockito/internal/util/concurrent/WeakConcurrentMap.java
1142	org.mockito.internal.util.concurrent.WeakConcurrentMap$WithInlinedExpunction	WithInlinedExpunction()	0	0	[]	false	public	false	file:///private/tmp/projects/mockito/src/main/java/org/mockito/internal/util/concurrent/WeakConcurrentMap.java
1143	org.mockito.internal.util.concurrent.WeakConcurrentMap$WithInlinedExpunction	get(K)	1125	1	[false]	true	public	true	file:///private/tmp/projects/mockito/src/main/java/org/mockito/internal/util/concurrent/WeakConcurrentMap.java
1144	org.mockito.internal.util.concurrent.WeakConcurrentMap$WithInlinedExpunction	containsKey(K)	1126	1	[false]	false	public	false	file:///private/tmp/projects/mockito/src/main/java/org/mockito/internal/util/concurrent/WeakConcurrentMap.java
1145	org.mockito.internal.util.concurrent.WeakConcurrentMap$WithInlinedExpunction	put(K,V)	1127	2	[false, false]	false	public	true	file:///private/tmp/projects/mockito/src/main/java/org/mockito/internal/util/concurrent/WeakConcurrentMap.java
1146	org.mockito.internal.util.concurrent.WeakConcurrentMap$WithInlinedExpunction	remove(K)	1128	1	[false]	false	public	true	file:///private/tmp/projects/mockito/src/main/java/org/mockito/internal/util/concurrent/WeakConcurrentMap.java
1147	org.mockito.internal.util.concurrent.WeakConcurrentMap$WithInlinedExpunction	iterator()	1135	0	[]	false	public	true	file:///private/tmp/projects/mockito/src/main/java/org/mockito/internal/util/concurrent/WeakConcurrentMap.java
1148	org.mockito.internal.util.concurrent.WeakConcurrentMap$WithInlinedExpunction	approximateSize()	1133	0	[]	false	public	false	file:///private/tmp/projects/mockito/src/main/java/org/mockito/internal/util/concurrent/WeakConcurrentMap.java
1149	org.mockito.internal.util.concurrent.WeakConcurrentMap$EntryIterator	EntryIterator(java.util.Iterator<java.util.Map.Entry<org.mockito.internal.util.concurrent.WeakConcurrentMap.WeakKey<K>,V>>)	0	1	[false]	false	private	false	file:///private/tmp/projects/mockito/src/main/java/org/mockito/internal/util/concurrent/WeakConcurrentMap.java
1150	org.mockito.internal.util.concurrent.WeakConcurrentMap$EntryIterator	findNext()	0	0	[]	false	private	false	file:///private/tmp/projects/mockito/src/main/java/org/mockito/internal/util/concurrent/WeakConcurrentMap.java
1151	org.mockito.internal.util.concurrent.WeakConcurrentMap$EntryIterator	hasNext()	1123	0	[]	false	public	false	file:///private/tmp/projects/mockito/src/main/java/org/mockito/internal/util/concurrent/WeakConcurrentMap.java
1152	org.mockito.internal.util.concurrent.WeakConcurrentMap$EntryIterator	next()	1121	0	[]	false	public	true	file:///private/tmp/projects/mockito/src/main/java/org/mockito/internal/util/concurrent/WeakConcurrentMap.java
1153	org.mockito.internal.util.concurrent.WeakConcurrentMap$EntryIterator	remove()	1119	0	[]	false	public	false	file:///private/tmp/projects/mockito/src/main/java/org/mockito/internal/util/concurrent/WeakConcurrentMap.java
1154	org.mockito.internal.util.concurrent.WeakConcurrentMap$SimpleEntry	SimpleEntry(K,java.util.Map.Entry<org.mockito.internal.util.concurrent.WeakConcurrentMap.WeakKey<K>,V>)	0	2	[false, true]	false	private	false	file:///private/tmp/projects/mockito/src/main/java/org/mockito/internal/util/concurrent/WeakConcurrentMap.java
1155	org.mockito.internal.util.concurrent.WeakConcurrentMap$SimpleEntry	getKey()	1156	0	[]	false	public	true	file:///private/tmp/projects/mockito/src/main/java/org/mockito/internal/util/concurrent/WeakConcurrentMap.java
1157	org.mockito.internal.util.concurrent.WeakConcurrentMap$SimpleEntry	getValue()	1158	0	[]	false	public	true	file:///private/tmp/projects/mockito/src/main/java/org/mockito/internal/util/concurrent/WeakConcurrentMap.java
1159	org.mockito.internal.util.concurrent.WeakConcurrentMap$SimpleEntry	setValue(V)	1160	1	[false]	false	public	true	file:///private/tmp/projects/mockito/src/main/java/org/mockito/internal/util/concurrent/WeakConcurrentMap.java
1161	org.mockito.internal.util.concurrent.DetachedThreadLocal	DetachedThreadLocal(org.mockito.internal.util.concurrent.DetachedThreadLocal.Cleaner)	0	1	[false]	false	public	false	file:///private/tmp/projects/mockito/src/main/java/org/mockito/internal/util/concurrent/DetachedThreadLocal.java
1162	org.mockito.internal.util.concurrent.DetachedThreadLocal$1	defaultValue(java.lang.Thread)	1130	1	[false]	true	protected	true	file:///private/tmp/projects/mockito/src/main/java/org/mockito/internal/util/concurrent/DetachedThreadLocal.java
1163	org.mockito.internal.util.concurrent.DetachedThreadLocal$2	defaultValue(java.lang.Thread)	1130	1	[false]	true	protected	true	file:///private/tmp/projects/mockito/src/main/java/org/mockito/internal/util/concurrent/DetachedThreadLocal.java
1164	org.mockito.internal.util.concurrent.DetachedThreadLocal	get()	0	0	[]	true	public	true	file:///private/tmp/projects/mockito/src/main/java/org/mockito/internal/util/concurrent/DetachedThreadLocal.java
1165	org.mockito.internal.util.concurrent.DetachedThreadLocal	set(T)	0	1	[false]	false	public	false	file:///private/tmp/projects/mockito/src/main/java/org/mockito/internal/util/concurrent/DetachedThreadLocal.java
1166	org.mockito.internal.util.concurrent.DetachedThreadLocal	clear()	0	0	[]	false	public	false	file:///private/tmp/projects/mockito/src/main/java/org/mockito/internal/util/concurrent/DetachedThreadLocal.java
1167	org.mockito.internal.util.concurrent.DetachedThreadLocal	clearAll()	0	0	[]	false	public	false	file:///private/tmp/projects/mockito/src/main/java/org/mockito/internal/util/concurrent/DetachedThreadLocal.java
1168	org.mockito.internal.util.concurrent.DetachedThreadLocal	pushTo(java.lang.Thread)	0	1	[false]	true	public	true	file:///private/tmp/projects/mockito/src/main/java/org/mockito/internal/util/concurrent/DetachedThreadLocal.java
1169	org.mockito.internal.util.concurrent.DetachedThreadLocal	fetchFrom(java.lang.Thread)	0	1	[false]	true	public	true	file:///private/tmp/projects/mockito/src/main/java/org/mockito/internal/util/concurrent/DetachedThreadLocal.java
1170	org.mockito.internal.util.concurrent.DetachedThreadLocal	get(java.lang.Thread)	0	1	[false]	true	public	true	file:///private/tmp/projects/mockito/src/main/java/org/mockito/internal/util/concurrent/DetachedThreadLocal.java
1171	org.mockito.internal.util.concurrent.DetachedThreadLocal	define(java.lang.Thread,T)	0	2	[false, false]	false	public	false	file:///private/tmp/projects/mockito/src/main/java/org/mockito/internal/util/concurrent/DetachedThreadLocal.java
1172	org.mockito.internal.util.concurrent.DetachedThreadLocal	initialValue(java.lang.Thread)	0	1	[false]	true	protected	true	file:///private/tmp/projects/mockito/src/main/java/org/mockito/internal/util/concurrent/DetachedThreadLocal.java
1173	org.mockito.internal.util.concurrent.DetachedThreadLocal	inheritValue(T)	0	1	[false]	false	protected	true	file:///private/tmp/projects/mockito/src/main/java/org/mockito/internal/util/concurrent/DetachedThreadLocal.java
1174	org.mockito.internal.util.concurrent.DetachedThreadLocal	getBackingMap()	0	0	[]	false	public	true	file:///private/tmp/projects/mockito/src/main/java/org/mockito/internal/util/concurrent/DetachedThreadLocal.java
1175	org.mockito.internal.util.concurrent.DetachedThreadLocal	run()	1112	0	[]	false	public	false	file:///private/tmp/projects/mockito/src/main/java/org/mockito/internal/util/concurrent/DetachedThreadLocal.java
1176	org.mockito.internal.util.collections.IdentitySet	contains(java.lang.Object)	0	1	[false]	false	public	false	file:///private/tmp/projects/mockito/src/main/java/org/mockito/internal/util/collections/IdentitySet.java
1177	org.mockito.internal.util.collections.IdentitySet	add(java.lang.Object)	0	1	[false]	false	public	false	file:///private/tmp/projects/mockito/src/main/java/org/mockito/internal/util/collections/IdentitySet.java
1178	org.mockito.internal.util.collections.Iterables	<T>toIterable(java.util.Enumeration<T>)	0	1	[false]	false	public	true	file:///private/tmp/projects/mockito/src/main/java/org/mockito/internal/util/collections/Iterables.java
1179	org.mockito.internal.util.collections.Iterables	<T>firstOf(java.lang.Iterable<T>)	0	1	[false]	false	public	true	file:///private/tmp/projects/mockito/src/main/java/org/mockito/internal/util/collections/Iterables.java
1180	org.mockito.internal.util.collections.HashCodeAndEqualsMockWrapper	HashCodeAndEqualsMockWrapper(java.lang.Object)	0	1	[false]	false	public	false	file:///private/tmp/projects/mockito/src/main/java/org/mockito/internal/util/collections/HashCodeAndEqualsMockWrapper.java
1181	org.mockito.internal.util.collections.HashCodeAndEqualsMockWrapper	get()	0	0	[]	false	public	true	file:///private/tmp/projects/mockito/src/main/java/org/mockito/internal/util/collections/HashCodeAndEqualsMockWrapper.java
1182	org.mockito.internal.util.collections.HashCodeAndEqualsMockWrapper	equals(java.lang.Object)	494	1	[false]	false	public	false	file:///private/tmp/projects/mockito/src/main/java/org/mockito/internal/util/collections/HashCodeAndEqualsMockWrapper.java
1183	org.mockito.internal.util.collections.HashCodeAndEqualsMockWrapper	hashCode()	492	0	[]	false	public	false	file:///private/tmp/projects/mockito/src/main/java/org/mockito/internal/util/collections/HashCodeAndEqualsMockWrapper.java
1184	org.mockito.internal.util.collections.HashCodeAndEqualsMockWrapper	of(java.lang.Object)	0	1	[false]	false	public	true	file:///private/tmp/projects/mockito/src/main/java/org/mockito/internal/util/collections/HashCodeAndEqualsMockWrapper.java
1185	org.mockito.internal.util.collections.HashCodeAndEqualsMockWrapper	toString()	2	0	[]	false	public	true	file:///private/tmp/projects/mockito/src/main/java/org/mockito/internal/util/collections/HashCodeAndEqualsMockWrapper.java
1186	org.mockito.internal.util.collections.HashCodeAndEqualsMockWrapper	typeInstanceString()	0	0	[]	false	private	true	file:///private/tmp/projects/mockito/src/main/java/org/mockito/internal/util/collections/HashCodeAndEqualsMockWrapper.java
1187	org.mockito.internal.util.collections.HashCodeAndEqualsSafeSet	iterator()	1188	0	[]	false	public	true	file:///private/tmp/projects/mockito/src/main/java/org/mockito/internal/util/collections/HashCodeAndEqualsSafeSet.java
1189	org.mockito.internal.util.collections.HashCodeAndEqualsSafeSet$1	hasNext()	1123	0	[]	false	public	false	file:///private/tmp/projects/mockito/src/main/java/org/mockito/internal/util/collections/HashCodeAndEqualsSafeSet.java
1190	org.mockito.internal.util.collections.HashCodeAndEqualsSafeSet$1	next()	1121	0	[]	false	public	true	file:///private/tmp/projects/mockito/src/main/java/org/mockito/internal/util/collections/HashCodeAndEqualsSafeSet.java
1191	org.mockito.internal.util.collections.HashCodeAndEqualsSafeSet$1	remove()	1119	0	[]	false	public	false	file:///private/tmp/projects/mockito/src/main/java/org/mockito/internal/util/collections/HashCodeAndEqualsSafeSet.java
1192	org.mockito.internal.util.collections.HashCodeAndEqualsSafeSet	size()	1193	0	[]	false	public	false	file:///private/tmp/projects/mockito/src/main/java/org/mockito/internal/util/collections/HashCodeAndEqualsSafeSet.java
1194	org.mockito.internal.util.collections.HashCodeAndEqualsSafeSet	isEmpty()	1195	0	[]	false	public	false	file:///private/tmp/projects/mockito/src/main/java/org/mockito/internal/util/collections/HashCodeAndEqualsSafeSet.java
1196	org.mockito.internal.util.collections.HashCodeAndEqualsSafeSet	contains(java.lang.Object)	1197	1	[false]	false	public	false	file:///private/tmp/projects/mockito/src/main/java/org/mockito/internal/util/collections/HashCodeAndEqualsSafeSet.java
1198	org.mockito.internal.util.collections.HashCodeAndEqualsSafeSet	add(java.lang.Object)	1199	1	[false]	false	public	false	file:///private/tmp/projects/mockito/src/main/java/org/mockito/internal/util/collections/HashCodeAndEqualsSafeSet.java
1200	org.mockito.internal.util.collections.HashCodeAndEqualsSafeSet	remove(java.lang.Object)	1201	1	[false]	false	public	false	file:///private/tmp/projects/mockito/src/main/java/org/mockito/internal/util/collections/HashCodeAndEqualsSafeSet.java
1202	org.mockito.internal.util.collections.HashCodeAndEqualsSafeSet	clear()	1203	0	[]	false	public	false	file:///private/tmp/projects/mockito/src/main/java/org/mockito/internal/util/collections/HashCodeAndEqualsSafeSet.java
1204	org.mockito.internal.util.collections.HashCodeAndEqualsSafeSet	clone()	1205	0	[]	false	public	true	file:///private/tmp/projects/mockito/src/main/java/org/mockito/internal/util/collections/HashCodeAndEqualsSafeSet.java
1206	org.mockito.internal.util.collections.HashCodeAndEqualsSafeSet	equals(java.lang.Object)	1207	1	[false]	false	public	false	file:///private/tmp/projects/mockito/src/main/java/org/mockito/internal/util/collections/HashCodeAndEqualsSafeSet.java
1208	org.mockito.internal.util.collections.HashCodeAndEqualsSafeSet	hashCode()	1209	0	[]	false	public	false	file:///private/tmp/projects/mockito/src/main/java/org/mockito/internal/util/collections/HashCodeAndEqualsSafeSet.java
1210	org.mockito.internal.util.collections.HashCodeAndEqualsSafeSet	toArray()	1211	0	[]	false	public	true	file:///private/tmp/projects/mockito/src/main/java/org/mockito/internal/util/collections/HashCodeAndEqualsSafeSet.java
1212	org.mockito.internal.util.collections.HashCodeAndEqualsSafeSet	<T>unwrapTo(T[])	0	1	[false]	false	private	true	file:///private/tmp/projects/mockito/src/main/java/org/mockito/internal/util/collections/HashCodeAndEqualsSafeSet.java
1213	org.mockito.internal.util.collections.HashCodeAndEqualsSafeSet	<T>toArray(T[])	1214	1	[false]	false	public	true	file:///private/tmp/projects/mockito/src/main/java/org/mockito/internal/util/collections/HashCodeAndEqualsSafeSet.java
1215	org.mockito.internal.util.collections.HashCodeAndEqualsSafeSet	removeAll(java.util.Collection<?>)	1216	1	[false]	false	public	false	file:///private/tmp/projects/mockito/src/main/java/org/mockito/internal/util/collections/HashCodeAndEqualsSafeSet.java
1217	org.mockito.internal.util.collections.HashCodeAndEqualsSafeSet	containsAll(java.util.Collection<?>)	1218	1	[false]	false	public	false	file:///private/tmp/projects/mockito/src/main/java/org/mockito/internal/util/collections/HashCodeAndEqualsSafeSet.java
1219	org.mockito.internal.util.collections.HashCodeAndEqualsSafeSet	addAll(java.util.Collection<?>)	1220	1	[false]	false	public	false	file:///private/tmp/projects/mockito/src/main/java/org/mockito/internal/util/collections/HashCodeAndEqualsSafeSet.java
1221	org.mockito.internal.util.collections.HashCodeAndEqualsSafeSet	retainAll(java.util.Collection<?>)	1222	1	[false]	false	public	false	file:///private/tmp/projects/mockito/src/main/java/org/mockito/internal/util/collections/HashCodeAndEqualsSafeSet.java
1223	org.mockito.internal.util.collections.HashCodeAndEqualsSafeSet	asWrappedMocks(java.util.Collection<?>)	0	1	[false]	false	private	true	file:///private/tmp/projects/mockito/src/main/java/org/mockito/internal/util/collections/HashCodeAndEqualsSafeSet.java
1224	org.mockito.internal.util.collections.HashCodeAndEqualsSafeSet	toString()	2	0	[]	false	public	true	file:///private/tmp/projects/mockito/src/main/java/org/mockito/internal/util/collections/HashCodeAndEqualsSafeSet.java
1225	org.mockito.internal.util.collections.HashCodeAndEqualsSafeSet	of(java.lang.Object...)	0	1	[false]	false	public	true	file:///private/tmp/projects/mockito/src/main/java/org/mockito/internal/util/collections/HashCodeAndEqualsSafeSet.java
1226	org.mockito.internal.util.collections.HashCodeAndEqualsSafeSet	of(java.lang.Iterable<java.lang.Object>)	0	1	[false]	false	public	true	file:///private/tmp/projects/mockito/src/main/java/org/mockito/internal/util/collections/HashCodeAndEqualsSafeSet.java
1227	org.mockito.internal.util.reflection.ModuleMemberAccessor	ModuleMemberAccessor()	0	0	[]	false	public	false	file:///private/tmp/projects/mockito/src/main/java/org/mockito/internal/util/reflection/ModuleMemberAccessor.java
1228	org.mockito.internal.util.reflection.ModuleMemberAccessor	newInstance(java.lang.reflect.Constructor<?>,java.lang.Object...)	279	2	[false, false]	false	public	true	file:///private/tmp/projects/mockito/src/main/java/org/mockito/internal/util/reflection/ModuleMemberAccessor.java
1229	org.mockito.internal.util.reflection.ModuleMemberAccessor	invoke(java.lang.reflect.Method,java.lang.Object,java.lang.Object...)	280	3	[false, true, false]	false	public	true	file:///private/tmp/projects/mockito/src/main/java/org/mockito/internal/util/reflection/ModuleMemberAccessor.java
1230	org.mockito.internal.util.reflection.ModuleMemberAccessor	get(java.lang.reflect.Field,java.lang.Object)	281	2	[false, false]	false	public	true	file:///private/tmp/projects/mockito/src/main/java/org/mockito/internal/util/reflection/ModuleMemberAccessor.java
1231	org.mockito.internal.util.reflection.ModuleMemberAccessor	set(java.lang.reflect.Field,java.lang.Object,java.lang.Object)	282	3	[false, false, false]	false	public	false	file:///private/tmp/projects/mockito/src/main/java/org/mockito/internal/util/reflection/ModuleMemberAccessor.java
1232	org.mockito.internal.util.reflection.GenericMetadataSupport	registerAllTypeVariables(java.lang.reflect.Type)	0	1	[false]	false	protected	false	file:///private/tmp/projects/mockito/src/main/java/org/mockito/internal/util/reflection/GenericMetadataSupport.java
1233	org.mockito.internal.util.reflection.GenericMetadataSupport	extractRawTypeOf(java.lang.reflect.Type)	0	1	[true]	false	protected	true	file:///private/tmp/projects/mockito/src/main/java/org/mockito/internal/util/reflection/GenericMetadataSupport.java
1234	org.mockito.internal.util.reflection.GenericMetadataSupport	registerTypeVariablesOn(java.lang.reflect.Type)	0	1	[true]	false	protected	false	file:///private/tmp/projects/mockito/src/main/java/org/mockito/internal/util/reflection/GenericMetadataSupport.java
1235	org.mockito.internal.util.reflection.GenericMetadataSupport	registerTypeParametersOn(java.lang.reflect.TypeVariable<?>[])	0	1	[false]	false	protected	false	file:///private/tmp/projects/mockito/src/main/java/org/mockito/internal/util/reflection/GenericMetadataSupport.java
1236	org.mockito.internal.util.reflection.GenericMetadataSupport	registerTypeVariableIfNotPresent(java.lang.reflect.TypeVariable<?>)	0	1	[false]	false	private	false	file:///private/tmp/projects/mockito/src/main/java/org/mockito/internal/util/reflection/GenericMetadataSupport.java
1237	org.mockito.internal.util.reflection.GenericMetadataSupport	boundsOf(java.lang.reflect.TypeVariable<?>)	0	1	[false]	false	private	true	file:///private/tmp/projects/mockito/src/main/java/org/mockito/internal/util/reflection/GenericMetadataSupport.java
1238	org.mockito.internal.util.reflection.GenericMetadataSupport	boundsOf(java.lang.reflect.WildcardType)	0	1	[false]	false	private	true	file:///private/tmp/projects/mockito/src/main/java/org/mockito/internal/util/reflection/GenericMetadataSupport.java
1239	org.mockito.internal.util.reflection.GenericMetadataSupport	rawType()	0	0	[]	false	public	true	file:///private/tmp/projects/mockito/src/main/java/org/mockito/internal/util/reflection/GenericMetadataSupport.java
1240	org.mockito.internal.util.reflection.GenericMetadataSupport	extraInterfaces()	0	0	[]	false	public	true	file:///private/tmp/projects/mockito/src/main/java/org/mockito/internal/util/reflection/GenericMetadataSupport.java
1241	org.mockito.internal.util.reflection.GenericMetadataSupport	rawExtraInterfaces()	0	0	[]	false	public	true	file:///private/tmp/projects/mockito/src/main/java/org/mockito/internal/util/reflection/GenericMetadataSupport.java
1242	org.mockito.internal.util.reflection.GenericMetadataSupport	hasRawExtraInterfaces()	0	0	[]	false	public	false	file:///private/tmp/projects/mockito/src/main/java/org/mockito/internal/util/reflection/GenericMetadataSupport.java
1243	org.mockito.internal.util.reflection.GenericMetadataSupport	actualTypeArguments()	0	0	[]	false	public	true	file:///private/tmp/projects/mockito/src/main/java/org/mockito/internal/util/reflection/GenericMetadataSupport.java
1244	org.mockito.internal.util.reflection.GenericMetadataSupport	getActualTypeArgumentFor(java.lang.reflect.TypeVariable<?>)	0	1	[false]	true	protected	true	file:///private/tmp/projects/mockito/src/main/java/org/mockito/internal/util/reflection/GenericMetadataSupport.java
1245	org.mockito.internal.util.reflection.GenericMetadataSupport	resolveGenericReturnType(java.lang.reflect.Method)	0	1	[false]	false	public	true	file:///private/tmp/projects/mockito/src/main/java/org/mockito/internal/util/reflection/GenericMetadataSupport.java
1246	org.mockito.internal.util.reflection.GenericMetadataSupport	resolveGenericType(java.lang.reflect.Type,java.lang.reflect.Method)	0	2	[false, false]	false	private	true	file:///private/tmp/projects/mockito/src/main/java/org/mockito/internal/util/reflection/GenericMetadataSupport.java
1247	org.mockito.internal.util.reflection.GenericMetadataSupport	inferFrom(java.lang.reflect.Type)	0	1	[false]	false	public	true	file:///private/tmp/projects/mockito/src/main/java/org/mockito/internal/util/reflection/GenericMetadataSupport.java
1248	org.mockito.internal.util.reflection.GenericMetadataSupport$FromClassGenericMetadataSupport	FromClassGenericMetadataSupport(java.lang.Class<?>)	0	1	[false]	false	public	false	file:///private/tmp/projects/mockito/src/main/java/org/mockito/internal/util/reflection/GenericMetadataSupport.java
1249	org.mockito.internal.util.reflection.GenericMetadataSupport$FromClassGenericMetadataSupport	rawType()	1239	0	[]	false	public	true	file:///private/tmp/projects/mockito/src/main/java/org/mockito/internal/util/reflection/GenericMetadataSupport.java
1250	org.mockito.internal.util.reflection.GenericMetadataSupport$FromParameterizedTypeGenericMetadataSupport	FromParameterizedTypeGenericMetadataSupport(java.lang.reflect.ParameterizedType)	0	1	[false]	false	public	false	file:///private/tmp/projects/mockito/src/main/java/org/mockito/internal/util/reflection/GenericMetadataSupport.java
1251	org.mockito.internal.util.reflection.GenericMetadataSupport$FromParameterizedTypeGenericMetadataSupport	readActualTypeParameters()	0	0	[]	false	private	false	file:///private/tmp/projects/mockito/src/main/java/org/mockito/internal/util/reflection/GenericMetadataSupport.java
1252	org.mockito.internal.util.reflection.GenericMetadataSupport$FromParameterizedTypeGenericMetadataSupport	rawType()	1239	0	[]	false	public	true	file:///private/tmp/projects/mockito/src/main/java/org/mockito/internal/util/reflection/GenericMetadataSupport.java
1253	org.mockito.internal.util.reflection.GenericMetadataSupport$ParameterizedReturnType	ParameterizedReturnType(org.mockito.internal.util.reflection.GenericMetadataSupport,java.lang.reflect.TypeVariable<?>[],java.lang.reflect.ParameterizedType)	0	3	[false, false, false]	false	public	false	file:///private/tmp/projects/mockito/src/main/java/org/mockito/internal/util/reflection/GenericMetadataSupport.java
1254	org.mockito.internal.util.reflection.GenericMetadataSupport$ParameterizedReturnType	readTypeParameters()	0	0	[]	false	private	false	file:///private/tmp/projects/mockito/src/main/java/org/mockito/internal/util/reflection/GenericMetadataSupport.java
1255	org.mockito.internal.util.reflection.GenericMetadataSupport$ParameterizedReturnType	readTypeVariables()	0	0	[]	false	private	false	file:///private/tmp/projects/mockito/src/main/java/org/mockito/internal/util/reflection/GenericMetadataSupport.java
1256	org.mockito.internal.util.reflection.GenericMetadataSupport$ParameterizedReturnType	rawType()	1239	0	[]	false	public	true	file:///private/tmp/projects/mockito/src/main/java/org/mockito/internal/util/reflection/GenericMetadataSupport.java
1257	org.mockito.internal.util.reflection.GenericMetadataSupport$TypeVariableReturnType	TypeVariableReturnType(org.mockito.internal.util.reflection.GenericMetadataSupport,java.lang.reflect.TypeVariable<?>[],java.lang.reflect.TypeVariable<?>)	0	3	[false, false, false]	false	public	false	file:///private/tmp/projects/mockito/src/main/java/org/mockito/internal/util/reflection/GenericMetadataSupport.java
1258	org.mockito.internal.util.reflection.GenericMetadataSupport$TypeVariableReturnType	readTypeParameters()	0	0	[]	false	private	false	file:///private/tmp/projects/mockito/src/main/java/org/mockito/internal/util/reflection/GenericMetadataSupport.java
1259	org.mockito.internal.util.reflection.GenericMetadataSupport$TypeVariableReturnType	readTypeVariables()	0	0	[]	false	private	false	file:///private/tmp/projects/mockito/src/main/java/org/mockito/internal/util/reflection/GenericMetadataSupport.java
1260	org.mockito.internal.util.reflection.GenericMetadataSupport$TypeVariableReturnType	rawType()	1239	0	[]	false	public	true	file:///private/tmp/projects/mockito/src/main/java/org/mockito/internal/util/reflection/GenericMetadataSupport.java
1261	org.mockito.internal.util.reflection.GenericMetadataSupport$TypeVariableReturnType	extraInterfaces()	1240	0	[]	false	public	true	file:///private/tmp/projects/mockito/src/main/java/org/mockito/internal/util/reflection/GenericMetadataSupport.java
1262	org.mockito.internal.util.reflection.GenericMetadataSupport$TypeVariableReturnType	rawExtraInterfaces()	1241	0	[]	false	public	true	file:///private/tmp/projects/mockito/src/main/java/org/mockito/internal/util/reflection/GenericMetadataSupport.java
1263	org.mockito.internal.util.reflection.GenericMetadataSupport$TypeVariableReturnType	extractActualBoundedTypeOf(java.lang.reflect.Type)	0	1	[true]	true	private	true	file:///private/tmp/projects/mockito/src/main/java/org/mockito/internal/util/reflection/GenericMetadataSupport.java
1264	org.mockito.internal.util.reflection.GenericMetadataSupport$GenericArrayReturnType	GenericArrayReturnType(org.mockito.internal.util.reflection.GenericMetadataSupport,int)	0	2	[false, false]	false	public	false	file:///private/tmp/projects/mockito/src/main/java/org/mockito/internal/util/reflection/GenericMetadataSupport.java
1265	org.mockito.internal.util.reflection.GenericMetadataSupport$GenericArrayReturnType	rawType()	1239	0	[]	false	public	true	file:///private/tmp/projects/mockito/src/main/java/org/mockito/internal/util/reflection/GenericMetadataSupport.java
1266	org.mockito.internal.util.reflection.GenericMetadataSupport$NotGenericReturnTypeSupport	NotGenericReturnTypeSupport(org.mockito.internal.util.reflection.GenericMetadataSupport,java.lang.reflect.Type)	0	2	[false, false]	false	public	false	file:///private/tmp/projects/mockito/src/main/java/org/mockito/internal/util/reflection/GenericMetadataSupport.java
1267	org.mockito.internal.util.reflection.GenericMetadataSupport$NotGenericReturnTypeSupport	rawType()	1239	0	[]	false	public	true	file:///private/tmp/projects/mockito/src/main/java/org/mockito/internal/util/reflection/GenericMetadataSupport.java
1268	org.mockito.internal.util.reflection.GenericMetadataSupport$BoundedType	firstBound()	0	0	[]	false	public	true	file:///private/tmp/projects/mockito/src/main/java/org/mockito/internal/util/reflection/GenericMetadataSupport.java
1269	org.mockito.internal.util.reflection.GenericMetadataSupport$BoundedType	interfaceBounds()	0	0	[]	false	public	true	file:///private/tmp/projects/mockito/src/main/java/org/mockito/internal/util/reflection/GenericMetadataSupport.java
1270	org.mockito.internal.util.reflection.GenericMetadataSupport$TypeVarBoundedType	TypeVarBoundedType(java.lang.reflect.TypeVariable<?>)	0	1	[false]	false	public	false	file:///private/tmp/projects/mockito/src/main/java/org/mockito/internal/util/reflection/GenericMetadataSupport.java
1271	org.mockito.internal.util.reflection.GenericMetadataSupport$TypeVarBoundedType	firstBound()	1268	0	[]	false	public	true	file:///private/tmp/projects/mockito/src/main/java/org/mockito/internal/util/reflection/GenericMetadataSupport.java
1272	org.mockito.internal.util.reflection.GenericMetadataSupport$TypeVarBoundedType	interfaceBounds()	1269	0	[]	false	public	true	file:///private/tmp/projects/mockito/src/main/java/org/mockito/internal/util/reflection/GenericMetadataSupport.java
1273	org.mockito.internal.util.reflection.GenericMetadataSupport$TypeVarBoundedType	equals(java.lang.Object)	494	1	[false]	false	public	false	file:///private/tmp/projects/mockito/src/main/java/org/mockito/internal/util/reflection/GenericMetadataSupport.java
1274	org.mockito.internal.util.reflection.GenericMetadataSupport$TypeVarBoundedType	hashCode()	492	0	[]	false	public	false	file:///private/tmp/projects/mockito/src/main/java/org/mockito/internal/util/reflection/GenericMetadataSupport.java
1275	org.mockito.internal.util.reflection.GenericMetadataSupport$TypeVarBoundedType	toString()	2	0	[]	false	public	true	file:///private/tmp/projects/mockito/src/main/java/org/mockito/internal/util/reflection/GenericMetadataSupport.java
1276	org.mockito.internal.util.reflection.GenericMetadataSupport$TypeVarBoundedType	typeVariable()	0	0	[]	false	public	true	file:///private/tmp/projects/mockito/src/main/java/org/mockito/internal/util/reflection/GenericMetadataSupport.java
1277	org.mockito.internal.util.reflection.GenericMetadataSupport$WildCardBoundedType	WildCardBoundedType(java.lang.reflect.WildcardType)	0	1	[false]	false	public	false	file:///private/tmp/projects/mockito/src/main/java/org/mockito/internal/util/reflection/GenericMetadataSupport.java
1278	org.mockito.internal.util.reflection.GenericMetadataSupport$WildCardBoundedType	firstBound()	1268	0	[]	false	public	true	file:///private/tmp/projects/mockito/src/main/java/org/mockito/internal/util/reflection/GenericMetadataSupport.java
1279	org.mockito.internal.util.reflection.GenericMetadataSupport$WildCardBoundedType	interfaceBounds()	1269	0	[]	false	public	true	file:///private/tmp/projects/mockito/src/main/java/org/mockito/internal/util/reflection/GenericMetadataSupport.java
1280	org.mockito.internal.util.reflection.GenericMetadataSupport$WildCardBoundedType	equals(java.lang.Object)	494	1	[false]	false	public	false	file:///private/tmp/projects/mockito/src/main/java/org/mockito/internal/util/reflection/GenericMetadataSupport.java
1281	org.mockito.internal.util.reflection.GenericMetadataSupport$WildCardBoundedType	hashCode()	492	0	[]	false	public	false	file:///private/tmp/projects/mockito/src/main/java/org/mockito/internal/util/reflection/GenericMetadataSupport.java
1282	org.mockito.internal.util.reflection.GenericMetadataSupport$WildCardBoundedType	toString()	2	0	[]	false	public	true	file:///private/tmp/projects/mockito/src/main/java/org/mockito/internal/util/reflection/GenericMetadataSupport.java
1283	org.mockito.internal.util.reflection.GenericMetadataSupport$WildCardBoundedType	wildCard()	0	0	[]	false	public	true	file:///private/tmp/projects/mockito/src/main/java/org/mockito/internal/util/reflection/GenericMetadataSupport.java
1284	org.mockito.internal.util.reflection.ReflectionMemberAccessor	newInstance(java.lang.reflect.Constructor<?>,java.lang.Object...)	279	2	[false, false]	false	public	true	file:///private/tmp/projects/mockito/src/main/java/org/mockito/internal/util/reflection/ReflectionMemberAccessor.java
1285	org.mockito.internal.util.reflection.ReflectionMemberAccessor	invoke(java.lang.reflect.Method,java.lang.Object,java.lang.Object...)	280	3	[false, true, false]	false	public	true	file:///private/tmp/projects/mockito/src/main/java/org/mockito/internal/util/reflection/ReflectionMemberAccessor.java
1286	org.mockito.internal.util.reflection.ReflectionMemberAccessor	get(java.lang.reflect.Field,java.lang.Object)	281	2	[false, false]	false	public	true	file:///private/tmp/projects/mockito/src/main/java/org/mockito/internal/util/reflection/ReflectionMemberAccessor.java
1287	org.mockito.internal.util.reflection.ReflectionMemberAccessor	set(java.lang.reflect.Field,java.lang.Object,java.lang.Object)	282	3	[false, false, false]	false	public	false	file:///private/tmp/projects/mockito/src/main/java/org/mockito/internal/util/reflection/ReflectionMemberAccessor.java
1288	org.mockito.internal.util.reflection.ReflectionMemberAccessor	silentSetAccessible(java.lang.reflect.AccessibleObject,boolean)	0	2	[false, false]	false	private	false	file:///private/tmp/projects/mockito/src/main/java/org/mockito/internal/util/reflection/ReflectionMemberAccessor.java
1289	org.mockito.internal.util.reflection.LenientCopyTool	<T>copyToMock(T,T)	0	2	[false, false]	false	public	false	file:///private/tmp/projects/mockito/src/main/java/org/mockito/internal/util/reflection/LenientCopyTool.java
1290	org.mockito.internal.util.reflection.LenientCopyTool	<T>copyToRealObject(T,T)	0	2	[false, false]	false	public	false	file:///private/tmp/projects/mockito/src/main/java/org/mockito/internal/util/reflection/LenientCopyTool.java
1291	org.mockito.internal.util.reflection.LenientCopyTool	<T>copy(T,T,java.lang.Class<?>)	0	3	[false, false, false]	false	private	false	file:///private/tmp/projects/mockito/src/main/java/org/mockito/internal/util/reflection/LenientCopyTool.java
1292	org.mockito.internal.util.reflection.LenientCopyTool	<T>copyValues(T,T,java.lang.Class<?>)	0	3	[false, false, false]	false	private	false	file:///private/tmp/projects/mockito/src/main/java/org/mockito/internal/util/reflection/LenientCopyTool.java
1293	org.mockito.internal.util.reflection.InstrumentationMemberAccessor	InstrumentationMemberAccessor()	0	0	[]	false	package	false	file:///private/tmp/projects/mockito/src/main/java/org/mockito/internal/util/reflection/InstrumentationMemberAccessor.java
1294	org.mockito.internal.util.reflection.InstrumentationMemberAccessor	newInstance(java.lang.reflect.Constructor<?>,java.lang.Object...)	279	2	[false, false]	false	public	true	file:///private/tmp/projects/mockito/src/main/java/org/mockito/internal/util/reflection/InstrumentationMemberAccessor.java
1295	org.mockito.internal.util.reflection.InstrumentationMemberAccessor	invoke(java.lang.reflect.Method,java.lang.Object,java.lang.Object...)	280	3	[false, true, false]	false	public	true	file:///private/tmp/projects/mockito/src/main/java/org/mockito/internal/util/reflection/InstrumentationMemberAccessor.java
1296	org.mockito.internal.util.reflection.InstrumentationMemberAccessor	get(java.lang.reflect.Field,java.lang.Object)	281	2	[false, false]	false	public	true	file:///private/tmp/projects/mockito/src/main/java/org/mockito/internal/util/reflection/InstrumentationMemberAccessor.java
1297	org.mockito.internal.util.reflection.InstrumentationMemberAccessor	set(java.lang.reflect.Field,java.lang.Object,java.lang.Object)	282	3	[false, false, false]	false	public	false	file:///private/tmp/projects/mockito/src/main/java/org/mockito/internal/util/reflection/InstrumentationMemberAccessor.java
1298	org.mockito.internal.util.reflection.InstrumentationMemberAccessor	assureOpen(java.lang.Object,java.lang.String)	0	2	[false, false]	false	private	false	file:///private/tmp/projects/mockito/src/main/java/org/mockito/internal/util/reflection/InstrumentationMemberAccessor.java
1299	org.mockito.internal.util.reflection.InstrumentationMemberAccessor	assureArguments(java.lang.reflect.AccessibleObject,java.lang.Object,java.lang.Class<?>,java.lang.Object[],java.lang.Class<?>[])	0	5	[false, true, true, false, false]	false	private	false	file:///private/tmp/projects/mockito/src/main/java/org/mockito/internal/util/reflection/InstrumentationMemberAccessor.java
1300	org.mockito.internal.util.reflection.InstrumentationMemberAccessor$Dispatcher	getLookup()	0	0	[]	false	public	true	file:///private/tmp/projects/mockito/src/main/java/org/mockito/internal/util/reflection/InstrumentationMemberAccessor.java
1301	org.mockito.internal.util.reflection.InstrumentationMemberAccessor$Dispatcher	getModule()	0	0	[]	false	public	true	file:///private/tmp/projects/mockito/src/main/java/org/mockito/internal/util/reflection/InstrumentationMemberAccessor.java
1302	org.mockito.internal.util.reflection.InstrumentationMemberAccessor$Dispatcher	setAccessible(java.lang.reflect.AccessibleObject,boolean)	0	2	[false, false]	false	public	false	file:///private/tmp/projects/mockito/src/main/java/org/mockito/internal/util/reflection/InstrumentationMemberAccessor.java
1303	org.mockito.internal.util.reflection.FieldReader	FieldReader(java.lang.Object,java.lang.reflect.Field)	0	2	[false, false]	false	public	false	file:///private/tmp/projects/mockito/src/main/java/org/mockito/internal/util/reflection/FieldReader.java
1304	org.mockito.internal.util.reflection.FieldReader	isNull()	0	0	[]	false	public	false	file:///private/tmp/projects/mockito/src/main/java/org/mockito/internal/util/reflection/FieldReader.java
1305	org.mockito.internal.util.reflection.FieldReader	read()	0	0	[]	false	public	true	file:///private/tmp/projects/mockito/src/main/java/org/mockito/internal/util/reflection/FieldReader.java
1306	org.mockito.internal.util.reflection.Fields	allDeclaredFieldsOf(java.lang.Object)	0	1	[false]	false	public	true	file:///private/tmp/projects/mockito/src/main/java/org/mockito/internal/util/reflection/Fields.java
1307	org.mockito.internal.util.reflection.Fields	declaredFieldsOf(java.lang.Object)	0	1	[false]	false	public	true	file:///private/tmp/projects/mockito/src/main/java/org/mockito/internal/util/reflection/Fields.java
1308	org.mockito.internal.util.reflection.Fields	instanceFieldsIn(java.lang.Object,java.lang.reflect.Field[])	0	2	[false, false]	false	private	true	file:///private/tmp/projects/mockito/src/main/java/org/mockito/internal/util/reflection/Fields.java
1309	org.mockito.internal.util.reflection.Fields	annotatedBy(java.lang.Class<? extends java.lang.annotation.Annotation>...)	0	1	[false]	false	public	true	file:///private/tmp/projects/mockito/src/main/java/org/mockito/internal/util/reflection/Fields.java
1310	org.mockito.internal.util.reflection.Fields$1	isOut(org.mockito.internal.util.reflection.InstanceField)	410	1	[false]	false	public	false	file:///private/tmp/projects/mockito/src/main/java/org/mockito/internal/util/reflection/Fields.java
1311	org.mockito.internal.util.reflection.Fields	nullField()	0	0	[]	false	private	true	file:///private/tmp/projects/mockito/src/main/java/org/mockito/internal/util/reflection/Fields.java
1312	org.mockito.internal.util.reflection.Fields$2	isOut(org.mockito.internal.util.reflection.InstanceField)	410	1	[false]	false	public	false	file:///private/tmp/projects/mockito/src/main/java/org/mockito/internal/util/reflection/Fields.java
1313	org.mockito.internal.util.reflection.Fields	syntheticField()	0	0	[]	false	public	true	file:///private/tmp/projects/mockito/src/main/java/org/mockito/internal/util/reflection/Fields.java
1314	org.mockito.internal.util.reflection.Fields$3	isOut(org.mockito.internal.util.reflection.InstanceField)	410	1	[false]	false	public	false	file:///private/tmp/projects/mockito/src/main/java/org/mockito/internal/util/reflection/Fields.java
1315	org.mockito.internal.util.reflection.Fields$InstanceFields	InstanceFields(java.lang.Object,java.util.List<org.mockito.internal.util.reflection.InstanceField>)	0	2	[false, false]	false	public	false	file:///private/tmp/projects/mockito/src/main/java/org/mockito/internal/util/reflection/Fields.java
1316	org.mockito.internal.util.reflection.Fields$InstanceFields	filter(org.mockito.internal.util.collections.ListUtil.Filter<org.mockito.internal.util.reflection.InstanceField>)	0	1	[false]	false	public	true	file:///private/tmp/projects/mockito/src/main/java/org/mockito/internal/util/reflection/Fields.java
1317	org.mockito.internal.util.reflection.Fields$InstanceFields	notNull()	0	0	[]	false	public	true	file:///private/tmp/projects/mockito/src/main/java/org/mockito/internal/util/reflection/Fields.java
1318	org.mockito.internal.util.reflection.Fields$InstanceFields	instanceFields()	0	0	[]	false	public	true	file:///private/tmp/projects/mockito/src/main/java/org/mockito/internal/util/reflection/Fields.java
1319	org.mockito.internal.util.reflection.Fields$InstanceFields	assignedValues()	0	0	[]	false	public	true	file:///private/tmp/projects/mockito/src/main/java/org/mockito/internal/util/reflection/Fields.java
1320	org.mockito.internal.util.reflection.Fields$InstanceFields	names()	0	0	[]	false	public	true	file:///private/tmp/projects/mockito/src/main/java/org/mockito/internal/util/reflection/Fields.java
1321	org.mockito.internal.util.reflection.InstanceField	InstanceField(java.lang.reflect.Field,java.lang.Object)	0	2	[false, false]	false	public	false	file:///private/tmp/projects/mockito/src/main/java/org/mockito/internal/util/reflection/InstanceField.java
1322	org.mockito.internal.util.reflection.InstanceField	read()	0	0	[]	false	public	true	file:///private/tmp/projects/mockito/src/main/java/org/mockito/internal/util/reflection/InstanceField.java
1323	org.mockito.internal.util.reflection.InstanceField	set(java.lang.Object)	0	1	[false]	false	public	false	file:///private/tmp/projects/mockito/src/main/java/org/mockito/internal/util/reflection/InstanceField.java
1324	org.mockito.internal.util.reflection.InstanceField	isNull()	0	0	[]	false	public	false	file:///private/tmp/projects/mockito/src/main/java/org/mockito/internal/util/reflection/InstanceField.java
1325	org.mockito.internal.util.reflection.InstanceField	isAnnotatedBy(java.lang.Class<? extends java.lang.annotation.Annotation>)	0	1	[false]	false	public	false	file:///private/tmp/projects/mockito/src/main/java/org/mockito/internal/util/reflection/InstanceField.java
1326	org.mockito.internal.util.reflection.InstanceField	isSynthetic()	0	0	[]	false	public	false	file:///private/tmp/projects/mockito/src/main/java/org/mockito/internal/util/reflection/InstanceField.java
1327	org.mockito.internal.util.reflection.InstanceField	<A>annotation(java.lang.Class<A>)	0	1	[false]	false	public	true	file:///private/tmp/projects/mockito/src/main/java/org/mockito/internal/util/reflection/InstanceField.java
1328	org.mockito.internal.util.reflection.InstanceField	jdkField()	0	0	[]	false	public	true	file:///private/tmp/projects/mockito/src/main/java/org/mockito/internal/util/reflection/InstanceField.java
1329	org.mockito.internal.util.reflection.InstanceField	reader()	0	0	[]	false	private	true	file:///private/tmp/projects/mockito/src/main/java/org/mockito/internal/util/reflection/InstanceField.java
1330	org.mockito.internal.util.reflection.InstanceField	name()	0	0	[]	false	public	true	file:///private/tmp/projects/mockito/src/main/java/org/mockito/internal/util/reflection/InstanceField.java
1331	org.mockito.internal.util.reflection.InstanceField	toString()	2	0	[]	false	public	true	file:///private/tmp/projects/mockito/src/main/java/org/mockito/internal/util/reflection/InstanceField.java
1332	org.mockito.internal.util.reflection.InstanceField	equals(java.lang.Object)	494	1	[false]	false	public	false	file:///private/tmp/projects/mockito/src/main/java/org/mockito/internal/util/reflection/InstanceField.java
1333	org.mockito.internal.util.reflection.InstanceField	hashCode()	492	0	[]	false	public	false	file:///private/tmp/projects/mockito/src/main/java/org/mockito/internal/util/reflection/InstanceField.java
1334	org.mockito.internal.util.reflection.GenericMaster	getGenericType(java.lang.reflect.Field)	0	1	[false]	false	public	true	file:///private/tmp/projects/mockito/src/main/java/org/mockito/internal/util/reflection/GenericMaster.java
1335	org.mockito.internal.util.reflection.BeanPropertySetter	BeanPropertySetter(java.lang.Object,java.lang.reflect.Field,boolean)	0	3	[false, false, false]	false	public	false	file:///private/tmp/projects/mockito/src/main/java/org/mockito/internal/util/reflection/BeanPropertySetter.java
1336	org.mockito.internal.util.reflection.BeanPropertySetter	BeanPropertySetter(java.lang.Object,java.lang.reflect.Field)	0	2	[false, false]	false	public	false	file:///private/tmp/projects/mockito/src/main/java/org/mockito/internal/util/reflection/BeanPropertySetter.java
1337	org.mockito.internal.util.reflection.BeanPropertySetter	set(java.lang.Object)	0	1	[false]	false	public	false	file:///private/tmp/projects/mockito/src/main/java/org/mockito/internal/util/reflection/BeanPropertySetter.java
1338	org.mockito.internal.util.reflection.BeanPropertySetter	setterName(java.lang.String)	0	1	[false]	false	private	true	file:///private/tmp/projects/mockito/src/main/java/org/mockito/internal/util/reflection/BeanPropertySetter.java
1339	org.mockito.internal.util.reflection.BeanPropertySetter	reportNoSetterFound()	0	0	[]	false	private	false	file:///private/tmp/projects/mockito/src/main/java/org/mockito/internal/util/reflection/BeanPropertySetter.java
1340	org.mockito.internal.util.MockNameImpl	MockNameImpl(java.lang.String,java.lang.Class<?>,boolean)	0	3	[true, false, false]	false	public	false	file:///private/tmp/projects/mockito/src/main/java/org/mockito/internal/util/MockNameImpl.java
1341	org.mockito.internal.util.MockNameImpl	MockNameImpl(java.lang.String)	0	1	[false]	false	public	false	file:///private/tmp/projects/mockito/src/main/java/org/mockito/internal/util/MockNameImpl.java
1342	org.mockito.internal.util.MockNameImpl	toInstanceName(java.lang.Class<?>)	0	1	[false]	false	private	true	file:///private/tmp/projects/mockito/src/main/java/org/mockito/internal/util/MockNameImpl.java
1343	org.mockito.internal.util.MockNameImpl	toClassName(java.lang.Class<?>)	0	1	[false]	false	private	true	file:///private/tmp/projects/mockito/src/main/java/org/mockito/internal/util/MockNameImpl.java
1344	org.mockito.internal.util.MockNameImpl	isDefault()	45	0	[]	false	public	false	file:///private/tmp/projects/mockito/src/main/java/org/mockito/internal/util/MockNameImpl.java
1345	org.mockito.internal.util.MockNameImpl	toString()	44	0	[]	false	public	true	file:///private/tmp/projects/mockito/src/main/java/org/mockito/internal/util/MockNameImpl.java
1346	org.mockito.internal.framework.DefaultMockitoFramework	addListener(org.mockito.listeners.MockitoListener)	883	1	[false]	false	public	true	file:///private/tmp/projects/mockito/src/main/java/org/mockito/internal/framework/DefaultMockitoFramework.java
1347	org.mockito.internal.framework.DefaultMockitoFramework	removeListener(org.mockito.listeners.MockitoListener)	884	1	[false]	false	public	true	file:///private/tmp/projects/mockito/src/main/java/org/mockito/internal/framework/DefaultMockitoFramework.java
1348	org.mockito.internal.framework.DefaultMockitoFramework	getPlugins()	885	0	[]	false	public	true	file:///private/tmp/projects/mockito/src/main/java/org/mockito/internal/framework/DefaultMockitoFramework.java
1349	org.mockito.internal.framework.DefaultMockitoFramework	getInvocationFactory()	886	0	[]	false	public	true	file:///private/tmp/projects/mockito/src/main/java/org/mockito/internal/framework/DefaultMockitoFramework.java
1350	org.mockito.internal.framework.DefaultMockitoFramework	getInlineMockMaker()	0	0	[]	true	private	true	file:///private/tmp/projects/mockito/src/main/java/org/mockito/internal/framework/DefaultMockitoFramework.java
1351	org.mockito.internal.framework.DefaultMockitoFramework	clearInlineMocks()	887	0	[]	false	public	false	file:///private/tmp/projects/mockito/src/main/java/org/mockito/internal/framework/DefaultMockitoFramework.java
1352	org.mockito.internal.framework.DefaultMockitoFramework	clearInlineMock(java.lang.Object)	888	1	[false]	false	public	false	file:///private/tmp/projects/mockito/src/main/java/org/mockito/internal/framework/DefaultMockitoFramework.java
1353	org.mockito.internal.framework.DefaultMockitoSession	DefaultMockitoSession(java.util.List<java.lang.Object>,java.lang.String,org.mockito.quality.Strictness,org.mockito.plugins.MockitoLogger)	0	4	[false, false, false, false]	false	public	false	file:///private/tmp/projects/mockito/src/main/java/org/mockito/internal/framework/DefaultMockitoSession.java
1354	org.mockito.internal.framework.DefaultMockitoSession	setStrictness(org.mockito.quality.Strictness)	204	1	[false]	false	public	false	file:///private/tmp/projects/mockito/src/main/java/org/mockito/internal/framework/DefaultMockitoSession.java
1355	org.mockito.internal.framework.DefaultMockitoSession	finishMocking()	205	0	[]	false	public	false	file:///private/tmp/projects/mockito/src/main/java/org/mockito/internal/framework/DefaultMockitoSession.java
1356	org.mockito.internal.framework.DefaultMockitoSession	finishMocking(java.lang.Throwable)	206	1	[true]	false	public	false	file:///private/tmp/projects/mockito/src/main/java/org/mockito/internal/framework/DefaultMockitoSession.java
1357	org.mockito.internal.framework.DefaultMockitoSession$1	getFailure()	1358	0	[]	true	public	true	file:///private/tmp/projects/mockito/src/main/java/org/mockito/internal/framework/DefaultMockitoSession.java
1359	org.mockito.internal.framework.DefaultMockitoSession$1	getTestName()	1360	0	[]	false	public	true	file:///private/tmp/projects/mockito/src/main/java/org/mockito/internal/framework/DefaultMockitoSession.java
1361	org.mockito.internal.framework.DefaultMockitoSession	release()	0	0	[]	false	private	false	file:///private/tmp/projects/mockito/src/main/java/org/mockito/internal/framework/DefaultMockitoSession.java
1362	org.mockito.internal.junit.UniversalTestListener	UniversalTestListener(org.mockito.quality.Strictness,org.mockito.plugins.MockitoLogger)	0	2	[false, false]	false	public	false	file:///private/tmp/projects/mockito/src/main/java/org/mockito/internal/junit/UniversalTestListener.java
1363	org.mockito.internal.junit.UniversalTestListener	testFinished(org.mockito.internal.junit.TestFinishedEvent)	1364	1	[false]	false	public	false	file:///private/tmp/projects/mockito/src/main/java/org/mockito/internal/junit/UniversalTestListener.java
1365	org.mockito.internal.junit.UniversalTestListener	reportUnusedStubs(org.mockito.internal.junit.TestFinishedEvent,java.util.Collection<java.lang.Object>)	0	2	[false, false]	false	private	false	file:///private/tmp/projects/mockito/src/main/java/org/mockito/internal/junit/UniversalTestListener.java
1366	org.mockito.internal.junit.UniversalTestListener	emitWarnings(org.mockito.plugins.MockitoLogger,org.mockito.internal.junit.TestFinishedEvent,java.util.Collection<java.lang.Object>)	0	3	[false, false, false]	false	private	false	file:///private/tmp/projects/mockito/src/main/java/org/mockito/internal/junit/UniversalTestListener.java
1367	org.mockito.internal.junit.UniversalTestListener	onMockCreated(java.lang.Object,org.mockito.mock.MockCreationSettings)	1368	2	[false, false]	false	public	false	file:///private/tmp/projects/mockito/src/main/java/org/mockito/internal/junit/UniversalTestListener.java
1369	org.mockito.internal.junit.UniversalTestListener	setStrictness(org.mockito.quality.Strictness)	0	1	[false]	false	public	false	file:///private/tmp/projects/mockito/src/main/java/org/mockito/internal/junit/UniversalTestListener.java
1370	org.mockito.internal.junit.UniversalTestListener	isListenerDirty()	1371	0	[]	false	public	false	file:///private/tmp/projects/mockito/src/main/java/org/mockito/internal/junit/UniversalTestListener.java
1372	org.mockito.internal.junit.UniversalTestListener	setListenerDirty()	0	0	[]	false	public	false	file:///private/tmp/projects/mockito/src/main/java/org/mockito/internal/junit/UniversalTestListener.java
1364	org.mockito.internal.junit.MockitoTestListener	testFinished(org.mockito.internal.junit.TestFinishedEvent)	0	1	[false]	false	public	false	file:///private/tmp/projects/mockito/src/main/java/org/mockito/internal/junit/MockitoTestListener.java
1368	org.mockito.listeners.MockCreationListener	onMockCreated(java.lang.Object,org.mockito.mock.MockCreationSettings)	0	2	[false, false]	false	public	false	file:///private/tmp/projects/mockito/src/main/java/org/mockito/listeners/MockCreationListener.java
1373	org.mockito.listeners.MockCreationListener	onStaticMockCreated(java.lang.Class<?>,org.mockito.mock.MockCreationSettings)	0	2	[false, false]	false	public	false	file:///private/tmp/projects/mockito/src/main/java/org/mockito/listeners/MockCreationListener.java
1371	org.mockito.internal.listeners.AutoCleanableListener	isListenerDirty()	0	0	[]	false	public	false	file:///private/tmp/projects/mockito/src/main/java/org/mockito/internal/listeners/AutoCleanableListener.java
1374	org.mockito.internal.stubbing.StrictnessSelector	determineStrictness(org.mockito.stubbing.Stubbing,org.mockito.mock.MockCreationSettings,org.mockito.quality.Strictness)	0	3	[false, false, false]	false	public	true	file:///private/tmp/projects/mockito/src/main/java/org/mockito/internal/stubbing/StrictnessSelector.java
1375	org.mockito.internal.junit.DefaultStubbingLookupListener	DefaultStubbingLookupListener(org.mockito.quality.Strictness)	0	1	[false]	false	package	false	file:///private/tmp/projects/mockito/src/main/java/org/mockito/internal/junit/DefaultStubbingLookupListener.java
1376	org.mockito.internal.junit.DefaultStubbingLookupListener	onStubbingLookup(org.mockito.listeners.StubbingLookupEvent)	47	1	[false]	false	public	false	file:///private/tmp/projects/mockito/src/main/java/org/mockito/internal/junit/DefaultStubbingLookupListener.java
1377	org.mockito.internal.junit.DefaultStubbingLookupListener	potentialArgMismatches(org.mockito.invocation.Invocation,java.util.Collection<org.mockito.stubbing.Stubbing>)	0	2	[false, false]	false	private	true	file:///private/tmp/projects/mockito/src/main/java/org/mockito/internal/junit/DefaultStubbingLookupListener.java
1378	org.mockito.internal.junit.DefaultStubbingLookupListener	setCurrentStrictness(org.mockito.quality.Strictness)	0	1	[false]	false	package	false	file:///private/tmp/projects/mockito/src/main/java/org/mockito/internal/junit/DefaultStubbingLookupListener.java
1379	org.mockito.internal.junit.DefaultStubbingLookupListener	isMismatchesReported()	0	0	[]	false	package	false	file:///private/tmp/projects/mockito/src/main/java/org/mockito/internal/junit/DefaultStubbingLookupListener.java
1358	org.mockito.internal.junit.TestFinishedEvent	getFailure()	0	0	[]	true	public	true	file:///private/tmp/projects/mockito/src/main/java/org/mockito/internal/junit/TestFinishedEvent.java
1360	org.mockito.internal.junit.TestFinishedEvent	getTestName()	0	0	[]	false	public	true	file:///private/tmp/projects/mockito/src/main/java/org/mockito/internal/junit/TestFinishedEvent.java
1380	org.mockito.internal.junit.StrictStubsRunnerTestListener	testFinished(org.mockito.internal.junit.TestFinishedEvent)	1364	1	[false]	false	public	false	file:///private/tmp/projects/mockito/src/main/java/org/mockito/internal/junit/StrictStubsRunnerTestListener.java
1381	org.mockito.internal.junit.StrictStubsRunnerTestListener	onMockCreated(java.lang.Object,org.mockito.mock.MockCreationSettings)	1368	2	[false, false]	false	public	false	file:///private/tmp/projects/mockito/src/main/java/org/mockito/internal/junit/StrictStubsRunnerTestListener.java
1382	org.mockito.internal.junit.UnusedStubbings	UnusedStubbings(java.util.Collection<? extends org.mockito.stubbing.Stubbing>)	0	1	[false]	false	package	false	file:///private/tmp/projects/mockito/src/main/java/org/mockito/internal/junit/UnusedStubbings.java
1383	org.mockito.internal.junit.UnusedStubbings	format(java.lang.String,org.mockito.plugins.MockitoLogger)	0	2	[false, false]	false	package	false	file:///private/tmp/projects/mockito/src/main/java/org/mockito/internal/junit/UnusedStubbings.java
1384	org.mockito.internal.junit.UnusedStubbings	size()	0	0	[]	false	public	false	file:///private/tmp/projects/mockito/src/main/java/org/mockito/internal/junit/UnusedStubbings.java
1385	org.mockito.internal.junit.UnusedStubbings	toString()	2	0	[]	false	public	true	file:///private/tmp/projects/mockito/src/main/java/org/mockito/internal/junit/UnusedStubbings.java
1386	org.mockito.internal.junit.UnusedStubbings	reportUnused()	0	0	[]	false	package	false	file:///private/tmp/projects/mockito/src/main/java/org/mockito/internal/junit/UnusedStubbings.java
1387	org.mockito.internal.junit.util.JUnitFailureHacker	appendWarnings(org.junit.runner.notification.Failure,java.lang.String)	0	2	[false, false]	false	public	false	file:///private/tmp/projects/mockito/src/main/java/org/mockito/internal/junit/util/JUnitFailureHacker.java
1388	org.mockito.internal.junit.util.JUnitFailureHacker	isEmpty(java.lang.String)	0	1	[false]	false	private	false	file:///private/tmp/projects/mockito/src/main/java/org/mockito/internal/junit/util/JUnitFailureHacker.java
1389	org.mockito.internal.junit.util.JUnitFailureHacker	getInternalState(java.lang.Object,java.lang.String)	0	2	[false, false]	false	private	true	file:///private/tmp/projects/mockito/src/main/java/org/mockito/internal/junit/util/JUnitFailureHacker.java
1390	org.mockito.internal.junit.util.JUnitFailureHacker	setInternalState(java.lang.Object,java.lang.String,java.lang.Object)	0	3	[false, false, false]	false	private	false	file:///private/tmp/projects/mockito/src/main/java/org/mockito/internal/junit/util/JUnitFailureHacker.java
1391	org.mockito.internal.junit.util.JUnitFailureHacker	getFieldFromHierarchy(java.lang.Class<?>,java.lang.String)	0	2	[false, false]	false	private	true	file:///private/tmp/projects/mockito/src/main/java/org/mockito/internal/junit/util/JUnitFailureHacker.java
1392	org.mockito.internal.junit.util.JUnitFailureHacker	getField(java.lang.Class<?>,java.lang.String)	0	2	[false, false]	true	private	true	file:///private/tmp/projects/mockito/src/main/java/org/mockito/internal/junit/util/JUnitFailureHacker.java
1393	org.mockito.internal.junit.JUnitRule	JUnitRule(org.mockito.plugins.MockitoLogger,org.mockito.quality.Strictness)	0	2	[false, false]	false	public	false	file:///private/tmp/projects/mockito/src/main/java/org/mockito/internal/junit/JUnitRule.java
1394	org.mockito.internal.junit.JUnitRule	apply(org.junit.runners.model.Statement,org.junit.runners.model.FrameworkMethod,java.lang.Object)	1395	3	[false, false, false]	false	public	true	file:///private/tmp/projects/mockito/src/main/java/org/mockito/internal/junit/JUnitRule.java
1396	org.mockito.internal.junit.JUnitRule	silent()	225	0	[]	false	public	true	file:///private/tmp/projects/mockito/src/main/java/org/mockito/internal/junit/JUnitRule.java
1397	org.mockito.internal.junit.JUnitRule	strictness(org.mockito.quality.Strictness)	226	1	[false]	false	public	true	file:///private/tmp/projects/mockito/src/main/java/org/mockito/internal/junit/JUnitRule.java
1398	org.mockito.internal.junit.JUnitSessionStore	JUnitSessionStore(org.mockito.plugins.MockitoLogger,org.mockito.quality.Strictness)	0	2	[false, false]	false	package	false	file:///private/tmp/projects/mockito/src/main/java/org/mockito/internal/junit/JUnitSessionStore.java
1399	org.mockito.internal.junit.JUnitSessionStore	createStatement(org.junit.runners.model.Statement,java.lang.String,java.lang.Object)	0	3	[false, false, false]	false	package	true	file:///private/tmp/projects/mockito/src/main/java/org/mockito/internal/junit/JUnitSessionStore.java
1400	org.mockito.internal.junit.JUnitSessionStore$1	evaluate()	1401	0	[]	false	public	false	file:///private/tmp/projects/mockito/src/main/java/org/mockito/internal/junit/JUnitSessionStore.java
1402	org.mockito.internal.junit.JUnitSessionStore$1	evaluateSafely(org.junit.runners.model.Statement)	0	1	[false]	true	private	true	file:///private/tmp/projects/mockito/src/main/java/org/mockito/internal/junit/JUnitSessionStore.java
1403	org.mockito.internal.junit.JUnitSessionStore	setStrictness(org.mockito.quality.Strictness)	0	1	[false]	false	package	false	file:///private/tmp/projects/mockito/src/main/java/org/mockito/internal/junit/JUnitSessionStore.java
1404	org.mockito.internal.junit.DefaultTestFinishedEvent	DefaultTestFinishedEvent(java.lang.Object,java.lang.String,java.lang.Throwable)	0	3	[true, false, true]	false	public	false	file:///private/tmp/projects/mockito/src/main/java/org/mockito/internal/junit/DefaultTestFinishedEvent.java
1405	org.mockito.internal.junit.DefaultTestFinishedEvent	getFailure()	1358	0	[]	true	public	true	file:///private/tmp/projects/mockito/src/main/java/org/mockito/internal/junit/DefaultTestFinishedEvent.java
1406	org.mockito.internal.junit.DefaultTestFinishedEvent	getTestName()	1360	0	[]	false	public	true	file:///private/tmp/projects/mockito/src/main/java/org/mockito/internal/junit/DefaultTestFinishedEvent.java
1407	org.mockito.internal.junit.StubbingHint	StubbingHint(java.lang.String)	0	1	[false]	false	package	false	file:///private/tmp/projects/mockito/src/main/java/org/mockito/internal/junit/StubbingHint.java
1408	org.mockito.internal.junit.StubbingHint	appendLine(java.lang.Object...)	0	1	[false]	false	package	false	file:///private/tmp/projects/mockito/src/main/java/org/mockito/internal/junit/StubbingHint.java
1409	org.mockito.internal.junit.StubbingHint	toString()	2	0	[]	false	public	true	file:///private/tmp/projects/mockito/src/main/java/org/mockito/internal/junit/StubbingHint.java
1410	org.mockito.internal.junit.VerificationCollectorImpl	VerificationCollectorImpl()	0	0	[]	false	public	false	file:///private/tmp/projects/mockito/src/main/java/org/mockito/internal/junit/VerificationCollectorImpl.java
1411	org.mockito.internal.junit.VerificationCollectorImpl	apply(org.junit.runners.model.Statement,org.junit.runner.Description)	1412	2	[false, false]	false	public	true	file:///private/tmp/projects/mockito/src/main/java/org/mockito/internal/junit/VerificationCollectorImpl.java
1413	org.mockito.internal.junit.VerificationCollectorImpl$1	evaluate()	1401	0	[]	false	public	false	file:///private/tmp/projects/mockito/src/main/java/org/mockito/internal/junit/VerificationCollectorImpl.java
1414	org.mockito.internal.junit.VerificationCollectorImpl	collectAndReport()	229	0	[]	false	public	false	file:///private/tmp/projects/mockito/src/main/java/org/mockito/internal/junit/VerificationCollectorImpl.java
1415	org.mockito.internal.junit.VerificationCollectorImpl	assertLazily()	230	0	[]	false	public	true	file:///private/tmp/projects/mockito/src/main/java/org/mockito/internal/junit/VerificationCollectorImpl.java
1416	org.mockito.internal.junit.VerificationCollectorImpl$2	maybeVerifyLazily(org.mockito.verification.VerificationMode)	132	1	[false]	false	public	true	file:///private/tmp/projects/mockito/src/main/java/org/mockito/internal/junit/VerificationCollectorImpl.java
1417	org.mockito.internal.junit.VerificationCollectorImpl	resetBuilder()	0	0	[]	false	private	false	file:///private/tmp/projects/mockito/src/main/java/org/mockito/internal/junit/VerificationCollectorImpl.java
1418	org.mockito.internal.junit.VerificationCollectorImpl	append(java.lang.String)	0	1	[true]	false	private	false	file:///private/tmp/projects/mockito/src/main/java/org/mockito/internal/junit/VerificationCollectorImpl.java
1419	org.mockito.internal.junit.VerificationCollectorImpl$VerificationWrapper	VerificationWrapper(org.mockito.verification.VerificationMode)	0	1	[false]	false	private	false	file:///private/tmp/projects/mockito/src/main/java/org/mockito/internal/junit/VerificationCollectorImpl.java
1420	org.mockito.internal.junit.VerificationCollectorImpl$VerificationWrapper	verify(org.mockito.internal.verification.api.VerificationData)	123	1	[false]	false	public	false	file:///private/tmp/projects/mockito/src/main/java/org/mockito/internal/junit/VerificationCollectorImpl.java
1421	org.mockito.internal.junit.VerificationCollectorImpl$VerificationWrapper	description(java.lang.String)	124	1	[false]	false	public	true	file:///private/tmp/projects/mockito/src/main/java/org/mockito/internal/junit/VerificationCollectorImpl.java
1422	org.mockito.internal.junit.ExceptionFactory	ExceptionFactory()	0	0	[]	false	private	false	file:///private/tmp/projects/mockito/src/main/java/org/mockito/internal/junit/ExceptionFactory.java
1423	org.mockito.internal.junit.ExceptionFactory$ExceptionFactoryImpl	create(java.lang.String,java.lang.String,java.lang.String)	0	3	[false, false, false]	false	public	true	file:///private/tmp/projects/mockito/src/main/java/org/mockito/internal/junit/ExceptionFactory.java
1424	org.mockito.internal.junit.ExceptionFactory	createArgumentsAreDifferentException(java.lang.String,java.lang.String,java.lang.String)	0	3	[false, false, false]	false	public	true	file:///private/tmp/projects/mockito/src/main/java/org/mockito/internal/junit/ExceptionFactory.java
1425	org.mockito.internal.junit.NoOpTestListener	testFinished(org.mockito.internal.junit.TestFinishedEvent)	1364	1	[false]	false	public	false	file:///private/tmp/projects/mockito/src/main/java/org/mockito/internal/junit/NoOpTestListener.java
1426	org.mockito.internal.junit.NoOpTestListener	onMockCreated(java.lang.Object,org.mockito.mock.MockCreationSettings)	1368	2	[false, false]	false	public	false	file:///private/tmp/projects/mockito/src/main/java/org/mockito/internal/junit/NoOpTestListener.java
1427	org.mockito.internal.junit.UnusedStubbingsFinder	getUnusedStubbings(java.lang.Iterable<java.lang.Object>)	0	1	[false]	false	public	true	file:///private/tmp/projects/mockito/src/main/java/org/mockito/internal/junit/UnusedStubbingsFinder.java
1428	org.mockito.internal.junit.UnusedStubbingsFinder$1	isOut(org.mockito.stubbing.Stubbing)	410	1	[false]	false	public	false	file:///private/tmp/projects/mockito/src/main/java/org/mockito/internal/junit/UnusedStubbingsFinder.java
1429	org.mockito.internal.junit.UnusedStubbingsFinder	getUnusedStubbingsByLocation(java.lang.Iterable<java.lang.Object>)	0	1	[false]	false	public	true	file:///private/tmp/projects/mockito/src/main/java/org/mockito/internal/junit/UnusedStubbingsFinder.java
1430	org.mockito.internal.junit.MismatchReportingTestListener	MismatchReportingTestListener(org.mockito.plugins.MockitoLogger)	0	1	[false]	false	public	false	file:///private/tmp/projects/mockito/src/main/java/org/mockito/internal/junit/MismatchReportingTestListener.java
1431	org.mockito.internal.junit.MismatchReportingTestListener	testFinished(org.mockito.internal.junit.TestFinishedEvent)	1364	1	[false]	false	public	false	file:///private/tmp/projects/mockito/src/main/java/org/mockito/internal/junit/MismatchReportingTestListener.java
1432	org.mockito.internal.junit.MismatchReportingTestListener	onMockCreated(java.lang.Object,org.mockito.mock.MockCreationSettings)	1368	2	[false, false]	false	public	false	file:///private/tmp/projects/mockito/src/main/java/org/mockito/internal/junit/MismatchReportingTestListener.java
1433	org.mockito.internal.junit.StubbingArgMismatches	add(org.mockito.invocation.Invocation,org.mockito.invocation.Invocation)	0	2	[false, false]	false	public	false	file:///private/tmp/projects/mockito/src/main/java/org/mockito/internal/junit/StubbingArgMismatches.java
1434	org.mockito.internal.junit.StubbingArgMismatches	format(java.lang.String,org.mockito.plugins.MockitoLogger)	0	2	[false, false]	false	public	false	file:///private/tmp/projects/mockito/src/main/java/org/mockito/internal/junit/StubbingArgMismatches.java
1435	org.mockito.internal.junit.StubbingArgMismatches	size()	0	0	[]	false	public	false	file:///private/tmp/projects/mockito/src/main/java/org/mockito/internal/junit/StubbingArgMismatches.java
1436	org.mockito.internal.junit.StubbingArgMismatches	toString()	2	0	[]	false	public	true	file:///private/tmp/projects/mockito/src/main/java/org/mockito/internal/junit/StubbingArgMismatches.java
1437	org.mockito.internal.junit.ArgMismatchFinder	getStubbingArgMismatches(java.lang.Iterable<?>)	0	1	[false]	false	package	true	file:///private/tmp/projects/mockito/src/main/java/org/mockito/internal/junit/ArgMismatchFinder.java
1438	org.mockito.internal.junit.UnnecessaryStubbingsReporter	validateUnusedStubs(java.lang.Class<?>,org.junit.runner.notification.RunNotifier)	0	2	[false, false]	false	public	false	file:///private/tmp/projects/mockito/src/main/java/org/mockito/internal/junit/UnnecessaryStubbingsReporter.java
1439	org.mockito.internal.junit.UnnecessaryStubbingsReporter	onMockCreated(java.lang.Object,org.mockito.mock.MockCreationSettings)	1368	2	[false, false]	false	public	false	file:///private/tmp/projects/mockito/src/main/java/org/mockito/internal/junit/UnnecessaryStubbingsReporter.java
1440	org.mockito.internal.junit.JUnitTestRule	JUnitTestRule(org.mockito.plugins.MockitoLogger,org.mockito.quality.Strictness,java.lang.Object)	0	3	[false, false, false]	false	public	false	file:///private/tmp/projects/mockito/src/main/java/org/mockito/internal/junit/JUnitTestRule.java
1441	org.mockito.internal.junit.JUnitTestRule	apply(org.junit.runners.model.Statement,org.junit.runner.Description)	1412	2	[false, false]	false	public	true	file:///private/tmp/projects/mockito/src/main/java/org/mockito/internal/junit/JUnitTestRule.java
1442	org.mockito.internal.junit.JUnitTestRule	silent()	227	0	[]	false	public	true	file:///private/tmp/projects/mockito/src/main/java/org/mockito/internal/junit/JUnitTestRule.java
1443	org.mockito.internal.junit.JUnitTestRule	strictness(org.mockito.quality.Strictness)	228	1	[false]	false	public	true	file:///private/tmp/projects/mockito/src/main/java/org/mockito/internal/junit/JUnitTestRule.java
1444	org.mockito.internal.debugging.MockitoDebuggerImpl	printInvocations(java.lang.Object...)	882	1	[false]	false	public	true	file:///private/tmp/projects/mockito/src/main/java/org/mockito/internal/debugging/MockitoDebuggerImpl.java
1445	org.mockito.internal.debugging.MockitoDebuggerImpl	line(java.lang.String)	0	1	[false]	false	private	true	file:///private/tmp/projects/mockito/src/main/java/org/mockito/internal/debugging/MockitoDebuggerImpl.java
1446	org.mockito.internal.debugging.MockitoDebuggerImpl	print(java.lang.String)	0	1	[false]	false	private	true	file:///private/tmp/projects/mockito/src/main/java/org/mockito/internal/debugging/MockitoDebuggerImpl.java
1447	org.mockito.internal.debugging.WarningsPrinterImpl	WarningsPrinterImpl(java.util.List<org.mockito.invocation.Invocation>,java.util.List<org.mockito.internal.invocation.InvocationMatcher>,boolean)	0	3	[false, false, false]	false	public	false	file:///private/tmp/projects/mockito/src/main/java/org/mockito/internal/debugging/WarningsPrinterImpl.java
1448	org.mockito.internal.debugging.WarningsPrinterImpl	WarningsPrinterImpl(boolean,org.mockito.internal.debugging.WarningsFinder)	0	2	[false, false]	false	package	false	file:///private/tmp/projects/mockito/src/main/java/org/mockito/internal/debugging/WarningsPrinterImpl.java
1449	org.mockito.internal.debugging.WarningsPrinterImpl	print()	0	0	[]	false	public	true	file:///private/tmp/projects/mockito/src/main/java/org/mockito/internal/debugging/WarningsPrinterImpl.java
1450	org.mockito.internal.debugging.WarningsFinder	WarningsFinder(java.util.List<org.mockito.invocation.Invocation>,java.util.List<org.mockito.internal.invocation.InvocationMatcher>)	0	2	[false, false]	false	public	false	file:///private/tmp/projects/mockito/src/main/java/org/mockito/internal/debugging/WarningsFinder.java
1451	org.mockito.internal.debugging.WarningsFinder	find(org.mockito.internal.debugging.FindingsListener)	0	1	[false]	false	public	false	file:///private/tmp/projects/mockito/src/main/java/org/mockito/internal/debugging/WarningsFinder.java
1452	org.mockito.internal.debugging.FindingsListener	foundStubCalledWithDifferentArgs(org.mockito.invocation.Invocation,org.mockito.internal.invocation.InvocationMatcher)	0	2	[false, false]	false	public	false	file:///private/tmp/projects/mockito/src/main/java/org/mockito/internal/debugging/FindingsListener.java
1453	org.mockito.internal.debugging.FindingsListener	foundUnusedStub(org.mockito.invocation.Invocation)	0	1	[false]	false	public	false	file:///private/tmp/projects/mockito/src/main/java/org/mockito/internal/debugging/FindingsListener.java
1454	org.mockito.internal.debugging.FindingsListener	foundUnstubbed(org.mockito.internal.invocation.InvocationMatcher)	0	1	[false]	false	public	false	file:///private/tmp/projects/mockito/src/main/java/org/mockito/internal/debugging/FindingsListener.java
1455	org.mockito.internal.debugging.InvocationsPrinter	printInvocations(java.lang.Object)	0	1	[false]	false	public	true	file:///private/tmp/projects/mockito/src/main/java/org/mockito/internal/debugging/InvocationsPrinter.java
1456	org.mockito.internal.debugging.InvocationsPrinter$1	isOut(org.mockito.stubbing.Stubbing)	410	1	[false]	false	public	false	file:///private/tmp/projects/mockito/src/main/java/org/mockito/internal/debugging/InvocationsPrinter.java
1457	org.mockito.internal.debugging.LocationImpl	LocationImpl()	0	0	[]	false	public	false	file:///private/tmp/projects/mockito/src/main/java/org/mockito/internal/debugging/LocationImpl.java
1458	org.mockito.internal.debugging.LocationImpl	LocationImpl(java.lang.Throwable,boolean)	0	2	[false, false]	false	public	false	file:///private/tmp/projects/mockito/src/main/java/org/mockito/internal/debugging/LocationImpl.java
1459	org.mockito.internal.debugging.LocationImpl	LocationImpl(org.mockito.internal.exceptions.stacktrace.StackTraceFilter)	0	1	[false]	false	public	false	file:///private/tmp/projects/mockito/src/main/java/org/mockito/internal/debugging/LocationImpl.java
1460	org.mockito.internal.debugging.LocationImpl	LocationImpl(org.mockito.internal.exceptions.stacktrace.StackTraceFilter,java.lang.Throwable,boolean)	0	3	[false, false, false]	false	private	false	file:///private/tmp/projects/mockito/src/main/java/org/mockito/internal/debugging/LocationImpl.java
1461	org.mockito.internal.debugging.LocationImpl	toString()	4	0	[]	false	public	true	file:///private/tmp/projects/mockito/src/main/java/org/mockito/internal/debugging/LocationImpl.java
1462	org.mockito.internal.debugging.LocationImpl	computeStackTraceInformation(org.mockito.internal.exceptions.stacktrace.StackTraceFilter,java.lang.Throwable,boolean)	0	3	[false, false, false]	false	private	false	file:///private/tmp/projects/mockito/src/main/java/org/mockito/internal/debugging/LocationImpl.java
1463	org.mockito.internal.debugging.LocationImpl	getSourceFile()	5	0	[]	false	public	true	file:///private/tmp/projects/mockito/src/main/java/org/mockito/internal/debugging/LocationImpl.java
1464	org.mockito.internal.exceptions.stacktrace.StackTraceFilter	filter(java.lang.StackTraceElement[],boolean)	0	2	[false, false]	false	public	true	file:///private/tmp/projects/mockito/src/main/java/org/mockito/internal/exceptions/stacktrace/StackTraceFilter.java
1465	org.mockito.internal.exceptions.stacktrace.StackTraceFilter	filterFirst(java.lang.Throwable,boolean)	0	2	[false, false]	true	public	true	file:///private/tmp/projects/mockito/src/main/java/org/mockito/internal/exceptions/stacktrace/StackTraceFilter.java
1466	org.mockito.internal.exceptions.stacktrace.StackTraceFilter	findSourceFile(java.lang.StackTraceElement[],java.lang.String)	0	2	[false, false]	false	public	true	file:///private/tmp/projects/mockito/src/main/java/org/mockito/internal/exceptions/stacktrace/StackTraceFilter.java
1467	org.mockito.internal.debugging.WarningsCollector	WarningsCollector()	0	0	[]	false	public	false	file:///private/tmp/projects/mockito/src/main/java/org/mockito/internal/debugging/WarningsCollector.java
1468	org.mockito.internal.debugging.WarningsCollector	getWarnings()	0	0	[]	false	public	true	file:///private/tmp/projects/mockito/src/main/java/org/mockito/internal/debugging/WarningsCollector.java
1469	org.mockito.internal.debugging.VerboseMockInvocationLogger	VerboseMockInvocationLogger()	0	0	[]	false	public	false	file:///private/tmp/projects/mockito/src/main/java/org/mockito/internal/debugging/VerboseMockInvocationLogger.java
1470	org.mockito.internal.debugging.VerboseMockInvocationLogger	VerboseMockInvocationLogger(java.io.PrintStream)	0	1	[false]	false	public	false	file:///private/tmp/projects/mockito/src/main/java/org/mockito/internal/debugging/VerboseMockInvocationLogger.java
1471	org.mockito.internal.debugging.VerboseMockInvocationLogger	reportInvocation(org.mockito.listeners.MethodInvocationReport)	48	1	[false]	false	public	false	file:///private/tmp/projects/mockito/src/main/java/org/mockito/internal/debugging/VerboseMockInvocationLogger.java
1472	org.mockito.internal.debugging.VerboseMockInvocationLogger	printReturnedValueOrThrowable(org.mockito.listeners.MethodInvocationReport)	0	1	[false]	false	private	false	file:///private/tmp/projects/mockito/src/main/java/org/mockito/internal/debugging/VerboseMockInvocationLogger.java
1473	org.mockito.internal.debugging.VerboseMockInvocationLogger	printStubInfo(org.mockito.listeners.MethodInvocationReport)	0	1	[false]	false	private	false	file:///private/tmp/projects/mockito/src/main/java/org/mockito/internal/debugging/VerboseMockInvocationLogger.java
1474	org.mockito.internal.debugging.VerboseMockInvocationLogger	printHeader()	0	0	[]	false	private	false	file:///private/tmp/projects/mockito/src/main/java/org/mockito/internal/debugging/VerboseMockInvocationLogger.java
1475	org.mockito.internal.debugging.VerboseMockInvocationLogger	printInvocation(org.mockito.invocation.DescribedInvocation)	0	1	[false]	false	private	false	file:///private/tmp/projects/mockito/src/main/java/org/mockito/internal/debugging/VerboseMockInvocationLogger.java
1476	org.mockito.internal.debugging.VerboseMockInvocationLogger	printFooter()	0	0	[]	false	private	false	file:///private/tmp/projects/mockito/src/main/java/org/mockito/internal/debugging/VerboseMockInvocationLogger.java
1477	org.mockito.internal.debugging.VerboseMockInvocationLogger	printlnIndented(java.lang.String)	0	1	[false]	false	private	false	file:///private/tmp/projects/mockito/src/main/java/org/mockito/internal/debugging/VerboseMockInvocationLogger.java
1478	org.mockito.internal.debugging.LoggingListener	LoggingListener(boolean)	0	1	[false]	false	public	false	file:///private/tmp/projects/mockito/src/main/java/org/mockito/internal/debugging/LoggingListener.java
1479	org.mockito.internal.debugging.LoggingListener	foundStubCalledWithDifferentArgs(org.mockito.invocation.Invocation,org.mockito.internal.invocation.InvocationMatcher)	1452	2	[false, false]	false	public	false	file:///private/tmp/projects/mockito/src/main/java/org/mockito/internal/debugging/LoggingListener.java
1480	org.mockito.internal.debugging.LoggingListener	indexOfNextPair(int)	0	1	[false]	false	package	false	file:///private/tmp/projects/mockito/src/main/java/org/mockito/internal/debugging/LoggingListener.java
1481	org.mockito.internal.debugging.LoggingListener	foundUnusedStub(org.mockito.invocation.Invocation)	1453	1	[false]	false	public	false	file:///private/tmp/projects/mockito/src/main/java/org/mockito/internal/debugging/LoggingListener.java
1482	org.mockito.internal.debugging.LoggingListener	foundUnstubbed(org.mockito.internal.invocation.InvocationMatcher)	1454	1	[false]	false	public	false	file:///private/tmp/projects/mockito/src/main/java/org/mockito/internal/debugging/LoggingListener.java
1483	org.mockito.internal.debugging.LoggingListener	getStubbingInfo()	0	0	[]	false	public	true	file:///private/tmp/projects/mockito/src/main/java/org/mockito/internal/debugging/LoggingListener.java
1484	org.mockito.internal.debugging.LoggingListener	addOrderedList(java.util.List<java.lang.String>,java.util.List<java.lang.String>)	0	2	[false, false]	false	private	false	file:///private/tmp/projects/mockito/src/main/java/org/mockito/internal/debugging/LoggingListener.java
1485	org.mockito.internal.MockedConstructionImpl	MockedConstructionImpl(org.mockito.plugins.MockMaker.ConstructionMockControl<T>)	0	1	[false]	false	protected	false	file:///private/tmp/projects/mockito/src/main/java/org/mockito/internal/MockedConstructionImpl.java
1486	org.mockito.internal.MockedConstructionImpl	constructed()	264	0	[]	false	public	true	file:///private/tmp/projects/mockito/src/main/java/org/mockito/internal/MockedConstructionImpl.java
1487	org.mockito.internal.MockedConstructionImpl	isClosed()	201	0	[]	false	public	false	file:///private/tmp/projects/mockito/src/main/java/org/mockito/internal/MockedConstructionImpl.java
1488	org.mockito.internal.MockedConstructionImpl	close()	202	0	[]	false	public	false	file:///private/tmp/projects/mockito/src/main/java/org/mockito/internal/MockedConstructionImpl.java
1489	org.mockito.internal.MockedConstructionImpl	closeOnDemand()	203	0	[]	false	public	false	file:///private/tmp/projects/mockito/src/main/java/org/mockito/internal/MockedConstructionImpl.java
1490	org.mockito.internal.MockedConstructionImpl	assertNotClosed()	0	0	[]	false	private	false	file:///private/tmp/projects/mockito/src/main/java/org/mockito/internal/MockedConstructionImpl.java
1491	org.mockito.internal.exceptions.util.ScenarioPrinter	print(java.util.List<org.mockito.internal.exceptions.VerificationAwareInvocation>)	0	1	[false]	false	public	true	file:///private/tmp/projects/mockito/src/main/java/org/mockito/internal/exceptions/util/ScenarioPrinter.java
1492	org.mockito.internal.exceptions.stacktrace.DefaultStackTraceCleanerProvider	getStackTraceCleaner(org.mockito.exceptions.stacktrace.StackTraceCleaner)	284	1	[false]	false	public	true	file:///private/tmp/projects/mockito/src/main/java/org/mockito/internal/exceptions/stacktrace/DefaultStackTraceCleanerProvider.java
1493	org.mockito.internal.exceptions.stacktrace.ConditionalStackTraceFilter	filter(java.lang.Throwable)	0	1	[false]	false	public	false	file:///private/tmp/projects/mockito/src/main/java/org/mockito/internal/exceptions/stacktrace/ConditionalStackTraceFilter.java
1494	org.mockito.internal.exceptions.stacktrace.DefaultStackTraceCleaner	isIn(java.lang.StackTraceElement)	285	1	[false]	false	public	false	file:///private/tmp/projects/mockito/src/main/java/org/mockito/internal/exceptions/stacktrace/DefaultStackTraceCleaner.java
1495	org.mockito.internal.exceptions.stacktrace.DefaultStackTraceCleaner	isMockDispatcher(java.lang.String)	0	1	[false]	false	private	false	file:///private/tmp/projects/mockito/src/main/java/org/mockito/internal/exceptions/stacktrace/DefaultStackTraceCleaner.java
1496	org.mockito.internal.exceptions.stacktrace.DefaultStackTraceCleaner	isFromMockito(java.lang.String)	0	1	[false]	false	private	false	file:///private/tmp/projects/mockito/src/main/java/org/mockito/internal/exceptions/stacktrace/DefaultStackTraceCleaner.java
1497	org.mockito.internal.exceptions.stacktrace.DefaultStackTraceCleaner	isFromMockitoRule(java.lang.String)	0	1	[false]	false	private	false	file:///private/tmp/projects/mockito/src/main/java/org/mockito/internal/exceptions/stacktrace/DefaultStackTraceCleaner.java
1498	org.mockito.internal.exceptions.stacktrace.DefaultStackTraceCleaner	isFromMockitoRunner(java.lang.String)	0	1	[false]	false	private	false	file:///private/tmp/projects/mockito/src/main/java/org/mockito/internal/exceptions/stacktrace/DefaultStackTraceCleaner.java
1499	org.mockito.internal.exceptions.ExceptionIncludingMockitoWarnings	ExceptionIncludingMockitoWarnings(java.lang.String,java.lang.Throwable)	0	2	[false, false]	false	public	false	file:///private/tmp/projects/mockito/src/main/java/org/mockito/internal/exceptions/ExceptionIncludingMockitoWarnings.java
1500	org.mockito.internal.verification.VerificationWrapper	VerificationWrapper(WrapperType)	0	1	[false]	false	public	false	file:///private/tmp/projects/mockito/src/main/java/org/mockito/internal/verification/VerificationWrapper.java
1501	org.mockito.internal.verification.VerificationWrapper	verify(org.mockito.internal.verification.api.VerificationData)	123	1	[false]	false	public	false	file:///private/tmp/projects/mockito/src/main/java/org/mockito/internal/verification/VerificationWrapper.java
1502	org.mockito.internal.verification.VerificationWrapper	copySelfWithNewVerificationMode(org.mockito.verification.VerificationMode)	0	1	[false]	false	protected	true	file:///private/tmp/projects/mockito/src/main/java/org/mockito/internal/verification/VerificationWrapper.java
1503	org.mockito.internal.verification.VerificationWrapper	times(int)	0	1	[false]	false	public	true	file:///private/tmp/projects/mockito/src/main/java/org/mockito/internal/verification/VerificationWrapper.java
1504	org.mockito.internal.verification.VerificationWrapper	never()	0	0	[]	false	public	true	file:///private/tmp/projects/mockito/src/main/java/org/mockito/internal/verification/VerificationWrapper.java
1505	org.mockito.internal.verification.VerificationWrapper	atLeastOnce()	0	0	[]	false	public	true	file:///private/tmp/projects/mockito/src/main/java/org/mockito/internal/verification/VerificationWrapper.java
1506	org.mockito.internal.verification.VerificationWrapper	atLeast(int)	0	1	[false]	false	public	true	file:///private/tmp/projects/mockito/src/main/java/org/mockito/internal/verification/VerificationWrapper.java
1507	org.mockito.internal.verification.VerificationWrapper	atMostOnce()	0	0	[]	false	public	true	file:///private/tmp/projects/mockito/src/main/java/org/mockito/internal/verification/VerificationWrapper.java
1508	org.mockito.internal.verification.VerificationWrapper	atMost(int)	0	1	[false]	false	public	true	file:///private/tmp/projects/mockito/src/main/java/org/mockito/internal/verification/VerificationWrapper.java
1509	org.mockito.internal.verification.VerificationWrapper	only()	0	0	[]	false	public	true	file:///private/tmp/projects/mockito/src/main/java/org/mockito/internal/verification/VerificationWrapper.java
1510	org.mockito.internal.verification.VerificationDataImpl	VerificationDataImpl(org.mockito.internal.stubbing.InvocationContainerImpl,org.mockito.internal.invocation.InvocationMatcher)	0	2	[false, true]	false	public	false	file:///private/tmp/projects/mockito/src/main/java/org/mockito/internal/verification/VerificationDataImpl.java
1511	org.mockito.internal.verification.VerificationDataImpl	getAllInvocations()	136	0	[]	false	public	true	file:///private/tmp/projects/mockito/src/main/java/org/mockito/internal/verification/VerificationDataImpl.java
1512	org.mockito.internal.verification.VerificationDataImpl	getTarget()	137	0	[]	false	public	true	file:///private/tmp/projects/mockito/src/main/java/org/mockito/internal/verification/VerificationDataImpl.java
1513	org.mockito.internal.verification.VerificationDataImpl	getWanted()	138	0	[]	false	public	true	file:///private/tmp/projects/mockito/src/main/java/org/mockito/internal/verification/VerificationDataImpl.java
1514	org.mockito.internal.verification.VerificationDataImpl	assertWantedIsVerifiable()	0	0	[]	false	private	false	file:///private/tmp/projects/mockito/src/main/java/org/mockito/internal/verification/VerificationDataImpl.java
1515	org.mockito.internal.verification.checkers.AtLeastXNumberOfInvocationsChecker	checkAtLeastNumberOfInvocations(java.util.List<org.mockito.invocation.Invocation>,org.mockito.invocation.MatchableInvocation,int)	0	3	[false, false, false]	false	public	false	file:///private/tmp/projects/mockito/src/main/java/org/mockito/internal/verification/checkers/AtLeastXNumberOfInvocationsChecker.java
1516	org.mockito.internal.verification.checkers.AtLeastXNumberOfInvocationsChecker	checkAtLeastNumberOfInvocations(java.util.List<org.mockito.invocation.Invocation>,org.mockito.invocation.MatchableInvocation,int,org.mockito.internal.verification.api.InOrderContext)	0	4	[false, false, false, false]	false	public	false	file:///private/tmp/projects/mockito/src/main/java/org/mockito/internal/verification/checkers/AtLeastXNumberOfInvocationsChecker.java
1517	org.mockito.internal.verification.checkers.AtLeastDiscrepancy	AtLeastDiscrepancy(int,int)	0	2	[false, false]	false	public	false	file:///private/tmp/projects/mockito/src/main/java/org/mockito/internal/verification/checkers/AtLeastDiscrepancy.java
1518	org.mockito.internal.verification.checkers.AtLeastDiscrepancy	getPluralizedWantedCount()	391	0	[]	false	public	true	file:///private/tmp/projects/mockito/src/main/java/org/mockito/internal/verification/checkers/AtLeastDiscrepancy.java
1519	org.mockito.internal.verification.VerificationWrapperInOrderWrapper	VerificationWrapperInOrderWrapper(org.mockito.internal.verification.VerificationWrapper<?>,org.mockito.internal.InOrderImpl)	0	2	[false, false]	false	public	false	file:///private/tmp/projects/mockito/src/main/java/org/mockito/internal/verification/VerificationWrapperInOrderWrapper.java
1520	org.mockito.internal.verification.VerificationWrapperInOrderWrapper	verify(org.mockito.internal.verification.api.VerificationData)	123	1	[false]	false	public	false	file:///private/tmp/projects/mockito/src/main/java/org/mockito/internal/verification/VerificationWrapperInOrderWrapper.java
1521	org.mockito.internal.verification.VerificationWrapperInOrderWrapper	wrapInOrder(org.mockito.internal.verification.VerificationWrapper<?>,org.mockito.verification.VerificationMode,org.mockito.internal.InOrderImpl)	0	3	[false, false, false]	false	private	true	file:///private/tmp/projects/mockito/src/main/java/org/mockito/internal/verification/VerificationWrapperInOrderWrapper.java
1522	org.mockito.internal.InOrderImpl	getMocksToBeVerifiedInOrder()	0	0	[]	false	public	true	file:///private/tmp/projects/mockito/src/main/java/org/mockito/internal/InOrderImpl.java
1523	org.mockito.internal.InOrderImpl	InOrderImpl(java.util.List<?>)	0	1	[false]	false	public	false	file:///private/tmp/projects/mockito/src/main/java/org/mockito/internal/InOrderImpl.java
1524	org.mockito.internal.InOrderImpl	<T>verify(T)	210	1	[false]	false	public	true	file:///private/tmp/projects/mockito/src/main/java/org/mockito/internal/InOrderImpl.java
1525	org.mockito.internal.InOrderImpl	<T>verify(T,org.mockito.verification.VerificationMode)	211	2	[false, false]	false	public	true	file:///private/tmp/projects/mockito/src/main/java/org/mockito/internal/InOrderImpl.java
1526	org.mockito.internal.InOrderImpl	isVerified(org.mockito.invocation.Invocation)	430	1	[false]	false	public	false	file:///private/tmp/projects/mockito/src/main/java/org/mockito/internal/InOrderImpl.java
1527	org.mockito.internal.InOrderImpl	markVerified(org.mockito.invocation.Invocation)	431	1	[false]	false	public	false	file:///private/tmp/projects/mockito/src/main/java/org/mockito/internal/InOrderImpl.java
1528	org.mockito.internal.InOrderImpl	verifyNoMoreInteractions()	212	0	[]	false	public	false	file:///private/tmp/projects/mockito/src/main/java/org/mockito/internal/InOrderImpl.java
1529	org.mockito.internal.verification.AtLeast	AtLeast(int)	0	1	[false]	false	public	false	file:///private/tmp/projects/mockito/src/main/java/org/mockito/internal/verification/AtLeast.java
1530	org.mockito.internal.verification.AtLeast	verify(org.mockito.internal.verification.api.VerificationData)	123	1	[false]	false	public	false	file:///private/tmp/projects/mockito/src/main/java/org/mockito/internal/verification/AtLeast.java
1531	org.mockito.internal.verification.AtLeast	verifyInOrder(org.mockito.internal.verification.api.VerificationDataInOrder)	914	1	[false]	false	public	false	file:///private/tmp/projects/mockito/src/main/java/org/mockito/internal/verification/AtLeast.java
1532	org.mockito.internal.verification.AtLeast	toString()	2	0	[]	false	public	true	file:///private/tmp/projects/mockito/src/main/java/org/mockito/internal/verification/AtLeast.java
1533	org.mockito.internal.verification.DefaultRegisteredInvocations	add(org.mockito.invocation.Invocation)	577	1	[false]	false	public	false	file:///private/tmp/projects/mockito/src/main/java/org/mockito/internal/verification/DefaultRegisteredInvocations.java
1534	org.mockito.internal.verification.DefaultRegisteredInvocations	removeLast()	578	0	[]	false	public	false	file:///private/tmp/projects/mockito/src/main/java/org/mockito/internal/verification/DefaultRegisteredInvocations.java
1535	org.mockito.internal.verification.DefaultRegisteredInvocations	getAll()	579	0	[]	false	public	true	file:///private/tmp/projects/mockito/src/main/java/org/mockito/internal/verification/DefaultRegisteredInvocations.java
1536	org.mockito.internal.verification.DefaultRegisteredInvocations	clear()	580	0	[]	false	public	false	file:///private/tmp/projects/mockito/src/main/java/org/mockito/internal/verification/DefaultRegisteredInvocations.java
1537	org.mockito.internal.verification.DefaultRegisteredInvocations	isEmpty()	581	0	[]	false	public	false	file:///private/tmp/projects/mockito/src/main/java/org/mockito/internal/verification/DefaultRegisteredInvocations.java
1538	org.mockito.internal.verification.DefaultRegisteredInvocations$RemoveToString	isOut(org.mockito.invocation.Invocation)	410	1	[false]	false	public	false	file:///private/tmp/projects/mockito/src/main/java/org/mockito/internal/verification/DefaultRegisteredInvocations.java
1539	org.mockito.internal.verification.VerificationOverTimeImpl	VerificationOverTimeImpl(long,long,org.mockito.verification.VerificationMode,boolean)	0	4	[false, false, false, false]	false	public	false	file:///private/tmp/projects/mockito/src/main/java/org/mockito/internal/verification/VerificationOverTimeImpl.java
1540	org.mockito.internal.verification.VerificationOverTimeImpl	VerificationOverTimeImpl(long,org.mockito.verification.VerificationMode,boolean,org.mockito.internal.util.Timer)	0	4	[false, false, false, false]	false	public	false	file:///private/tmp/projects/mockito/src/main/java/org/mockito/internal/verification/VerificationOverTimeImpl.java
1541	org.mockito.internal.verification.VerificationOverTimeImpl	verify(org.mockito.internal.verification.api.VerificationData)	123	1	[false]	false	public	false	file:///private/tmp/projects/mockito/src/main/java/org/mockito/internal/verification/VerificationOverTimeImpl.java
1542	org.mockito.internal.verification.VerificationOverTimeImpl	handleVerifyException(java.lang.AssertionError)	0	1	[false]	false	private	true	file:///private/tmp/projects/mockito/src/main/java/org/mockito/internal/verification/VerificationOverTimeImpl.java
1543	org.mockito.internal.verification.VerificationOverTimeImpl	canRecoverFromFailure(org.mockito.verification.VerificationMode)	0	1	[false]	false	protected	false	file:///private/tmp/projects/mockito/src/main/java/org/mockito/internal/verification/VerificationOverTimeImpl.java
1544	org.mockito.internal.verification.VerificationOverTimeImpl	copyWithVerificationMode(org.mockito.verification.VerificationMode)	0	1	[false]	false	public	true	file:///private/tmp/projects/mockito/src/main/java/org/mockito/internal/verification/VerificationOverTimeImpl.java
1545	org.mockito.internal.verification.VerificationOverTimeImpl	sleep(long)	0	1	[false]	false	private	false	file:///private/tmp/projects/mockito/src/main/java/org/mockito/internal/verification/VerificationOverTimeImpl.java
1546	org.mockito.internal.verification.VerificationOverTimeImpl	isReturnOnSuccess()	0	0	[]	false	public	false	file:///private/tmp/projects/mockito/src/main/java/org/mockito/internal/verification/VerificationOverTimeImpl.java
1547	org.mockito.internal.verification.VerificationOverTimeImpl	getPollingPeriodMillis()	0	0	[]	false	public	false	file:///private/tmp/projects/mockito/src/main/java/org/mockito/internal/verification/VerificationOverTimeImpl.java
1548	org.mockito.internal.verification.VerificationOverTimeImpl	getTimer()	0	0	[]	false	public	true	file:///private/tmp/projects/mockito/src/main/java/org/mockito/internal/verification/VerificationOverTimeImpl.java
1549	org.mockito.internal.verification.VerificationOverTimeImpl	getDelegate()	0	0	[]	false	public	true	file:///private/tmp/projects/mockito/src/main/java/org/mockito/internal/verification/VerificationOverTimeImpl.java
1550	org.mockito.internal.verification.Description	Description(org.mockito.verification.VerificationMode,java.lang.String)	0	2	[false, false]	false	public	false	file:///private/tmp/projects/mockito/src/main/java/org/mockito/internal/verification/Description.java
1551	org.mockito.internal.verification.Description	verify(org.mockito.internal.verification.api.VerificationData)	123	1	[false]	false	public	false	file:///private/tmp/projects/mockito/src/main/java/org/mockito/internal/verification/Description.java
1552	org.mockito.internal.verification.AtMost	AtMost(int)	0	1	[false]	false	public	false	file:///private/tmp/projects/mockito/src/main/java/org/mockito/internal/verification/AtMost.java
1553	org.mockito.internal.verification.AtMost	verify(org.mockito.internal.verification.api.VerificationData)	123	1	[false]	false	public	false	file:///private/tmp/projects/mockito/src/main/java/org/mockito/internal/verification/AtMost.java
1554	org.mockito.internal.verification.AtMost	removeAlreadyVerified(java.util.List<org.mockito.invocation.Invocation>)	0	1	[false]	false	private	false	file:///private/tmp/projects/mockito/src/main/java/org/mockito/internal/verification/AtMost.java
1555	org.mockito.internal.verification.MockAwareVerificationMode	MockAwareVerificationMode(java.lang.Object,org.mockito.verification.VerificationMode,java.util.Set<org.mockito.listeners.VerificationListener>)	0	3	[false, false, false]	false	public	false	file:///private/tmp/projects/mockito/src/main/java/org/mockito/internal/verification/MockAwareVerificationMode.java
1556	org.mockito.internal.verification.MockAwareVerificationMode	verify(org.mockito.internal.verification.api.VerificationData)	123	1	[false]	false	public	false	file:///private/tmp/projects/mockito/src/main/java/org/mockito/internal/verification/MockAwareVerificationMode.java
1557	org.mockito.internal.verification.MockAwareVerificationMode	notifyListeners(org.mockito.verification.VerificationEvent)	0	1	[false]	false	private	false	file:///private/tmp/projects/mockito/src/main/java/org/mockito/internal/verification/MockAwareVerificationMode.java
1558	org.mockito.internal.verification.MockAwareVerificationMode	getMock()	0	0	[]	false	public	true	file:///private/tmp/projects/mockito/src/main/java/org/mockito/internal/verification/MockAwareVerificationMode.java
1559	org.mockito.internal.verification.InOrderContextImpl	isVerified(org.mockito.invocation.Invocation)	430	1	[false]	false	public	false	file:///private/tmp/projects/mockito/src/main/java/org/mockito/internal/verification/InOrderContextImpl.java
1560	org.mockito.internal.verification.InOrderContextImpl	markVerified(org.mockito.invocation.Invocation)	431	1	[false]	false	public	false	file:///private/tmp/projects/mockito/src/main/java/org/mockito/internal/verification/InOrderContextImpl.java
1561	org.mockito.internal.verification.VerificationEventImpl	VerificationEventImpl(java.lang.Object,org.mockito.verification.VerificationMode,org.mockito.internal.verification.api.VerificationData,java.lang.Throwable)	0	4	[false, false, false, true]	false	public	false	file:///private/tmp/projects/mockito/src/main/java/org/mockito/internal/verification/VerificationEventImpl.java
1562	org.mockito.internal.verification.VerificationEventImpl	getMock()	169	0	[]	false	public	true	file:///private/tmp/projects/mockito/src/main/java/org/mockito/internal/verification/VerificationEventImpl.java
1563	org.mockito.internal.verification.VerificationEventImpl	getMode()	170	0	[]	false	public	true	file:///private/tmp/projects/mockito/src/main/java/org/mockito/internal/verification/VerificationEventImpl.java
1564	org.mockito.internal.verification.VerificationEventImpl	getData()	171	0	[]	false	public	true	file:///private/tmp/projects/mockito/src/main/java/org/mockito/internal/verification/VerificationEventImpl.java
1565	org.mockito.internal.verification.VerificationEventImpl	getVerificationError()	172	0	[]	true	public	true	file:///private/tmp/projects/mockito/src/main/java/org/mockito/internal/verification/VerificationEventImpl.java
1566	org.mockito.internal.verification.InOrderWrapper	InOrderWrapper(org.mockito.internal.verification.api.VerificationInOrderMode,org.mockito.internal.InOrderImpl)	0	2	[false, false]	false	public	false	file:///private/tmp/projects/mockito/src/main/java/org/mockito/internal/verification/InOrderWrapper.java
1567	org.mockito.internal.verification.InOrderWrapper	verify(org.mockito.internal.verification.api.VerificationData)	123	1	[false]	false	public	false	file:///private/tmp/projects/mockito/src/main/java/org/mockito/internal/verification/InOrderWrapper.java
1568	org.mockito.internal.verification.api.VerificationDataInOrderImpl	VerificationDataInOrderImpl(org.mockito.internal.verification.api.InOrderContext,java.util.List<org.mockito.invocation.Invocation>,org.mockito.invocation.MatchableInvocation)	0	3	[false, false, true]	false	public	false	file:///private/tmp/projects/mockito/src/main/java/org/mockito/internal/verification/api/VerificationDataInOrderImpl.java
1569	org.mockito.internal.verification.api.VerificationDataInOrderImpl	getAllInvocations()	924	0	[]	false	public	true	file:///private/tmp/projects/mockito/src/main/java/org/mockito/internal/verification/api/VerificationDataInOrderImpl.java
1570	org.mockito.internal.verification.api.VerificationDataInOrderImpl	getOrderingContext()	926	0	[]	false	public	true	file:///private/tmp/projects/mockito/src/main/java/org/mockito/internal/verification/api/VerificationDataInOrderImpl.java
1571	org.mockito.internal.verification.api.VerificationDataInOrderImpl	getWanted()	925	0	[]	true	public	true	file:///private/tmp/projects/mockito/src/main/java/org/mockito/internal/verification/api/VerificationDataInOrderImpl.java
1572	org.mockito.internal.verification.SingleRegisteredInvocation	add(org.mockito.invocation.Invocation)	577	1	[false]	false	public	false	file:///private/tmp/projects/mockito/src/main/java/org/mockito/internal/verification/SingleRegisteredInvocation.java
1573	org.mockito.internal.verification.SingleRegisteredInvocation	removeLast()	578	0	[]	false	public	false	file:///private/tmp/projects/mockito/src/main/java/org/mockito/internal/verification/SingleRegisteredInvocation.java
1574	org.mockito.internal.verification.SingleRegisteredInvocation	getAll()	579	0	[]	false	public	true	file:///private/tmp/projects/mockito/src/main/java/org/mockito/internal/verification/SingleRegisteredInvocation.java
1575	org.mockito.internal.verification.SingleRegisteredInvocation	clear()	580	0	[]	false	public	false	file:///private/tmp/projects/mockito/src/main/java/org/mockito/internal/verification/SingleRegisteredInvocation.java
1576	org.mockito.internal.verification.SingleRegisteredInvocation	isEmpty()	581	0	[]	false	public	false	file:///private/tmp/projects/mockito/src/main/java/org/mockito/internal/verification/SingleRegisteredInvocation.java
1577	org.mockito.internal.verification.Only	verify(org.mockito.internal.verification.api.VerificationData)	123	1	[false]	false	public	false	file:///private/tmp/projects/mockito/src/main/java/org/mockito/internal/verification/Only.java
1578	org.mockito.internal.creation.DelegatingMethod	DelegatingMethod(java.lang.reflect.Method)	0	1	[false]	false	public	false	file:///private/tmp/projects/mockito/src/main/java/org/mockito/internal/creation/DelegatingMethod.java
1579	org.mockito.internal.creation.DelegatingMethod	getExceptionTypes()	404	0	[]	false	public	true	file:///private/tmp/projects/mockito/src/main/java/org/mockito/internal/creation/DelegatingMethod.java
1580	org.mockito.internal.creation.DelegatingMethod	getJavaMethod()	406	0	[]	false	public	true	file:///private/tmp/projects/mockito/src/main/java/org/mockito/internal/creation/DelegatingMethod.java
1581	org.mockito.internal.creation.DelegatingMethod	getName()	401	0	[]	false	public	true	file:///private/tmp/projects/mockito/src/main/java/org/mockito/internal/creation/DelegatingMethod.java
1582	org.mockito.internal.creation.DelegatingMethod	getParameterTypes()	403	0	[]	false	public	true	file:///private/tmp/projects/mockito/src/main/java/org/mockito/internal/creation/DelegatingMethod.java
1583	org.mockito.internal.creation.DelegatingMethod	getReturnType()	402	0	[]	false	public	true	file:///private/tmp/projects/mockito/src/main/java/org/mockito/internal/creation/DelegatingMethod.java
1584	org.mockito.internal.creation.DelegatingMethod	isVarArgs()	405	0	[]	false	public	false	file:///private/tmp/projects/mockito/src/main/java/org/mockito/internal/creation/DelegatingMethod.java
1585	org.mockito.internal.creation.DelegatingMethod	isAbstract()	407	0	[]	false	public	false	file:///private/tmp/projects/mockito/src/main/java/org/mockito/internal/creation/DelegatingMethod.java
1586	org.mockito.internal.creation.DelegatingMethod	equals(java.lang.Object)	494	1	[false]	false	public	false	file:///private/tmp/projects/mockito/src/main/java/org/mockito/internal/creation/DelegatingMethod.java
1587	org.mockito.internal.creation.DelegatingMethod	hashCode()	492	0	[]	false	public	false	file:///private/tmp/projects/mockito/src/main/java/org/mockito/internal/creation/DelegatingMethod.java
1588	org.mockito.internal.creation.MockSettingsImpl	serializable()	188	0	[]	false	public	true	file:///private/tmp/projects/mockito/src/main/java/org/mockito/internal/creation/MockSettingsImpl.java
1589	org.mockito.internal.creation.MockSettingsImpl	serializable(org.mockito.mock.SerializableMode)	189	1	[false]	false	public	true	file:///private/tmp/projects/mockito/src/main/java/org/mockito/internal/creation/MockSettingsImpl.java
1590	org.mockito.internal.creation.MockSettingsImpl	extraInterfaces(java.lang.Class<?>...)	184	1	[false]	false	public	true	file:///private/tmp/projects/mockito/src/main/java/org/mockito/internal/creation/MockSettingsImpl.java
1591	org.mockito.internal.creation.MockSettingsImpl	getMockName()	591	0	[]	false	public	true	file:///private/tmp/projects/mockito/src/main/java/org/mockito/internal/creation/MockSettingsImpl.java
1592	org.mockito.internal.creation.MockSettingsImpl	getExtraInterfaces()	586	0	[]	false	public	true	file:///private/tmp/projects/mockito/src/main/java/org/mockito/internal/creation/MockSettingsImpl.java
1593	org.mockito.internal.creation.MockSettingsImpl	getSpiedInstance()	589	0	[]	true	public	true	file:///private/tmp/projects/mockito/src/main/java/org/mockito/internal/creation/MockSettingsImpl.java
1594	org.mockito.internal.creation.MockSettingsImpl	name(java.lang.String)	185	1	[false]	false	public	true	file:///private/tmp/projects/mockito/src/main/java/org/mockito/internal/creation/MockSettingsImpl.java
1595	org.mockito.internal.creation.MockSettingsImpl	spiedInstance(java.lang.Object)	186	1	[false]	false	public	true	file:///private/tmp/projects/mockito/src/main/java/org/mockito/internal/creation/MockSettingsImpl.java
1596	org.mockito.internal.creation.MockSettingsImpl	defaultAnswer(org.mockito.stubbing.Answer)	187	1	[false]	false	public	true	file:///private/tmp/projects/mockito/src/main/java/org/mockito/internal/creation/MockSettingsImpl.java
1597	org.mockito.internal.creation.MockSettingsImpl	getDefaultAnswer()	590	0	[]	false	public	true	file:///private/tmp/projects/mockito/src/main/java/org/mockito/internal/creation/MockSettingsImpl.java
1598	org.mockito.internal.creation.MockSettingsImpl	stubOnly()	194	0	[]	false	public	true	file:///private/tmp/projects/mockito/src/main/java/org/mockito/internal/creation/MockSettingsImpl.java
1599	org.mockito.internal.creation.MockSettingsImpl	useConstructor(java.lang.Object...)	195	1	[false]	false	public	true	file:///private/tmp/projects/mockito/src/main/java/org/mockito/internal/creation/MockSettingsImpl.java
1600	org.mockito.internal.creation.MockSettingsImpl	outerInstance(java.lang.Object)	196	1	[false]	false	public	true	file:///private/tmp/projects/mockito/src/main/java/org/mockito/internal/creation/MockSettingsImpl.java
1601	org.mockito.internal.creation.MockSettingsImpl	withoutAnnotations()	197	0	[]	false	public	true	file:///private/tmp/projects/mockito/src/main/java/org/mockito/internal/creation/MockSettingsImpl.java
1602	org.mockito.internal.creation.MockSettingsImpl	isUsingConstructor()	599	0	[]	false	public	false	file:///private/tmp/projects/mockito/src/main/java/org/mockito/internal/creation/MockSettingsImpl.java
1603	org.mockito.internal.creation.MockSettingsImpl	getOuterClassInstance()	602	0	[]	true	public	true	file:///private/tmp/projects/mockito/src/main/java/org/mockito/internal/creation/MockSettingsImpl.java
1604	org.mockito.internal.creation.MockSettingsImpl	getConstructorArgs()	601	0	[]	true	public	true	file:///private/tmp/projects/mockito/src/main/java/org/mockito/internal/creation/MockSettingsImpl.java
1605	org.mockito.internal.creation.MockSettingsImpl	isStubOnly()	603	0	[]	false	public	false	file:///private/tmp/projects/mockito/src/main/java/org/mockito/internal/creation/MockSettingsImpl.java
1606	org.mockito.internal.creation.MockSettingsImpl	verboseLogging()	190	0	[]	false	public	true	file:///private/tmp/projects/mockito/src/main/java/org/mockito/internal/creation/MockSettingsImpl.java
1607	org.mockito.internal.creation.MockSettingsImpl	invocationListeners(org.mockito.listeners.InvocationListener...)	192	1	[false]	false	public	true	file:///private/tmp/projects/mockito/src/main/java/org/mockito/internal/creation/MockSettingsImpl.java
1608	org.mockito.internal.creation.MockSettingsImpl	stubbingLookupListeners(org.mockito.listeners.StubbingLookupListener...)	191	1	[false]	false	public	true	file:///private/tmp/projects/mockito/src/main/java/org/mockito/internal/creation/MockSettingsImpl.java
1609	org.mockito.internal.creation.MockSettingsImpl	<T>addListeners(T[],java.util.List<T>,java.lang.String)	0	3	[false, false, false]	false	package	false	file:///private/tmp/projects/mockito/src/main/java/org/mockito/internal/creation/MockSettingsImpl.java
1610	org.mockito.internal.creation.MockSettingsImpl	verificationStartedListeners(org.mockito.listeners.VerificationStartedListener...)	193	1	[false]	false	public	true	file:///private/tmp/projects/mockito/src/main/java/org/mockito/internal/creation/MockSettingsImpl.java
1611	org.mockito.internal.creation.MockSettingsImpl	invocationListenersContainsType(java.lang.Class<?>)	0	1	[false]	false	private	false	file:///private/tmp/projects/mockito/src/main/java/org/mockito/internal/creation/MockSettingsImpl.java
1612	org.mockito.internal.creation.MockSettingsImpl	hasInvocationListeners()	0	0	[]	false	public	false	file:///private/tmp/projects/mockito/src/main/java/org/mockito/internal/creation/MockSettingsImpl.java
1613	org.mockito.internal.creation.MockSettingsImpl	getTypeToMock()	584	0	[]	false	public	true	file:///private/tmp/projects/mockito/src/main/java/org/mockito/internal/creation/MockSettingsImpl.java
1614	org.mockito.internal.creation.MockSettingsImpl	<T>build(java.lang.Class<T>)	198	1	[false]	false	public	true	file:///private/tmp/projects/mockito/src/main/java/org/mockito/internal/creation/MockSettingsImpl.java
1615	org.mockito.internal.creation.MockSettingsImpl	<T>buildStatic(java.lang.Class<T>)	199	1	[false]	false	public	true	file:///private/tmp/projects/mockito/src/main/java/org/mockito/internal/creation/MockSettingsImpl.java
1616	org.mockito.internal.creation.MockSettingsImpl	lenient()	200	0	[]	false	public	true	file:///private/tmp/projects/mockito/src/main/java/org/mockito/internal/creation/MockSettingsImpl.java
1617	org.mockito.internal.creation.MockSettingsImpl	<T>validatedSettings(java.lang.Class<T>,org.mockito.internal.creation.settings.CreationSettings<T>)	0	2	[false, false]	false	private	true	file:///private/tmp/projects/mockito/src/main/java/org/mockito/internal/creation/MockSettingsImpl.java
1618	org.mockito.internal.creation.MockSettingsImpl	<T>validatedStaticSettings(java.lang.Class<T>,org.mockito.internal.creation.settings.CreationSettings<T>)	0	2	[false, false]	false	private	true	file:///private/tmp/projects/mockito/src/main/java/org/mockito/internal/creation/MockSettingsImpl.java
1619	org.mockito.internal.creation.MockSettingsImpl	prepareExtraInterfaces(org.mockito.internal.creation.settings.CreationSettings)	0	1	[false]	false	private	true	file:///private/tmp/projects/mockito/src/main/java/org/mockito/internal/creation/MockSettingsImpl.java
1620	org.mockito.internal.creation.bytebuddy.MockFeatures	MockFeatures(java.lang.Class<T>,java.util.Set<java.lang.Class<?>>,org.mockito.mock.SerializableMode,boolean)	0	4	[false, false, false, false]	false	private	false	file:///private/tmp/projects/mockito/src/main/java/org/mockito/internal/creation/bytebuddy/MockFeatures.java
1621	org.mockito.internal.creation.bytebuddy.MockFeatures	<T>withMockFeatures(java.lang.Class<T>,java.util.Set<java.lang.Class<?>>,org.mockito.mock.SerializableMode,boolean)	0	4	[false, false, false, false]	false	public	true	file:///private/tmp/projects/mockito/src/main/java/org/mockito/internal/creation/bytebuddy/MockFeatures.java
1622	org.mockito.internal.creation.bytebuddy.InlineBytecodeGenerator	InlineBytecodeGenerator(java.lang.instrument.Instrumentation,org.mockito.internal.util.concurrent.WeakConcurrentMap<java.lang.Object,org.mockito.internal.creation.bytebuddy.MockMethodInterceptor>,org.mockito.internal.util.concurrent.DetachedThreadLocal<java.util.Map<java.lang.Class<?>,org.mockito.internal.creation.bytebuddy.MockMethodInterceptor>>,java.util.function.Predicate<java.lang.Class<?>>,org.mockito.internal.creation.bytebuddy.ConstructionCallback)	0	5	[false, false, false, false, false]	false	public	false	file:///private/tmp/projects/mockito/src/main/java/org/mockito/internal/creation/bytebuddy/InlineBytecodeGenerator.java
1623	org.mockito.internal.creation.bytebuddy.InlineBytecodeGenerator	preload()	0	0	[]	false	private	false	file:///private/tmp/projects/mockito/src/main/java/org/mockito/internal/creation/bytebuddy/InlineBytecodeGenerator.java
1624	org.mockito.internal.creation.bytebuddy.InlineBytecodeGenerator	<T>mockClass(org.mockito.internal.creation.bytebuddy.MockFeatures<T>)	1625	1	[false]	false	public	true	file:///private/tmp/projects/mockito/src/main/java/org/mockito/internal/creation/bytebuddy/InlineBytecodeGenerator.java
1626	org.mockito.internal.creation.bytebuddy.InlineBytecodeGenerator	mockClassStatic(java.lang.Class<?>)	1627	1	[false]	false	public	false	file:///private/tmp/projects/mockito/src/main/java/org/mockito/internal/creation/bytebuddy/InlineBytecodeGenerator.java
1628	org.mockito.internal.creation.bytebuddy.InlineBytecodeGenerator	mockClassConstruction(java.lang.Class<?>)	1629	1	[false]	false	public	false	file:///private/tmp/projects/mockito/src/main/java/org/mockito/internal/creation/bytebuddy/InlineBytecodeGenerator.java
1630	org.mockito.internal.creation.bytebuddy.InlineBytecodeGenerator	<T>triggerRetransformation(java.util.Set<java.lang.Class<?>>,boolean)	0	2	[false, false]	false	private	false	file:///private/tmp/projects/mockito/src/main/java/org/mockito/internal/creation/bytebuddy/InlineBytecodeGenerator.java
1631	org.mockito.internal.creation.bytebuddy.InlineBytecodeGenerator	assureCanReadMockito(java.util.Set<java.lang.Class<?>>)	0	1	[false]	false	private	false	file:///private/tmp/projects/mockito/src/main/java/org/mockito/internal/creation/bytebuddy/InlineBytecodeGenerator.java
1632	org.mockito.internal.creation.bytebuddy.InlineBytecodeGenerator	<T>checkSupportedCombination(boolean,org.mockito.internal.creation.bytebuddy.MockFeatures<T>)	0	2	[false, false]	false	private	false	file:///private/tmp/projects/mockito/src/main/java/org/mockito/internal/creation/bytebuddy/InlineBytecodeGenerator.java
1633	org.mockito.internal.creation.bytebuddy.InlineBytecodeGenerator	addInterfaces(java.util.Set<java.lang.Class<?>>,java.lang.Class<?>[])	0	2	[false, false]	false	private	false	file:///private/tmp/projects/mockito/src/main/java/org/mockito/internal/creation/bytebuddy/InlineBytecodeGenerator.java
1634	org.mockito.internal.creation.bytebuddy.InlineBytecodeGenerator	transform(java.lang.ClassLoader,java.lang.String,java.lang.Class<?>,java.security.ProtectionDomain,byte[])	1635	5	[false, false, false, false, false]	true	public	true	file:///private/tmp/projects/mockito/src/main/java/org/mockito/internal/creation/bytebuddy/InlineBytecodeGenerator.java
1636	org.mockito.internal.creation.bytebuddy.InlineBytecodeGenerator$ParameterWritingVisitorWrapper	ParameterWritingVisitorWrapper(java.lang.Class<?>)	0	1	[false]	false	private	false	file:///private/tmp/projects/mockito/src/main/java/org/mockito/internal/creation/bytebuddy/InlineBytecodeGenerator.java
1637	org.mockito.internal.creation.bytebuddy.InlineBytecodeGenerator$ParameterWritingVisitorWrapper	wrap(net.bytebuddy.description.type.TypeDescription,net.bytebuddy.jar.asm.ClassVisitor,net.bytebuddy.implementation.Implementation.Context,net.bytebuddy.pool.TypePool,net.bytebuddy.description.field.FieldList<net.bytebuddy.description.field.FieldDescription.InDefinedShape>,net.bytebuddy.description.method.MethodList<?>,int,int)	1638	8	[false, false, false, false, false, false, false, false]	false	public	true	file:///private/tmp/projects/mockito/src/main/java/org/mockito/internal/creation/bytebuddy/InlineBytecodeGenerator.java
1639	org.mockito.internal.creation.bytebuddy.InlineBytecodeGenerator$ParameterWritingVisitorWrapper$ParameterAddingClassVisitor	ParameterAddingClassVisitor(net.bytebuddy.jar.asm.ClassVisitor,net.bytebuddy.description.type.TypeDescription)	0	2	[false, false]	false	private	false	file:///private/tmp/projects/mockito/src/main/java/org/mockito/internal/creation/bytebuddy/InlineBytecodeGenerator.java
1640	org.mockito.internal.creation.bytebuddy.InlineBytecodeGenerator$ParameterWritingVisitorWrapper$ParameterAddingClassVisitor	visitMethod(int,java.lang.String,java.lang.String,java.lang.String,java.lang.String[])	1641	5	[false, false, false, false, false]	false	public	true	file:///private/tmp/projects/mockito/src/main/java/org/mockito/internal/creation/bytebuddy/InlineBytecodeGenerator.java
1642	org.mockito.internal.creation.bytebuddy.InlineBytecodeGenerator$ParameterWritingVisitorWrapper$MethodParameterStrippingMethodVisitor	MethodParameterStrippingMethodVisitor(net.bytebuddy.jar.asm.MethodVisitor)	0	1	[false]	false	public	false	file:///private/tmp/projects/mockito/src/main/java/org/mockito/internal/creation/bytebuddy/InlineBytecodeGenerator.java
1643	org.mockito.internal.creation.bytebuddy.InlineBytecodeGenerator$ParameterWritingVisitorWrapper$MethodParameterStrippingMethodVisitor	visitParameter(java.lang.String,int)	1644	2	[false, false]	false	public	false	file:///private/tmp/projects/mockito/src/main/java/org/mockito/internal/creation/bytebuddy/InlineBytecodeGenerator.java
1625	org.mockito.internal.creation.bytebuddy.BytecodeGenerator	<T>mockClass(org.mockito.internal.creation.bytebuddy.MockFeatures<T>)	0	1	[false]	false	public	true	file:///private/tmp/projects/mockito/src/main/java/org/mockito/internal/creation/bytebuddy/BytecodeGenerator.java
1629	org.mockito.internal.creation.bytebuddy.BytecodeGenerator	mockClassConstruction(java.lang.Class<?>)	0	1	[false]	false	public	false	file:///private/tmp/projects/mockito/src/main/java/org/mockito/internal/creation/bytebuddy/BytecodeGenerator.java
1627	org.mockito.internal.creation.bytebuddy.BytecodeGenerator	mockClassStatic(java.lang.Class<?>)	0	1	[false]	false	public	false	file:///private/tmp/projects/mockito/src/main/java/org/mockito/internal/creation/bytebuddy/BytecodeGenerator.java
1645	org.mockito.internal.creation.bytebuddy.MockMethodInterceptor	MockMethodInterceptor(org.mockito.invocation.MockHandler,org.mockito.mock.MockCreationSettings)	0	2	[false, false]	false	public	false	file:///private/tmp/projects/mockito/src/main/java/org/mockito/internal/creation/bytebuddy/MockMethodInterceptor.java
1646	org.mockito.internal.creation.bytebuddy.MockMethodInterceptor	doIntercept(java.lang.Object,java.lang.reflect.Method,java.lang.Object[],org.mockito.internal.invocation.RealMethod)	0	4	[false, false, false, false]	true	package	true	file:///private/tmp/projects/mockito/src/main/java/org/mockito/internal/creation/bytebuddy/MockMethodInterceptor.java
1647	org.mockito.internal.creation.bytebuddy.MockMethodInterceptor	doIntercept(java.lang.Object,java.lang.reflect.Method,java.lang.Object[],org.mockito.internal.invocation.RealMethod,org.mockito.invocation.Location)	0	5	[false, false, false, false, false]	true	package	true	file:///private/tmp/projects/mockito/src/main/java/org/mockito/internal/creation/bytebuddy/MockMethodInterceptor.java
1648	org.mockito.internal.creation.bytebuddy.MockMethodInterceptor	getMockHandler()	0	0	[]	false	public	true	file:///private/tmp/projects/mockito/src/main/java/org/mockito/internal/creation/bytebuddy/MockMethodInterceptor.java
1649	org.mockito.internal.creation.bytebuddy.MockMethodInterceptor	getSerializationSupport()	0	0	[]	false	public	true	file:///private/tmp/projects/mockito/src/main/java/org/mockito/internal/creation/bytebuddy/MockMethodInterceptor.java
1650	org.mockito.internal.creation.bytebuddy.MockMethodInterceptor$ForHashCode	doIdentityHashCode(java.lang.Object)	0	1	[false]	false	public	false	file:///private/tmp/projects/mockito/src/main/java/org/mockito/internal/creation/bytebuddy/MockMethodInterceptor.java
1651	org.mockito.internal.creation.bytebuddy.MockMethodInterceptor$ForEquals	doIdentityEquals(java.lang.Object,java.lang.Object)	0	2	[false, false]	false	public	false	file:///private/tmp/projects/mockito/src/main/java/org/mockito/internal/creation/bytebuddy/MockMethodInterceptor.java
1652	org.mockito.internal.creation.bytebuddy.MockMethodInterceptor$ForWriteReplace	doWriteReplace(org.mockito.internal.creation.bytebuddy.MockAccess)	0	1	[false]	false	public	true	file:///private/tmp/projects/mockito/src/main/java/org/mockito/internal/creation/bytebuddy/MockMethodInterceptor.java
1653	org.mockito.internal.creation.bytebuddy.MockMethodInterceptor$DispatcherDefaultingToRealMethod	interceptSuperCallable(java.lang.Object,org.mockito.internal.creation.bytebuddy.MockMethodInterceptor,java.lang.reflect.Method,java.lang.Object[],java.util.concurrent.Callable<?>)	0	5	[false, false, false, false, false]	true	public	true	file:///private/tmp/projects/mockito/src/main/java/org/mockito/internal/creation/bytebuddy/MockMethodInterceptor.java
1654	org.mockito.internal.creation.bytebuddy.MockMethodInterceptor$DispatcherDefaultingToRealMethod	interceptAbstract(java.lang.Object,org.mockito.internal.creation.bytebuddy.MockMethodInterceptor,java.lang.Object,java.lang.reflect.Method,java.lang.Object[])	0	5	[false, false, false, false, false]	true	public	true	file:///private/tmp/projects/mockito/src/main/java/org/mockito/internal/creation/bytebuddy/MockMethodInterceptor.java
1655	org.mockito.internal.creation.bytebuddy.ConstructionCallback	apply(java.lang.Class<?>,java.lang.Object,java.lang.Object[],java.lang.String[])	0	4	[false, false, false, false]	true	public	true	file:///private/tmp/projects/mockito/src/main/java/org/mockito/internal/creation/bytebuddy/ConstructionCallback.java
1656	org.mockito.internal.creation.bytebuddy.ByteBuddyCrossClassLoaderSerializationSupport	writeReplace(java.lang.Object)	0	1	[false]	false	public	true	file:///private/tmp/projects/mockito/src/main/java/org/mockito/internal/creation/bytebuddy/ByteBuddyCrossClassLoaderSerializationSupport.java
1657	org.mockito.internal.creation.bytebuddy.ByteBuddyCrossClassLoaderSerializationSupport	mockReplacementCompleted()	0	0	[]	false	private	false	file:///private/tmp/projects/mockito/src/main/java/org/mockito/internal/creation/bytebuddy/ByteBuddyCrossClassLoaderSerializationSupport.java
1658	org.mockito.internal.creation.bytebuddy.ByteBuddyCrossClassLoaderSerializationSupport	mockReplacementStarted()	0	0	[]	false	private	false	file:///private/tmp/projects/mockito/src/main/java/org/mockito/internal/creation/bytebuddy/ByteBuddyCrossClassLoaderSerializationSupport.java
1659	org.mockito.internal.creation.bytebuddy.ByteBuddyCrossClassLoaderSerializationSupport	mockIsCurrentlyBeingReplaced()	0	0	[]	false	private	false	file:///private/tmp/projects/mockito/src/main/java/org/mockito/internal/creation/bytebuddy/ByteBuddyCrossClassLoaderSerializationSupport.java
1660	org.mockito.internal.creation.bytebuddy.ByteBuddyCrossClassLoaderSerializationSupport$CrossClassLoaderSerializationProxy	CrossClassLoaderSerializationProxy(java.lang.Object)	0	1	[false]	false	public	false	file:///private/tmp/projects/mockito/src/main/java/org/mockito/internal/creation/bytebuddy/ByteBuddyCrossClassLoaderSerializationSupport.java
1661	org.mockito.internal.creation.bytebuddy.ByteBuddyCrossClassLoaderSerializationSupport$CrossClassLoaderSerializationProxy	readResolve()	0	0	[]	false	private	true	file:///private/tmp/projects/mockito/src/main/java/org/mockito/internal/creation/bytebuddy/ByteBuddyCrossClassLoaderSerializationSupport.java
1662	org.mockito.internal.creation.bytebuddy.ByteBuddyCrossClassLoaderSerializationSupport$MockitoMockObjectInputStream	MockitoMockObjectInputStream(java.io.InputStream,java.lang.Class<?>,java.util.Set<java.lang.Class<?>>)	0	3	[false, false, false]	false	public	false	file:///private/tmp/projects/mockito/src/main/java/org/mockito/internal/creation/bytebuddy/ByteBuddyCrossClassLoaderSerializationSupport.java
1663	org.mockito.internal.creation.bytebuddy.ByteBuddyCrossClassLoaderSerializationSupport$MockitoMockObjectInputStream	resolveClass(java.io.ObjectStreamClass)	1664	1	[false]	false	protected	true	file:///private/tmp/projects/mockito/src/main/java/org/mockito/internal/creation/bytebuddy/ByteBuddyCrossClassLoaderSerializationSupport.java
1665	org.mockito.internal.creation.bytebuddy.ByteBuddyCrossClassLoaderSerializationSupport$MockitoMockObjectInputStream	hackClassNameToMatchNewlyCreatedClass(java.io.ObjectStreamClass,java.lang.Class<?>)	0	2	[false, false]	false	private	false	file:///private/tmp/projects/mockito/src/main/java/org/mockito/internal/creation/bytebuddy/ByteBuddyCrossClassLoaderSerializationSupport.java
1666	org.mockito.internal.creation.bytebuddy.ByteBuddyCrossClassLoaderSerializationSupport$MockitoMockObjectInputStream	notMarkedAsAMockitoMock(java.lang.Object)	0	1	[false]	false	private	false	file:///private/tmp/projects/mockito/src/main/java/org/mockito/internal/creation/bytebuddy/ByteBuddyCrossClassLoaderSerializationSupport.java
1667	org.mockito.internal.creation.bytebuddy.ByteBuddyCrossClassLoaderSerializationSupport$MockitoMockObjectOutputStream	MockitoMockObjectOutputStream(java.io.ByteArrayOutputStream)	0	1	[false]	false	public	false	file:///private/tmp/projects/mockito/src/main/java/org/mockito/internal/creation/bytebuddy/ByteBuddyCrossClassLoaderSerializationSupport.java
1668	org.mockito.internal.creation.bytebuddy.ByteBuddyCrossClassLoaderSerializationSupport$MockitoMockObjectOutputStream	annotateClass(java.lang.Class<?>)	1669	1	[false]	false	protected	false	file:///private/tmp/projects/mockito/src/main/java/org/mockito/internal/creation/bytebuddy/ByteBuddyCrossClassLoaderSerializationSupport.java
1670	org.mockito.internal.creation.bytebuddy.ByteBuddyCrossClassLoaderSerializationSupport$MockitoMockObjectOutputStream	mockitoProxyClassMarker(java.lang.Class<?>)	0	1	[false]	false	private	true	file:///private/tmp/projects/mockito/src/main/java/org/mockito/internal/creation/bytebuddy/ByteBuddyCrossClassLoaderSerializationSupport.java
1671	org.mockito.internal.creation.bytebuddy.ByteBuddyCrossClassLoaderSerializationSupport$CrossClassLoaderSerializableMock	writeReplace()	0	0	[]	false	public	true	file:///private/tmp/projects/mockito/src/main/java/org/mockito/internal/creation/bytebuddy/ByteBuddyCrossClassLoaderSerializationSupport.java
1672	org.mockito.internal.creation.bytebuddy.MockAccess	getMockitoInterceptor()	0	0	[]	false	public	true	file:///private/tmp/projects/mockito/src/main/java/org/mockito/internal/creation/bytebuddy/MockAccess.java
1673	org.mockito.internal.creation.bytebuddy.MockAccess	setMockitoInterceptor(org.mockito.internal.creation.bytebuddy.MockMethodInterceptor)	0	1	[false]	false	public	false	file:///private/tmp/projects/mockito/src/main/java/org/mockito/internal/creation/bytebuddy/MockAccess.java
1674	org.mockito.internal.creation.bytebuddy.inject.MockMethodDispatcher	get(java.lang.String,java.lang.Object)	0	2	[false, false]	true	public	true	file:///private/tmp/projects/mockito/src/main/java/org/mockito/internal/creation/bytebuddy/inject/MockMethodDispatcher.java
1675	org.mockito.internal.creation.bytebuddy.inject.MockMethodDispatcher	getStatic(java.lang.String,java.lang.Class<?>)	0	2	[false, false]	true	public	true	file:///private/tmp/projects/mockito/src/main/java/org/mockito/internal/creation/bytebuddy/inject/MockMethodDispatcher.java
1676	org.mockito.internal.creation.bytebuddy.inject.MockMethodDispatcher	set(java.lang.String,org.mockito.internal.creation.bytebuddy.inject.MockMethodDispatcher)	0	2	[false, false]	false	public	false	file:///private/tmp/projects/mockito/src/main/java/org/mockito/internal/creation/bytebuddy/inject/MockMethodDispatcher.java
1677	org.mockito.internal.creation.bytebuddy.inject.MockMethodDispatcher	isConstructorMock(java.lang.String,java.lang.Class<?>)	0	2	[false, false]	false	public	false	file:///private/tmp/projects/mockito/src/main/java/org/mockito/internal/creation/bytebuddy/inject/MockMethodDispatcher.java
1678	org.mockito.internal.creation.bytebuddy.inject.MockMethodDispatcher	handleConstruction(java.lang.String,java.lang.Class<?>,java.lang.Object,java.lang.Object[],java.lang.String[])	0	5	[false, false, false, false, false]	true	public	true	file:///private/tmp/projects/mockito/src/main/java/org/mockito/internal/creation/bytebuddy/inject/MockMethodDispatcher.java
1679	org.mockito.internal.creation.bytebuddy.inject.MockMethodDispatcher	handle(java.lang.Object,java.lang.reflect.Method,java.lang.Object[])	0	3	[false, false, false]	true	public	true	file:///private/tmp/projects/mockito/src/main/java/org/mockito/internal/creation/bytebuddy/inject/MockMethodDispatcher.java
1680	org.mockito.internal.creation.bytebuddy.inject.MockMethodDispatcher	handleStatic(java.lang.Class<?>,java.lang.reflect.Method,java.lang.Object[])	0	3	[false, false, false]	true	public	true	file:///private/tmp/projects/mockito/src/main/java/org/mockito/internal/creation/bytebuddy/inject/MockMethodDispatcher.java
1681	org.mockito.internal.creation.bytebuddy.inject.MockMethodDispatcher	handleConstruction(java.lang.Class<?>,java.lang.Object,java.lang.Object[],java.lang.String[])	0	4	[false, false, false, false]	true	public	true	file:///private/tmp/projects/mockito/src/main/java/org/mockito/internal/creation/bytebuddy/inject/MockMethodDispatcher.java
1682	org.mockito.internal.creation.bytebuddy.inject.MockMethodDispatcher	isMock(java.lang.Object)	0	1	[false]	false	public	false	file:///private/tmp/projects/mockito/src/main/java/org/mockito/internal/creation/bytebuddy/inject/MockMethodDispatcher.java
1683	org.mockito.internal.creation.bytebuddy.inject.MockMethodDispatcher	isMocked(java.lang.Object)	0	1	[false]	false	public	false	file:///private/tmp/projects/mockito/src/main/java/org/mockito/internal/creation/bytebuddy/inject/MockMethodDispatcher.java
1684	org.mockito.internal.creation.bytebuddy.inject.MockMethodDispatcher	isMockedStatic(java.lang.Class<?>)	0	1	[false]	false	public	false	file:///private/tmp/projects/mockito/src/main/java/org/mockito/internal/creation/bytebuddy/inject/MockMethodDispatcher.java
1685	org.mockito.internal.creation.bytebuddy.inject.MockMethodDispatcher	isOverridden(java.lang.Object,java.lang.reflect.Method)	0	2	[false, false]	false	public	false	file:///private/tmp/projects/mockito/src/main/java/org/mockito/internal/creation/bytebuddy/inject/MockMethodDispatcher.java
1686	org.mockito.internal.creation.bytebuddy.inject.MockMethodDispatcher	isConstructorMock(java.lang.Class<?>)	0	1	[false]	false	public	false	file:///private/tmp/projects/mockito/src/main/java/org/mockito/internal/creation/bytebuddy/inject/MockMethodDispatcher.java
1687	org.mockito.internal.creation.bytebuddy.InlineByteBuddyMockMaker	InlineByteBuddyMockMaker()	0	0	[]	false	public	false	file:///private/tmp/projects/mockito/src/main/java/org/mockito/internal/creation/bytebuddy/InlineByteBuddyMockMaker.java
1688	org.mockito.internal.creation.bytebuddy.InlineByteBuddyMockMaker	<T>createMock(org.mockito.mock.MockCreationSettings<T>,org.mockito.invocation.MockHandler)	248	2	[false, false]	true	public	true	file:///private/tmp/projects/mockito/src/main/java/org/mockito/internal/creation/bytebuddy/InlineByteBuddyMockMaker.java
1689	org.mockito.internal.creation.bytebuddy.InlineByteBuddyMockMaker	<T>createSpy(org.mockito.mock.MockCreationSettings<T>,org.mockito.invocation.MockHandler,T)	249	3	[false, false, false]	false	public	true	file:///private/tmp/projects/mockito/src/main/java/org/mockito/internal/creation/bytebuddy/InlineByteBuddyMockMaker.java
1690	org.mockito.internal.creation.bytebuddy.InlineByteBuddyMockMaker	<T>doCreateMock(org.mockito.mock.MockCreationSettings<T>,org.mockito.invocation.MockHandler,boolean)	0	3	[false, false, false]	true	private	true	file:///private/tmp/projects/mockito/src/main/java/org/mockito/internal/creation/bytebuddy/InlineByteBuddyMockMaker.java
1691	org.mockito.internal.creation.bytebuddy.InlineByteBuddyMockMaker	<T>createMockType(org.mockito.mock.MockCreationSettings<T>)	1692	1	[false]	false	public	true	file:///private/tmp/projects/mockito/src/main/java/org/mockito/internal/creation/bytebuddy/InlineByteBuddyMockMaker.java
1693	org.mockito.internal.creation.bytebuddy.InlineByteBuddyMockMaker	<T>prettifyFailure(org.mockito.mock.MockCreationSettings<T>,java.lang.Exception)	0	2	[false, false]	false	private	true	file:///private/tmp/projects/mockito/src/main/java/org/mockito/internal/creation/bytebuddy/InlineByteBuddyMockMaker.java
1694	org.mockito.internal.creation.bytebuddy.InlineByteBuddyMockMaker	getHandler(java.lang.Object)	250	1	[false]	true	public	true	file:///private/tmp/projects/mockito/src/main/java/org/mockito/internal/creation/bytebuddy/InlineByteBuddyMockMaker.java
1695	org.mockito.internal.creation.bytebuddy.InlineByteBuddyMockMaker	resetMock(java.lang.Object,org.mockito.invocation.MockHandler,org.mockito.mock.MockCreationSettings)	251	3	[false, false, false]	false	public	false	file:///private/tmp/projects/mockito/src/main/java/org/mockito/internal/creation/bytebuddy/InlineByteBuddyMockMaker.java
1696	org.mockito.internal.creation.bytebuddy.InlineByteBuddyMockMaker	clearMock(java.lang.Object)	277	1	[false]	false	public	false	file:///private/tmp/projects/mockito/src/main/java/org/mockito/internal/creation/bytebuddy/InlineByteBuddyMockMaker.java
1697	org.mockito.internal.creation.bytebuddy.InlineByteBuddyMockMaker	clearAllMocks()	278	0	[]	false	public	false	file:///private/tmp/projects/mockito/src/main/java/org/mockito/internal/creation/bytebuddy/InlineByteBuddyMockMaker.java
1698	org.mockito.internal.creation.bytebuddy.InlineByteBuddyMockMaker	isTypeMockable(java.lang.Class<?>)	252	1	[false]	false	public	true	file:///private/tmp/projects/mockito/src/main/java/org/mockito/internal/creation/bytebuddy/InlineByteBuddyMockMaker.java
1699	org.mockito.internal.creation.bytebuddy.InlineByteBuddyMockMaker$1	mockable()	255	0	[]	false	public	false	file:///private/tmp/projects/mockito/src/main/java/org/mockito/internal/creation/bytebuddy/InlineByteBuddyMockMaker.java
1700	org.mockito.internal.creation.bytebuddy.InlineByteBuddyMockMaker$1	nonMockableReason()	256	0	[]	false	public	true	file:///private/tmp/projects/mockito/src/main/java/org/mockito/internal/creation/bytebuddy/InlineByteBuddyMockMaker.java
1701	org.mockito.internal.creation.bytebuddy.InlineByteBuddyMockMaker	<T>createStaticMock(java.lang.Class<T>,org.mockito.mock.MockCreationSettings<T>,org.mockito.invocation.MockHandler)	253	3	[false, false, false]	false	public	true	file:///private/tmp/projects/mockito/src/main/java/org/mockito/internal/creation/bytebuddy/InlineByteBuddyMockMaker.java
1702	org.mockito.internal.creation.bytebuddy.InlineByteBuddyMockMaker	<T>createConstructionMock(java.lang.Class<T>,java.util.function.Function<org.mockito.MockedConstruction.Context,org.mockito.mock.MockCreationSettings<T>>,java.util.function.Function<org.mockito.MockedConstruction.Context,org.mockito.invocation.MockHandler<T>>,org.mockito.MockedConstruction.MockInitializer<T>)	254	4	[false, false, false, false]	false	public	true	file:///private/tmp/projects/mockito/src/main/java/org/mockito/internal/creation/bytebuddy/InlineByteBuddyMockMaker.java
1703	org.mockito.internal.creation.bytebuddy.InlineByteBuddyMockMaker	<T>newInstance(java.lang.Class<T>)	270	1	[false]	false	public	true	file:///private/tmp/projects/mockito/src/main/java/org/mockito/internal/creation/bytebuddy/InlineByteBuddyMockMaker.java
1704	org.mockito.internal.creation.bytebuddy.InlineByteBuddyMockMaker	makeStandardArgument(java.lang.Class<?>)	0	1	[false]	true	private	true	file:///private/tmp/projects/mockito/src/main/java/org/mockito/internal/creation/bytebuddy/InlineByteBuddyMockMaker.java
1705	org.mockito.internal.creation.bytebuddy.InlineByteBuddyMockMaker$InlineStaticMockControl	InlineStaticMockControl(java.lang.Class<T>,java.util.Map<java.lang.Class<?>,org.mockito.internal.creation.bytebuddy.MockMethodInterceptor>,org.mockito.mock.MockCreationSettings<T>,org.mockito.invocation.MockHandler)	0	4	[false, false, false, false]	false	private	false	file:///private/tmp/projects/mockito/src/main/java/org/mockito/internal/creation/bytebuddy/InlineByteBuddyMockMaker.java
1706	org.mockito.internal.creation.bytebuddy.InlineByteBuddyMockMaker$InlineStaticMockControl	getType()	257	0	[]	false	public	true	file:///private/tmp/projects/mockito/src/main/java/org/mockito/internal/creation/bytebuddy/InlineByteBuddyMockMaker.java
1707	org.mockito.internal.creation.bytebuddy.InlineByteBuddyMockMaker$InlineStaticMockControl	enable()	258	0	[]	false	public	false	file:///private/tmp/projects/mockito/src/main/java/org/mockito/internal/creation/bytebuddy/InlineByteBuddyMockMaker.java
1708	org.mockito.internal.creation.bytebuddy.InlineByteBuddyMockMaker$InlineStaticMockControl	disable()	259	0	[]	false	public	false	file:///private/tmp/projects/mockito/src/main/java/org/mockito/internal/creation/bytebuddy/InlineByteBuddyMockMaker.java
1709	org.mockito.internal.creation.bytebuddy.InlineByteBuddyMockMaker$InlineConstructionMockControl	InlineConstructionMockControl(java.lang.Class<T>,java.util.function.Function<org.mockito.MockedConstruction.Context,org.mockito.mock.MockCreationSettings<T>>,java.util.function.Function<org.mockito.MockedConstruction.Context,org.mockito.invocation.MockHandler<T>>,org.mockito.MockedConstruction.MockInitializer<T>,java.util.Map<java.lang.Class<?>,java.util.function.BiConsumer<java.lang.Object,org.mockito.MockedConstruction.Context>>)	0	5	[false, false, false, false, false]	false	private	false	file:///private/tmp/projects/mockito/src/main/java/org/mockito/internal/creation/bytebuddy/InlineByteBuddyMockMaker.java
1710	org.mockito.internal.creation.bytebuddy.InlineByteBuddyMockMaker$InlineConstructionMockControl	getType()	260	0	[]	false	public	true	file:///private/tmp/projects/mockito/src/main/java/org/mockito/internal/creation/bytebuddy/InlineByteBuddyMockMaker.java
1711	org.mockito.internal.creation.bytebuddy.InlineByteBuddyMockMaker$InlineConstructionMockControl	enable()	261	0	[]	false	public	false	file:///private/tmp/projects/mockito/src/main/java/org/mockito/internal/creation/bytebuddy/InlineByteBuddyMockMaker.java
1712	org.mockito.internal.creation.bytebuddy.InlineByteBuddyMockMaker$InlineConstructionMockControl	disable()	262	0	[]	false	public	false	file:///private/tmp/projects/mockito/src/main/java/org/mockito/internal/creation/bytebuddy/InlineByteBuddyMockMaker.java
1713	org.mockito.internal.creation.bytebuddy.InlineByteBuddyMockMaker$InlineConstructionMockControl	getMocks()	263	0	[]	false	public	true	file:///private/tmp/projects/mockito/src/main/java/org/mockito/internal/creation/bytebuddy/InlineByteBuddyMockMaker.java
1714	org.mockito.internal.creation.bytebuddy.InlineByteBuddyMockMaker$InlineConstructionMockContext	InlineConstructionMockContext(java.lang.Object[],java.lang.Class<?>,java.lang.String[])	0	3	[false, false, false]	false	private	false	file:///private/tmp/projects/mockito/src/main/java/org/mockito/internal/creation/bytebuddy/InlineByteBuddyMockMaker.java
1715	org.mockito.internal.creation.bytebuddy.InlineByteBuddyMockMaker$InlineConstructionMockContext	getCount()	265	0	[]	false	public	false	file:///private/tmp/projects/mockito/src/main/java/org/mockito/internal/creation/bytebuddy/InlineByteBuddyMockMaker.java
1716	org.mockito.internal.creation.bytebuddy.InlineByteBuddyMockMaker$InlineConstructionMockContext	constructor()	266	0	[]	false	public	true	file:///private/tmp/projects/mockito/src/main/java/org/mockito/internal/creation/bytebuddy/InlineByteBuddyMockMaker.java
1717	org.mockito.internal.creation.bytebuddy.InlineByteBuddyMockMaker$InlineConstructionMockContext	arguments()	267	0	[]	false	public	true	file:///private/tmp/projects/mockito/src/main/java/org/mockito/internal/creation/bytebuddy/InlineByteBuddyMockMaker.java
1692	org.mockito.internal.creation.bytebuddy.ClassCreatingMockMaker	<T>createMockType(org.mockito.mock.MockCreationSettings<T>)	0	1	[false]	false	public	true	file:///private/tmp/projects/mockito/src/main/java/org/mockito/internal/creation/bytebuddy/ClassCreatingMockMaker.java
1718	org.mockito.internal.creation.bytebuddy.SubclassBytecodeGenerator	SubclassBytecodeGenerator()	0	0	[]	false	public	false	file:///private/tmp/projects/mockito/src/main/java/org/mockito/internal/creation/bytebuddy/SubclassBytecodeGenerator.java
1719	org.mockito.internal.creation.bytebuddy.SubclassBytecodeGenerator	SubclassBytecodeGenerator(org.mockito.internal.creation.bytebuddy.SubclassLoader)	0	1	[false]	false	public	false	file:///private/tmp/projects/mockito/src/main/java/org/mockito/internal/creation/bytebuddy/SubclassBytecodeGenerator.java
1720	org.mockito.internal.creation.bytebuddy.SubclassBytecodeGenerator	SubclassBytecodeGenerator(net.bytebuddy.implementation.Implementation,net.bytebuddy.matcher.ElementMatcher<? super net.bytebuddy.description.method.MethodDescription>)	0	2	[false, false]	false	public	false	file:///private/tmp/projects/mockito/src/main/java/org/mockito/internal/creation/bytebuddy/SubclassBytecodeGenerator.java
1721	org.mockito.internal.creation.bytebuddy.SubclassBytecodeGenerator	SubclassBytecodeGenerator(org.mockito.internal.creation.bytebuddy.SubclassLoader,net.bytebuddy.implementation.Implementation,net.bytebuddy.matcher.ElementMatcher<? super net.bytebuddy.description.method.MethodDescription>)	0	3	[false, true, false]	false	protected	false	file:///private/tmp/projects/mockito/src/main/java/org/mockito/internal/creation/bytebuddy/SubclassBytecodeGenerator.java
1722	org.mockito.internal.creation.bytebuddy.SubclassBytecodeGenerator	<T>mockClass(org.mockito.internal.creation.bytebuddy.MockFeatures<T>)	1625	1	[false]	false	public	true	file:///private/tmp/projects/mockito/src/main/java/org/mockito/internal/creation/bytebuddy/SubclassBytecodeGenerator.java
1723	org.mockito.internal.creation.bytebuddy.SubclassBytecodeGenerator	mockClassStatic(java.lang.Class<?>)	1627	1	[false]	false	public	false	file:///private/tmp/projects/mockito/src/main/java/org/mockito/internal/creation/bytebuddy/SubclassBytecodeGenerator.java
1724	org.mockito.internal.creation.bytebuddy.SubclassBytecodeGenerator	mockClassConstruction(java.lang.Class<?>)	1629	1	[false]	false	public	false	file:///private/tmp/projects/mockito/src/main/java/org/mockito/internal/creation/bytebuddy/SubclassBytecodeGenerator.java
1725	org.mockito.internal.creation.bytebuddy.SubclassBytecodeGenerator	<T>getAllTypes(java.lang.Class<T>)	0	1	[false]	false	private	true	file:///private/tmp/projects/mockito/src/main/java/org/mockito/internal/creation/bytebuddy/SubclassBytecodeGenerator.java
1726	org.mockito.internal.creation.bytebuddy.SubclassBytecodeGenerator	isGroovyMethod()	0	0	[]	false	private	true	file:///private/tmp/projects/mockito/src/main/java/org/mockito/internal/creation/bytebuddy/SubclassBytecodeGenerator.java
1727	org.mockito.internal.creation.bytebuddy.SubclassBytecodeGenerator	isComingFromJDK(java.lang.Class<?>)	0	1	[false]	false	private	false	file:///private/tmp/projects/mockito/src/main/java/org/mockito/internal/creation/bytebuddy/SubclassBytecodeGenerator.java
1728	org.mockito.internal.creation.bytebuddy.SubclassBytecodeGenerator	assertVisibility(java.lang.Class<?>)	0	1	[false]	false	private	false	file:///private/tmp/projects/mockito/src/main/java/org/mockito/internal/creation/bytebuddy/SubclassBytecodeGenerator.java
1729	org.mockito.internal.creation.bytebuddy.SubclassLoader	isDisrespectingOpenness()	0	0	[]	false	public	false	file:///private/tmp/projects/mockito/src/main/java/org/mockito/internal/creation/bytebuddy/SubclassLoader.java
1730	org.mockito.internal.creation.bytebuddy.SubclassLoader	resolveStrategy(java.lang.Class<?>,java.lang.ClassLoader,boolean)	0	3	[false, false, false]	false	public	true	file:///private/tmp/projects/mockito/src/main/java/org/mockito/internal/creation/bytebuddy/SubclassLoader.java
1731	org.mockito.internal.creation.bytebuddy.ModuleHandler	isOpened(java.lang.Class<?>,java.lang.Class<?>)	0	2	[false, false]	false	package	false	file:///private/tmp/projects/mockito/src/main/java/org/mockito/internal/creation/bytebuddy/ModuleHandler.java
1732	org.mockito.internal.creation.bytebuddy.ModuleHandler	canRead(java.lang.Class<?>,java.lang.Class<?>)	0	2	[false, false]	false	package	false	file:///private/tmp/projects/mockito/src/main/java/org/mockito/internal/creation/bytebuddy/ModuleHandler.java
1733	org.mockito.internal.creation.bytebuddy.ModuleHandler	isExported(java.lang.Class<?>)	0	1	[false]	false	package	false	file:///private/tmp/projects/mockito/src/main/java/org/mockito/internal/creation/bytebuddy/ModuleHandler.java
1734	org.mockito.internal.creation.bytebuddy.ModuleHandler	isExported(java.lang.Class<?>,java.lang.Class<?>)	0	2	[false, false]	false	package	false	file:///private/tmp/projects/mockito/src/main/java/org/mockito/internal/creation/bytebuddy/ModuleHandler.java
1735	org.mockito.internal.creation.bytebuddy.ModuleHandler	injectionBase(java.lang.ClassLoader,java.lang.String)	0	2	[false, false]	false	package	true	file:///private/tmp/projects/mockito/src/main/java/org/mockito/internal/creation/bytebuddy/ModuleHandler.java
1736	org.mockito.internal.creation.bytebuddy.ModuleHandler	adjustModuleGraph(java.lang.Class<?>,java.lang.Class<?>,boolean,boolean)	0	4	[false, false, false, false]	false	package	false	file:///private/tmp/projects/mockito/src/main/java/org/mockito/internal/creation/bytebuddy/ModuleHandler.java
1737	org.mockito.internal.creation.bytebuddy.ModuleHandler	make(net.bytebuddy.ByteBuddy,org.mockito.internal.creation.bytebuddy.SubclassLoader,java.util.Random)	0	3	[false, false, false]	false	package	true	file:///private/tmp/projects/mockito/src/main/java/org/mockito/internal/creation/bytebuddy/ModuleHandler.java
1738	org.mockito.internal.creation.bytebuddy.ModuleHandler$ModuleSystemFound	ModuleSystemFound(net.bytebuddy.ByteBuddy,org.mockito.internal.creation.bytebuddy.SubclassLoader,java.util.Random)	0	3	[false, false, false]	false	private	false	file:///private/tmp/projects/mockito/src/main/java/org/mockito/internal/creation/bytebuddy/ModuleHandler.java
1739	org.mockito.internal.creation.bytebuddy.ModuleHandler$ModuleSystemFound	isOpened(java.lang.Class<?>,java.lang.Class<?>)	1731	2	[false, false]	false	package	false	file:///private/tmp/projects/mockito/src/main/java/org/mockito/internal/creation/bytebuddy/ModuleHandler.java
1740	org.mockito.internal.creation.bytebuddy.ModuleHandler$ModuleSystemFound	canRead(java.lang.Class<?>,java.lang.Class<?>)	1732	2	[false, false]	false	package	false	file:///private/tmp/projects/mockito/src/main/java/org/mockito/internal/creation/bytebuddy/ModuleHandler.java
1741	org.mockito.internal.creation.bytebuddy.ModuleHandler$ModuleSystemFound	isExported(java.lang.Class<?>)	1733	1	[false]	false	package	false	file:///private/tmp/projects/mockito/src/main/java/org/mockito/internal/creation/bytebuddy/ModuleHandler.java
1742	org.mockito.internal.creation.bytebuddy.ModuleHandler$ModuleSystemFound	isExported(java.lang.Class<?>,java.lang.Class<?>)	1734	2	[false, false]	false	package	false	file:///private/tmp/projects/mockito/src/main/java/org/mockito/internal/creation/bytebuddy/ModuleHandler.java
1743	org.mockito.internal.creation.bytebuddy.ModuleHandler$ModuleSystemFound	injectionBase(java.lang.ClassLoader,java.lang.String)	1735	2	[false, false]	false	package	true	file:///private/tmp/projects/mockito/src/main/java/org/mockito/internal/creation/bytebuddy/ModuleHandler.java
1744	org.mockito.internal.creation.bytebuddy.ModuleHandler$ModuleSystemFound	adjustModuleGraph(java.lang.Class<?>,java.lang.Class<?>,boolean,boolean)	1736	4	[false, false, false, false]	false	package	false	file:///private/tmp/projects/mockito/src/main/java/org/mockito/internal/creation/bytebuddy/ModuleHandler.java
1745	org.mockito.internal.creation.bytebuddy.ModuleHandler$ModuleSystemFound	invoke(java.lang.reflect.Method,java.lang.Object,java.lang.Object...)	0	3	[false, false, false]	false	private	true	file:///private/tmp/projects/mockito/src/main/java/org/mockito/internal/creation/bytebuddy/ModuleHandler.java
1746	org.mockito.internal.creation.bytebuddy.ModuleHandler$NoModuleSystemFound	isOpened(java.lang.Class<?>,java.lang.Class<?>)	1731	2	[false, false]	false	package	false	file:///private/tmp/projects/mockito/src/main/java/org/mockito/internal/creation/bytebuddy/ModuleHandler.java
1747	org.mockito.internal.creation.bytebuddy.ModuleHandler$NoModuleSystemFound	canRead(java.lang.Class<?>,java.lang.Class<?>)	1732	2	[false, false]	false	package	false	file:///private/tmp/projects/mockito/src/main/java/org/mockito/internal/creation/bytebuddy/ModuleHandler.java
1748	org.mockito.internal.creation.bytebuddy.ModuleHandler$NoModuleSystemFound	isExported(java.lang.Class<?>)	1733	1	[false]	false	package	false	file:///private/tmp/projects/mockito/src/main/java/org/mockito/internal/creation/bytebuddy/ModuleHandler.java
1749	org.mockito.internal.creation.bytebuddy.ModuleHandler$NoModuleSystemFound	isExported(java.lang.Class<?>,java.lang.Class<?>)	1734	2	[false, false]	false	package	false	file:///private/tmp/projects/mockito/src/main/java/org/mockito/internal/creation/bytebuddy/ModuleHandler.java
1750	org.mockito.internal.creation.bytebuddy.ModuleHandler$NoModuleSystemFound	injectionBase(java.lang.ClassLoader,java.lang.String)	1735	2	[false, false]	false	package	true	file:///private/tmp/projects/mockito/src/main/java/org/mockito/internal/creation/bytebuddy/ModuleHandler.java
1751	org.mockito.internal.creation.bytebuddy.ModuleHandler$NoModuleSystemFound	adjustModuleGraph(java.lang.Class<?>,java.lang.Class<?>,boolean,boolean)	1736	4	[false, false, false, false]	false	package	false	file:///private/tmp/projects/mockito/src/main/java/org/mockito/internal/creation/bytebuddy/ModuleHandler.java
1752	org.mockito.internal.creation.bytebuddy.SubclassInjectionLoader	SubclassInjectionLoader()	0	0	[]	false	package	false	file:///private/tmp/projects/mockito/src/main/java/org/mockito/internal/creation/bytebuddy/SubclassInjectionLoader.java
1753	org.mockito.internal.creation.bytebuddy.SubclassInjectionLoader	tryLookup()	0	0	[]	false	private	true	file:///private/tmp/projects/mockito/src/main/java/org/mockito/internal/creation/bytebuddy/SubclassInjectionLoader.java
1754	org.mockito.internal.creation.bytebuddy.SubclassInjectionLoader$WithReflection	isDisrespectingOpenness()	1729	0	[]	false	public	false	file:///private/tmp/projects/mockito/src/main/java/org/mockito/internal/creation/bytebuddy/SubclassInjectionLoader.java
1755	org.mockito.internal.creation.bytebuddy.SubclassInjectionLoader$WithReflection	resolveStrategy(java.lang.Class<?>,java.lang.ClassLoader,boolean)	1730	3	[false, false, false]	false	public	true	file:///private/tmp/projects/mockito/src/main/java/org/mockito/internal/creation/bytebuddy/SubclassInjectionLoader.java
1756	org.mockito.internal.creation.bytebuddy.SubclassInjectionLoader$WithLookup	WithLookup(java.lang.Object,java.lang.Object,java.lang.reflect.Method)	0	3	[false, false, false]	false	package	false	file:///private/tmp/projects/mockito/src/main/java/org/mockito/internal/creation/bytebuddy/SubclassInjectionLoader.java
1757	org.mockito.internal.creation.bytebuddy.SubclassInjectionLoader$WithLookup	isDisrespectingOpenness()	1729	0	[]	false	public	false	file:///private/tmp/projects/mockito/src/main/java/org/mockito/internal/creation/bytebuddy/SubclassInjectionLoader.java
1758	org.mockito.internal.creation.bytebuddy.SubclassInjectionLoader$WithLookup	resolveStrategy(java.lang.Class<?>,java.lang.ClassLoader,boolean)	1730	3	[false, false, false]	false	public	true	file:///private/tmp/projects/mockito/src/main/java/org/mockito/internal/creation/bytebuddy/SubclassInjectionLoader.java
1759	org.mockito.internal.creation.bytebuddy.SubclassInjectionLoader	isDisrespectingOpenness()	1729	0	[]	false	public	false	file:///private/tmp/projects/mockito/src/main/java/org/mockito/internal/creation/bytebuddy/SubclassInjectionLoader.java
1760	org.mockito.internal.creation.bytebuddy.SubclassInjectionLoader	resolveStrategy(java.lang.Class<?>,java.lang.ClassLoader,boolean)	1730	3	[false, false, false]	false	public	true	file:///private/tmp/projects/mockito/src/main/java/org/mockito/internal/creation/bytebuddy/SubclassInjectionLoader.java
1761	org.mockito.internal.creation.bytebuddy.ByteBuddyMockMaker	<T>createMock(org.mockito.mock.MockCreationSettings<T>,org.mockito.invocation.MockHandler)	248	2	[false, false]	false	public	true	file:///private/tmp/projects/mockito/src/main/java/org/mockito/internal/creation/bytebuddy/ByteBuddyMockMaker.java
1762	org.mockito.internal.creation.bytebuddy.ByteBuddyMockMaker	<T>createSpy(org.mockito.mock.MockCreationSettings<T>,org.mockito.invocation.MockHandler,T)	249	3	[false, false, false]	false	public	true	file:///private/tmp/projects/mockito/src/main/java/org/mockito/internal/creation/bytebuddy/ByteBuddyMockMaker.java
1763	org.mockito.internal.creation.bytebuddy.ByteBuddyMockMaker	<T>createMockType(org.mockito.mock.MockCreationSettings<T>)	1692	1	[false]	false	public	true	file:///private/tmp/projects/mockito/src/main/java/org/mockito/internal/creation/bytebuddy/ByteBuddyMockMaker.java
1764	org.mockito.internal.creation.bytebuddy.ByteBuddyMockMaker	getHandler(java.lang.Object)	250	1	[false]	true	public	true	file:///private/tmp/projects/mockito/src/main/java/org/mockito/internal/creation/bytebuddy/ByteBuddyMockMaker.java
1765	org.mockito.internal.creation.bytebuddy.ByteBuddyMockMaker	resetMock(java.lang.Object,org.mockito.invocation.MockHandler,org.mockito.mock.MockCreationSettings)	251	3	[false, false, false]	false	public	false	file:///private/tmp/projects/mockito/src/main/java/org/mockito/internal/creation/bytebuddy/ByteBuddyMockMaker.java
1766	org.mockito.internal.creation.bytebuddy.ByteBuddyMockMaker	isTypeMockable(java.lang.Class<?>)	252	1	[false]	false	public	true	file:///private/tmp/projects/mockito/src/main/java/org/mockito/internal/creation/bytebuddy/ByteBuddyMockMaker.java
1767	org.mockito.internal.creation.bytebuddy.ByteBuddyMockMaker	<T>createStaticMock(java.lang.Class<T>,org.mockito.mock.MockCreationSettings<T>,org.mockito.invocation.MockHandler)	253	3	[false, false, false]	false	public	true	file:///private/tmp/projects/mockito/src/main/java/org/mockito/internal/creation/bytebuddy/ByteBuddyMockMaker.java
1768	org.mockito.internal.creation.bytebuddy.ByteBuddyMockMaker	<T>createConstructionMock(java.lang.Class<T>,java.util.function.Function<org.mockito.MockedConstruction.Context,org.mockito.mock.MockCreationSettings<T>>,java.util.function.Function<org.mockito.MockedConstruction.Context,org.mockito.invocation.MockHandler<T>>,org.mockito.MockedConstruction.MockInitializer<T>)	254	4	[false, false, false, false]	false	public	true	file:///private/tmp/projects/mockito/src/main/java/org/mockito/internal/creation/bytebuddy/ByteBuddyMockMaker.java
1769	org.mockito.internal.creation.bytebuddy.MockMethodAdvice	MockMethodAdvice(org.mockito.internal.util.concurrent.WeakConcurrentMap<java.lang.Object,org.mockito.internal.creation.bytebuddy.MockMethodInterceptor>,org.mockito.internal.util.concurrent.DetachedThreadLocal<java.util.Map<java.lang.Class<?>,org.mockito.internal.creation.bytebuddy.MockMethodInterceptor>>,java.lang.String,java.util.function.Predicate<java.lang.Class<?>>,org.mockito.internal.creation.bytebuddy.ConstructionCallback)	0	5	[false, false, false, false, false]	false	public	false	file:///private/tmp/projects/mockito/src/main/java/org/mockito/internal/creation/bytebuddy/MockMethodAdvice.java
1770	org.mockito.internal.creation.bytebuddy.MockMethodAdvice	enter(java.lang.String,java.lang.Object,java.lang.reflect.Method,java.lang.Object[])	0	4	[false, false, false, false]	true	private	true	file:///private/tmp/projects/mockito/src/main/java/org/mockito/internal/creation/bytebuddy/MockMethodAdvice.java
1771	org.mockito.internal.creation.bytebuddy.MockMethodAdvice	exit(java.lang.Object,java.util.concurrent.Callable<?>)	0	2	[false, false]	false	private	false	file:///private/tmp/projects/mockito/src/main/java/org/mockito/internal/creation/bytebuddy/MockMethodAdvice.java
1772	org.mockito.internal.creation.bytebuddy.MockMethodAdvice	hideRecursiveCall(java.lang.Throwable,int,java.lang.Class<?>)	0	3	[false, false, false]	false	package	true	file:///private/tmp/projects/mockito/src/main/java/org/mockito/internal/creation/bytebuddy/MockMethodAdvice.java
1773	org.mockito.internal.creation.bytebuddy.MockMethodAdvice	handle(java.lang.Object,java.lang.reflect.Method,java.lang.Object[])	1679	3	[false, false, false]	true	public	true	file:///private/tmp/projects/mockito/src/main/java/org/mockito/internal/creation/bytebuddy/MockMethodAdvice.java
1774	org.mockito.internal.creation.bytebuddy.MockMethodAdvice	handleStatic(java.lang.Class<?>,java.lang.reflect.Method,java.lang.Object[])	1680	3	[false, false, false]	true	public	true	file:///private/tmp/projects/mockito/src/main/java/org/mockito/internal/creation/bytebuddy/MockMethodAdvice.java
1775	org.mockito.internal.creation.bytebuddy.MockMethodAdvice	handleConstruction(java.lang.Class<?>,java.lang.Object,java.lang.Object[],java.lang.String[])	1681	4	[false, false, false, false]	true	public	true	file:///private/tmp/projects/mockito/src/main/java/org/mockito/internal/creation/bytebuddy/MockMethodAdvice.java
1776	org.mockito.internal.creation.bytebuddy.MockMethodAdvice	isMock(java.lang.Object)	1682	1	[false]	false	public	false	file:///private/tmp/projects/mockito/src/main/java/org/mockito/internal/creation/bytebuddy/MockMethodAdvice.java
1777	org.mockito.internal.creation.bytebuddy.MockMethodAdvice	isMocked(java.lang.Object)	1683	1	[false]	false	public	false	file:///private/tmp/projects/mockito/src/main/java/org/mockito/internal/creation/bytebuddy/MockMethodAdvice.java
1778	org.mockito.internal.creation.bytebuddy.MockMethodAdvice	isMockedStatic(java.lang.Class<?>)	1684	1	[false]	false	public	false	file:///private/tmp/projects/mockito/src/main/java/org/mockito/internal/creation/bytebuddy/MockMethodAdvice.java
1779	org.mockito.internal.creation.bytebuddy.MockMethodAdvice	isOverridden(java.lang.Object,java.lang.reflect.Method)	1685	2	[false, false]	false	public	false	file:///private/tmp/projects/mockito/src/main/java/org/mockito/internal/creation/bytebuddy/MockMethodAdvice.java
1780	org.mockito.internal.creation.bytebuddy.MockMethodAdvice	isConstructorMock(java.lang.Class<?>)	1686	1	[false]	false	public	false	file:///private/tmp/projects/mockito/src/main/java/org/mockito/internal/creation/bytebuddy/MockMethodAdvice.java
1781	org.mockito.internal.creation.bytebuddy.MockMethodAdvice$RealMethodCall	RealMethodCall(org.mockito.internal.creation.bytebuddy.MockMethodAdvice.SelfCallInfo,java.lang.reflect.Method,java.lang.Object,java.lang.Object[])	0	4	[false, false, false, false]	false	private	false	file:///private/tmp/projects/mockito/src/main/java/org/mockito/internal/creation/bytebuddy/MockMethodAdvice.java
1782	org.mockito.internal.creation.bytebuddy.MockMethodAdvice$RealMethodCall	isInvokable()	441	0	[]	false	public	false	file:///private/tmp/projects/mockito/src/main/java/org/mockito/internal/creation/bytebuddy/MockMethodAdvice.java
1783	org.mockito.internal.creation.bytebuddy.MockMethodAdvice$RealMethodCall	invoke()	443	0	[]	false	public	true	file:///private/tmp/projects/mockito/src/main/java/org/mockito/internal/creation/bytebuddy/MockMethodAdvice.java
1784	org.mockito.internal.creation.bytebuddy.MockMethodAdvice$SerializableRealMethodCall	SerializableRealMethodCall(java.lang.String,java.lang.reflect.Method,java.lang.Object,java.lang.Object[])	0	4	[false, false, false, false]	false	private	false	file:///private/tmp/projects/mockito/src/main/java/org/mockito/internal/creation/bytebuddy/MockMethodAdvice.java
1785	org.mockito.internal.creation.bytebuddy.MockMethodAdvice$SerializableRealMethodCall	isInvokable()	441	0	[]	false	public	false	file:///private/tmp/projects/mockito/src/main/java/org/mockito/internal/creation/bytebuddy/MockMethodAdvice.java
1786	org.mockito.internal.creation.bytebuddy.MockMethodAdvice$SerializableRealMethodCall	invoke()	443	0	[]	false	public	true	file:///private/tmp/projects/mockito/src/main/java/org/mockito/internal/creation/bytebuddy/MockMethodAdvice.java
1787	org.mockito.internal.creation.bytebuddy.MockMethodAdvice$StaticMethodCall	StaticMethodCall(org.mockito.internal.creation.bytebuddy.MockMethodAdvice.SelfCallInfo,java.lang.Class<?>,java.lang.reflect.Method,java.lang.Object[])	0	4	[false, false, false, false]	false	private	false	file:///private/tmp/projects/mockito/src/main/java/org/mockito/internal/creation/bytebuddy/MockMethodAdvice.java
1788	org.mockito.internal.creation.bytebuddy.MockMethodAdvice$StaticMethodCall	isInvokable()	441	0	[]	false	public	false	file:///private/tmp/projects/mockito/src/main/java/org/mockito/internal/creation/bytebuddy/MockMethodAdvice.java
1789	org.mockito.internal.creation.bytebuddy.MockMethodAdvice$StaticMethodCall	invoke()	443	0	[]	false	public	true	file:///private/tmp/projects/mockito/src/main/java/org/mockito/internal/creation/bytebuddy/MockMethodAdvice.java
1790	org.mockito.internal.creation.bytebuddy.MockMethodAdvice	tryInvoke(java.lang.reflect.Method,java.lang.Object,java.lang.Object[])	0	3	[false, true, false]	false	private	true	file:///private/tmp/projects/mockito/src/main/java/org/mockito/internal/creation/bytebuddy/MockMethodAdvice.java
1791	org.mockito.internal.creation.bytebuddy.MockMethodAdvice$ReturnValueWrapper	ReturnValueWrapper(java.lang.Object)	0	1	[true]	false	private	false	file:///private/tmp/projects/mockito/src/main/java/org/mockito/internal/creation/bytebuddy/MockMethodAdvice.java
1792	org.mockito.internal.creation.bytebuddy.MockMethodAdvice$ReturnValueWrapper	call()	1793	0	[]	true	public	true	file:///private/tmp/projects/mockito/src/main/java/org/mockito/internal/creation/bytebuddy/MockMethodAdvice.java
1794	org.mockito.internal.creation.bytebuddy.MockMethodAdvice$SelfCallInfo	replace(java.lang.Object)	0	1	[false]	false	package	true	file:///private/tmp/projects/mockito/src/main/java/org/mockito/internal/creation/bytebuddy/MockMethodAdvice.java
1795	org.mockito.internal.creation.bytebuddy.MockMethodAdvice$SelfCallInfo	checkSelfCall(java.lang.Object)	0	1	[false]	false	package	false	file:///private/tmp/projects/mockito/src/main/java/org/mockito/internal/creation/bytebuddy/MockMethodAdvice.java
1796	org.mockito.internal.creation.bytebuddy.MockMethodAdvice$ConstructorShortcut	ConstructorShortcut(java.lang.String)	0	1	[false]	false	package	false	file:///private/tmp/projects/mockito/src/main/java/org/mockito/internal/creation/bytebuddy/MockMethodAdvice.java
1797	org.mockito.internal.creation.bytebuddy.MockMethodAdvice$ConstructorShortcut	wrap(net.bytebuddy.description.type.TypeDescription,net.bytebuddy.description.method.MethodDescription,net.bytebuddy.jar.asm.MethodVisitor,net.bytebuddy.implementation.Implementation.Context,net.bytebuddy.pool.TypePool,int,int)	1798	7	[false, false, false, false, false, false, false]	false	public	true	file:///private/tmp/projects/mockito/src/main/java/org/mockito/internal/creation/bytebuddy/MockMethodAdvice.java
1799	org.mockito.internal.creation.bytebuddy.MockMethodAdvice$ConstructorShortcut$1	visitCode()	1800	0	[]	false	public	false	file:///private/tmp/projects/mockito/src/main/java/org/mockito/internal/creation/bytebuddy/MockMethodAdvice.java
1801	org.mockito.internal.creation.bytebuddy.MockMethodAdvice$ConstructorShortcut$1	visitMaxs(int,int)	1802	2	[false, false]	false	public	false	file:///private/tmp/projects/mockito/src/main/java/org/mockito/internal/creation/bytebuddy/MockMethodAdvice.java
1803	org.mockito.internal.creation.bytebuddy.MockMethodAdvice$ConstructorShortcut	toFrames(java.lang.Object,java.util.List<net.bytebuddy.description.type.TypeDescription>)	0	2	[false, false]	false	private	true	file:///private/tmp/projects/mockito/src/main/java/org/mockito/internal/creation/bytebuddy/MockMethodAdvice.java
1804	org.mockito.internal.creation.bytebuddy.MockMethodAdvice$ForHashCode	enter(java.lang.String,java.lang.Object)	0	2	[false, false]	false	private	false	file:///private/tmp/projects/mockito/src/main/java/org/mockito/internal/creation/bytebuddy/MockMethodAdvice.java
1805	org.mockito.internal.creation.bytebuddy.MockMethodAdvice$ForHashCode	enter(java.lang.Object,int,boolean)	0	3	[false, false, false]	false	private	false	file:///private/tmp/projects/mockito/src/main/java/org/mockito/internal/creation/bytebuddy/MockMethodAdvice.java
1806	org.mockito.internal.creation.bytebuddy.MockMethodAdvice$ForEquals	enter(java.lang.String,java.lang.Object)	0	2	[false, false]	false	private	false	file:///private/tmp/projects/mockito/src/main/java/org/mockito/internal/creation/bytebuddy/MockMethodAdvice.java
1807	org.mockito.internal.creation.bytebuddy.MockMethodAdvice$ForEquals	enter(java.lang.Object,java.lang.Object,boolean,boolean)	0	4	[false, false, false, false]	false	private	false	file:///private/tmp/projects/mockito/src/main/java/org/mockito/internal/creation/bytebuddy/MockMethodAdvice.java
1808	org.mockito.internal.creation.bytebuddy.MockMethodAdvice$ForStatic	enter(java.lang.String,java.lang.Class<?>,java.lang.reflect.Method,java.lang.Object[])	0	4	[false, false, false, false]	true	private	true	file:///private/tmp/projects/mockito/src/main/java/org/mockito/internal/creation/bytebuddy/MockMethodAdvice.java
1809	org.mockito.internal.creation.bytebuddy.MockMethodAdvice$ForStatic	exit(java.lang.Object,java.util.concurrent.Callable<?>)	0	2	[false, false]	false	private	false	file:///private/tmp/projects/mockito/src/main/java/org/mockito/internal/creation/bytebuddy/MockMethodAdvice.java
1810	org.mockito.internal.creation.bytebuddy.MockMethodAdvice$ForReadObject	doReadObject(java.lang.String,org.mockito.internal.creation.bytebuddy.MockAccess,java.io.ObjectInputStream)	0	3	[false, false, false]	false	public	false	file:///private/tmp/projects/mockito/src/main/java/org/mockito/internal/creation/bytebuddy/MockMethodAdvice.java
1811	org.mockito.internal.creation.bytebuddy.TypeCachingBytecodeGenerator	TypeCachingBytecodeGenerator(org.mockito.internal.creation.bytebuddy.BytecodeGenerator,boolean)	0	2	[false, false]	false	public	false	file:///private/tmp/projects/mockito/src/main/java/org/mockito/internal/creation/bytebuddy/TypeCachingBytecodeGenerator.java
1812	org.mockito.internal.creation.bytebuddy.TypeCachingBytecodeGenerator	<T>mockClass(org.mockito.internal.creation.bytebuddy.MockFeatures<T>)	1625	1	[false]	false	public	true	file:///private/tmp/projects/mockito/src/main/java/org/mockito/internal/creation/bytebuddy/TypeCachingBytecodeGenerator.java
1813	org.mockito.internal.creation.bytebuddy.TypeCachingBytecodeGenerator$1	call()	1793	0	[]	false	public	true	file:///private/tmp/projects/mockito/src/main/java/org/mockito/internal/creation/bytebuddy/TypeCachingBytecodeGenerator.java
1814	org.mockito.internal.creation.bytebuddy.TypeCachingBytecodeGenerator	mockClassStatic(java.lang.Class<?>)	1627	1	[false]	false	public	false	file:///private/tmp/projects/mockito/src/main/java/org/mockito/internal/creation/bytebuddy/TypeCachingBytecodeGenerator.java
1815	org.mockito.internal.creation.bytebuddy.TypeCachingBytecodeGenerator	mockClassConstruction(java.lang.Class<?>)	1629	1	[false]	false	public	false	file:///private/tmp/projects/mockito/src/main/java/org/mockito/internal/creation/bytebuddy/TypeCachingBytecodeGenerator.java
1816	org.mockito.internal.creation.bytebuddy.TypeCachingBytecodeGenerator$MockitoMockKey	MockitoMockKey(java.lang.Class<?>,java.util.Set<java.lang.Class<?>>,org.mockito.mock.SerializableMode,boolean)	0	4	[false, false, false, false]	false	private	false	file:///private/tmp/projects/mockito/src/main/java/org/mockito/internal/creation/bytebuddy/TypeCachingBytecodeGenerator.java
1817	org.mockito.internal.creation.bytebuddy.TypeCachingBytecodeGenerator$MockitoMockKey	equals(java.lang.Object)	1818	1	[false]	false	public	false	file:///private/tmp/projects/mockito/src/main/java/org/mockito/internal/creation/bytebuddy/TypeCachingBytecodeGenerator.java
1819	org.mockito.internal.creation.bytebuddy.TypeCachingBytecodeGenerator$MockitoMockKey	hashCode()	1820	0	[]	false	public	false	file:///private/tmp/projects/mockito/src/main/java/org/mockito/internal/creation/bytebuddy/TypeCachingBytecodeGenerator.java
1821	org.mockito.internal.creation.bytebuddy.SubclassByteBuddyMockMaker	SubclassByteBuddyMockMaker()	0	0	[]	false	public	false	file:///private/tmp/projects/mockito/src/main/java/org/mockito/internal/creation/bytebuddy/SubclassByteBuddyMockMaker.java
1822	org.mockito.internal.creation.bytebuddy.SubclassByteBuddyMockMaker	SubclassByteBuddyMockMaker(org.mockito.internal.creation.bytebuddy.SubclassLoader)	0	1	[false]	false	public	false	file:///private/tmp/projects/mockito/src/main/java/org/mockito/internal/creation/bytebuddy/SubclassByteBuddyMockMaker.java
1823	org.mockito.internal.creation.bytebuddy.SubclassByteBuddyMockMaker	<T>createMock(org.mockito.mock.MockCreationSettings<T>,org.mockito.invocation.MockHandler)	248	2	[false, false]	false	public	true	file:///private/tmp/projects/mockito/src/main/java/org/mockito/internal/creation/bytebuddy/SubclassByteBuddyMockMaker.java
1824	org.mockito.internal.creation.bytebuddy.SubclassByteBuddyMockMaker	<T>createMockType(org.mockito.mock.MockCreationSettings<T>)	1692	1	[false]	false	public	true	file:///private/tmp/projects/mockito/src/main/java/org/mockito/internal/creation/bytebuddy/SubclassByteBuddyMockMaker.java
1825	org.mockito.internal.creation.bytebuddy.SubclassByteBuddyMockMaker	<T>ensureMockIsAssignableToMockedType(org.mockito.mock.MockCreationSettings<T>,T)	0	2	[false, false]	false	private	true	file:///private/tmp/projects/mockito/src/main/java/org/mockito/internal/creation/bytebuddy/SubclassByteBuddyMockMaker.java
1826	org.mockito.internal.creation.bytebuddy.SubclassByteBuddyMockMaker	<T>prettifyFailure(org.mockito.mock.MockCreationSettings<T>,java.lang.Exception)	0	2	[false, false]	false	private	true	file:///private/tmp/projects/mockito/src/main/java/org/mockito/internal/creation/bytebuddy/SubclassByteBuddyMockMaker.java
1827	org.mockito.internal.creation.bytebuddy.SubclassByteBuddyMockMaker	describeClass(java.lang.Class<?>)	0	1	[false]	false	private	true	file:///private/tmp/projects/mockito/src/main/java/org/mockito/internal/creation/bytebuddy/SubclassByteBuddyMockMaker.java
1828	org.mockito.internal.creation.bytebuddy.SubclassByteBuddyMockMaker	describeClass(java.lang.Object)	0	1	[true]	false	private	true	file:///private/tmp/projects/mockito/src/main/java/org/mockito/internal/creation/bytebuddy/SubclassByteBuddyMockMaker.java
1829	org.mockito.internal.creation.bytebuddy.SubclassByteBuddyMockMaker	getHandler(java.lang.Object)	250	1	[false]	true	public	true	file:///private/tmp/projects/mockito/src/main/java/org/mockito/internal/creation/bytebuddy/SubclassByteBuddyMockMaker.java
1830	org.mockito.internal.creation.bytebuddy.SubclassByteBuddyMockMaker	resetMock(java.lang.Object,org.mockito.invocation.MockHandler,org.mockito.mock.MockCreationSettings)	251	3	[false, false, false]	false	public	false	file:///private/tmp/projects/mockito/src/main/java/org/mockito/internal/creation/bytebuddy/SubclassByteBuddyMockMaker.java
1831	org.mockito.internal.creation.bytebuddy.SubclassByteBuddyMockMaker	isTypeMockable(java.lang.Class<?>)	252	1	[false]	false	public	true	file:///private/tmp/projects/mockito/src/main/java/org/mockito/internal/creation/bytebuddy/SubclassByteBuddyMockMaker.java
1832	org.mockito.internal.creation.bytebuddy.SubclassByteBuddyMockMaker$1	mockable()	255	0	[]	false	public	false	file:///private/tmp/projects/mockito/src/main/java/org/mockito/internal/creation/bytebuddy/SubclassByteBuddyMockMaker.java
1833	org.mockito.internal.creation.bytebuddy.SubclassByteBuddyMockMaker$1	nonMockableReason()	256	0	[]	false	public	true	file:///private/tmp/projects/mockito/src/main/java/org/mockito/internal/creation/bytebuddy/SubclassByteBuddyMockMaker.java
1834	org.mockito.internal.creation.util.MockitoMethodProxy	invokeSuper(java.lang.Object,java.lang.Object[])	0	2	[false, false]	false	public	true	file:///private/tmp/projects/mockito/src/main/java/org/mockito/internal/creation/util/MockitoMethodProxy.java
1835	org.mockito.internal.creation.instance.DefaultInstantiatorProvider	getInstantiator(org.mockito.mock.MockCreationSettings<?>)	269	1	[true]	false	public	true	file:///private/tmp/projects/mockito/src/main/java/org/mockito/internal/creation/instance/DefaultInstantiatorProvider.java
1836	org.mockito.internal.creation.instance.InstantiatorProviderAdapter	InstantiatorProviderAdapter(org.mockito.plugins.InstantiatorProvider)	0	1	[false]	false	public	false	file:///private/tmp/projects/mockito/src/main/java/org/mockito/internal/creation/instance/InstantiatorProviderAdapter.java
1837	org.mockito.internal.creation.instance.InstantiatorProviderAdapter	getInstantiator(org.mockito.mock.MockCreationSettings<?>)	269	1	[true]	false	public	true	file:///private/tmp/projects/mockito/src/main/java/org/mockito/internal/creation/instance/InstantiatorProviderAdapter.java
1838	org.mockito.internal.creation.instance.InstantiatorProviderAdapter$1	<T>newInstance(java.lang.Class<T>)	270	1	[false]	false	public	true	file:///private/tmp/projects/mockito/src/main/java/org/mockito/internal/creation/instance/InstantiatorProviderAdapter.java
1839	org.mockito.internal.creation.instance.ConstructorInstantiator	ConstructorInstantiator(boolean,java.lang.Object...)	0	2	[false, false]	false	public	false	file:///private/tmp/projects/mockito/src/main/java/org/mockito/internal/creation/instance/ConstructorInstantiator.java
1840	org.mockito.internal.creation.instance.ConstructorInstantiator	<T>newInstance(java.lang.Class<T>)	270	1	[false]	false	public	true	file:///private/tmp/projects/mockito/src/main/java/org/mockito/internal/creation/instance/ConstructorInstantiator.java
1841	org.mockito.internal.creation.instance.ConstructorInstantiator	<T>withParams(java.lang.Class<T>,java.lang.Object...)	0	2	[false, false]	false	private	true	file:///private/tmp/projects/mockito/src/main/java/org/mockito/internal/creation/instance/ConstructorInstantiator.java
1842	org.mockito.internal.creation.instance.ConstructorInstantiator	<T>invokeConstructor(java.lang.reflect.Constructor<?>,java.lang.Object...)	0	2	[false, false]	false	private	true	file:///private/tmp/projects/mockito/src/main/java/org/mockito/internal/creation/instance/ConstructorInstantiator.java
1843	org.mockito.internal.creation.instance.ConstructorInstantiator	paramsException(java.lang.Class<?>,java.lang.Exception)	0	2	[false, false]	false	private	true	file:///private/tmp/projects/mockito/src/main/java/org/mockito/internal/creation/instance/ConstructorInstantiator.java
1844	org.mockito.internal.creation.instance.ConstructorInstantiator	constructorArgTypes()	0	0	[]	false	private	true	file:///private/tmp/projects/mockito/src/main/java/org/mockito/internal/creation/instance/ConstructorInstantiator.java
1845	org.mockito.internal.creation.instance.ConstructorInstantiator	noMatchingConstructor(java.lang.Class<?>)	0	1	[false]	false	private	true	file:///private/tmp/projects/mockito/src/main/java/org/mockito/internal/creation/instance/ConstructorInstantiator.java
1846	org.mockito.internal.creation.instance.ConstructorInstantiator	constructorArgsString()	0	0	[]	false	private	true	file:///private/tmp/projects/mockito/src/main/java/org/mockito/internal/creation/instance/ConstructorInstantiator.java
1847	org.mockito.internal.creation.instance.ConstructorInstantiator	multipleMatchingConstructors(java.lang.Class<?>,java.util.List<java.lang.reflect.Constructor<?>>)	0	2	[false, false]	false	private	true	file:///private/tmp/projects/mockito/src/main/java/org/mockito/internal/creation/instance/ConstructorInstantiator.java
1848	org.mockito.internal.creation.instance.ConstructorInstantiator	paramsMatch(java.lang.Class<?>[],java.lang.Object[])	0	2	[false, false]	false	private	false	file:///private/tmp/projects/mockito/src/main/java/org/mockito/internal/creation/instance/ConstructorInstantiator.java
1849	org.mockito.internal.creation.instance.ConstructorInstantiator	evaluateConstructor(java.util.List<java.lang.reflect.Constructor<?>>,java.lang.reflect.Constructor<?>)	0	2	[false, false]	false	private	false	file:///private/tmp/projects/mockito/src/main/java/org/mockito/internal/creation/instance/ConstructorInstantiator.java
1850	org.mockito.internal.creation.instance.InstantiatorProvider2Adapter	InstantiatorProvider2Adapter(org.mockito.plugins.InstantiatorProvider2)	0	1	[false]	false	public	false	file:///private/tmp/projects/mockito/src/main/java/org/mockito/internal/creation/instance/InstantiatorProvider2Adapter.java
1851	org.mockito.internal.creation.instance.InstantiatorProvider2Adapter	getInstantiator(org.mockito.mock.MockCreationSettings<?>)	288	1	[true]	false	public	true	file:///private/tmp/projects/mockito/src/main/java/org/mockito/internal/creation/instance/InstantiatorProvider2Adapter.java
1852	org.mockito.internal.creation.instance.InstantiatorProvider2Adapter$1	<T>newInstance(java.lang.Class<T>)	289	1	[false]	false	public	true	file:///private/tmp/projects/mockito/src/main/java/org/mockito/internal/creation/instance/InstantiatorProvider2Adapter.java
1853	org.mockito.internal.creation.instance.ObjenesisInstantiator	<T>newInstance(java.lang.Class<T>)	270	1	[false]	false	public	true	file:///private/tmp/projects/mockito/src/main/java/org/mockito/internal/creation/instance/ObjenesisInstantiator.java
1854	org.mockito.internal.creation.SuspendMethod	trimSuspendParameterTypes(java.lang.Class<?>[])	0	1	[false]	false	public	true	file:///private/tmp/projects/mockito/src/main/java/org/mockito/internal/creation/SuspendMethod.java
1855	org.mockito.internal.creation.SuspendMethod	isContinuationType(java.lang.Class<?>)	0	1	[false]	false	private	false	file:///private/tmp/projects/mockito/src/main/java/org/mockito/internal/creation/SuspendMethod.java
1856	org.mockito.internal.MockedStaticImpl	MockedStaticImpl(org.mockito.plugins.MockMaker.StaticMockControl<T>)	0	1	[false]	false	protected	false	file:///private/tmp/projects/mockito/src/main/java/org/mockito/internal/MockedStaticImpl.java
1857	org.mockito.internal.MockedStaticImpl	<S>when(org.mockito.MockedStatic.Verification)	854	1	[false]	false	public	true	file:///private/tmp/projects/mockito/src/main/java/org/mockito/internal/MockedStaticImpl.java
1858	org.mockito.internal.MockedStaticImpl	verify(org.mockito.verification.VerificationMode,org.mockito.MockedStatic.Verification)	856	2	[false, false]	false	public	false	file:///private/tmp/projects/mockito/src/main/java/org/mockito/internal/MockedStaticImpl.java
1859	org.mockito.internal.MockedStaticImpl	reset()	857	0	[]	false	public	false	file:///private/tmp/projects/mockito/src/main/java/org/mockito/internal/MockedStaticImpl.java
1860	org.mockito.internal.MockedStaticImpl	clearInvocations()	858	0	[]	false	public	false	file:///private/tmp/projects/mockito/src/main/java/org/mockito/internal/MockedStaticImpl.java
1861	org.mockito.internal.MockedStaticImpl	verifyNoMoreInteractions()	859	0	[]	false	public	false	file:///private/tmp/projects/mockito/src/main/java/org/mockito/internal/MockedStaticImpl.java
1862	org.mockito.internal.MockedStaticImpl	verifyNoInteractions()	860	0	[]	false	public	false	file:///private/tmp/projects/mockito/src/main/java/org/mockito/internal/MockedStaticImpl.java
1863	org.mockito.internal.MockedStaticImpl	isClosed()	201	0	[]	false	public	false	file:///private/tmp/projects/mockito/src/main/java/org/mockito/internal/MockedStaticImpl.java
1864	org.mockito.internal.MockedStaticImpl	close()	202	0	[]	false	public	false	file:///private/tmp/projects/mockito/src/main/java/org/mockito/internal/MockedStaticImpl.java
1865	org.mockito.internal.MockedStaticImpl	closeOnDemand()	203	0	[]	false	public	false	file:///private/tmp/projects/mockito/src/main/java/org/mockito/internal/MockedStaticImpl.java
1866	org.mockito.internal.MockedStaticImpl	assertNotClosed()	0	0	[]	false	private	false	file:///private/tmp/projects/mockito/src/main/java/org/mockito/internal/MockedStaticImpl.java
1867	org.mockito.internal.MockedStaticImpl	toString()	2	0	[]	false	public	true	file:///private/tmp/projects/mockito/src/main/java/org/mockito/internal/MockedStaticImpl.java
1868	org.mockito.internal.runners.StrictRunner	StrictRunner(org.mockito.internal.runners.InternalRunner,java.lang.Class<?>)	0	2	[false, false]	false	public	false	file:///private/tmp/projects/mockito/src/main/java/org/mockito/internal/runners/StrictRunner.java
1869	org.mockito.internal.runners.StrictRunner	run(org.junit.runner.notification.RunNotifier)	246	1	[false]	false	public	false	file:///private/tmp/projects/mockito/src/main/java/org/mockito/internal/runners/StrictRunner.java
1870	org.mockito.internal.runners.StrictRunner	getDescription()	247	0	[]	false	public	true	file:///private/tmp/projects/mockito/src/main/java/org/mockito/internal/runners/StrictRunner.java
1871	org.mockito.internal.runners.StrictRunner	filter(org.junit.runner.manipulation.Filter)	245	1	[false]	false	public	false	file:///private/tmp/projects/mockito/src/main/java/org/mockito/internal/runners/StrictRunner.java
1872	org.mockito.internal.runners.util.RunnerProvider	newInstance(java.lang.String,java.lang.Object...)	0	2	[false, false]	false	public	true	file:///private/tmp/projects/mockito/src/main/java/org/mockito/internal/runners/util/RunnerProvider.java
1873	org.mockito.internal.runners.util.FailureDetector	testFailure(org.junit.runner.notification.Failure)	1874	1	[false]	false	public	false	file:///private/tmp/projects/mockito/src/main/java/org/mockito/internal/runners/util/FailureDetector.java
1875	org.mockito.internal.runners.util.FailureDetector	isSuccessful()	0	0	[]	false	public	false	file:///private/tmp/projects/mockito/src/main/java/org/mockito/internal/runners/util/FailureDetector.java
1876	org.mockito.internal.runners.util.TestMethodsFinder	TestMethodsFinder()	0	0	[]	false	private	false	file:///private/tmp/projects/mockito/src/main/java/org/mockito/internal/runners/util/TestMethodsFinder.java
1877	org.mockito.internal.runners.util.TestMethodsFinder	hasTestMethods(java.lang.Class<?>)	0	1	[false]	false	public	false	file:///private/tmp/projects/mockito/src/main/java/org/mockito/internal/runners/util/TestMethodsFinder.java
1878	org.mockito.internal.runners.RunnerFactory	create(java.lang.Class<?>)	0	1	[false]	false	public	true	file:///private/tmp/projects/mockito/src/main/java/org/mockito/internal/runners/RunnerFactory.java
1879	org.mockito.internal.runners.RunnerFactory$1	get()	632	0	[]	false	public	true	file:///private/tmp/projects/mockito/src/main/java/org/mockito/internal/runners/RunnerFactory.java
1880	org.mockito.internal.runners.RunnerFactory	createStrict(java.lang.Class<?>)	0	1	[false]	false	public	true	file:///private/tmp/projects/mockito/src/main/java/org/mockito/internal/runners/RunnerFactory.java
1881	org.mockito.internal.runners.RunnerFactory$2	get()	632	0	[]	false	public	true	file:///private/tmp/projects/mockito/src/main/java/org/mockito/internal/runners/RunnerFactory.java
1882	org.mockito.internal.runners.RunnerFactory	createStrictStubs(java.lang.Class<?>)	0	1	[false]	false	public	true	file:///private/tmp/projects/mockito/src/main/java/org/mockito/internal/runners/RunnerFactory.java
1883	org.mockito.internal.runners.RunnerFactory$3	get()	632	0	[]	false	public	true	file:///private/tmp/projects/mockito/src/main/java/org/mockito/internal/runners/RunnerFactory.java
1884	org.mockito.internal.runners.RunnerFactory	create(java.lang.Class<?>,org.mockito.internal.util.Supplier<org.mockito.internal.junit.MockitoTestListener>)	0	2	[false, false]	false	public	true	file:///private/tmp/projects/mockito/src/main/java/org/mockito/internal/runners/RunnerFactory.java
1885	org.mockito.internal.runners.DefaultInternalRunner	DefaultInternalRunner(java.lang.Class<?>,org.mockito.internal.util.Supplier<org.mockito.internal.junit.MockitoTestListener>)	0	2	[false, false]	false	public	false	file:///private/tmp/projects/mockito/src/main/java/org/mockito/internal/runners/DefaultInternalRunner.java
1886	org.mockito.internal.runners.DefaultInternalRunner$1	withBefores(org.junit.runners.model.FrameworkMethod,java.lang.Object,org.junit.runners.model.Statement)	1887	3	[false, false, false]	false	protected	true	file:///private/tmp/projects/mockito/src/main/java/org/mockito/internal/runners/DefaultInternalRunner.java
1888	org.mockito.internal.runners.DefaultInternalRunner$1$1	evaluate()	1401	0	[]	false	public	false	file:///private/tmp/projects/mockito/src/main/java/org/mockito/internal/runners/DefaultInternalRunner.java
1889	org.mockito.internal.runners.DefaultInternalRunner$1	run(org.junit.runner.notification.RunNotifier)	1890	1	[false]	false	public	false	file:///private/tmp/projects/mockito/src/main/java/org/mockito/internal/runners/DefaultInternalRunner.java
1891	org.mockito.internal.runners.DefaultInternalRunner$1$2	testFailure(org.junit.runner.notification.Failure)	1874	1	[false]	false	public	false	file:///private/tmp/projects/mockito/src/main/java/org/mockito/internal/runners/DefaultInternalRunner.java
1892	org.mockito.internal.runners.DefaultInternalRunner$1$2	testFinished(org.junit.runner.Description)	1893	1	[false]	false	public	false	file:///private/tmp/projects/mockito/src/main/java/org/mockito/internal/runners/DefaultInternalRunner.java
1894	org.mockito.internal.runners.DefaultInternalRunner	run(org.junit.runner.notification.RunNotifier)	246	1	[false]	false	public	false	file:///private/tmp/projects/mockito/src/main/java/org/mockito/internal/runners/DefaultInternalRunner.java
1895	org.mockito.internal.runners.DefaultInternalRunner	getDescription()	247	0	[]	false	public	true	file:///private/tmp/projects/mockito/src/main/java/org/mockito/internal/runners/DefaultInternalRunner.java
1896	org.mockito.internal.runners.DefaultInternalRunner	filter(org.junit.runner.manipulation.Filter)	245	1	[false]	false	public	false	file:///private/tmp/projects/mockito/src/main/java/org/mockito/internal/runners/DefaultInternalRunner.java
1897	org.mockito.internal.stubbing.DefaultLenientStubber	doThrow(java.lang.Throwable...)	863	1	[false]	false	public	true	file:///private/tmp/projects/mockito/src/main/java/org/mockito/internal/stubbing/DefaultLenientStubber.java
1898	org.mockito.internal.stubbing.DefaultLenientStubber	doThrow(java.lang.Class<? extends java.lang.Throwable>)	864	1	[false]	false	public	true	file:///private/tmp/projects/mockito/src/main/java/org/mockito/internal/stubbing/DefaultLenientStubber.java
1899	org.mockito.internal.stubbing.DefaultLenientStubber	doThrow(java.lang.Class<? extends java.lang.Throwable>,java.lang.Class<? extends java.lang.Throwable>...)	865	2	[false, false]	false	public	true	file:///private/tmp/projects/mockito/src/main/java/org/mockito/internal/stubbing/DefaultLenientStubber.java
1900	org.mockito.internal.stubbing.DefaultLenientStubber	doAnswer(org.mockito.stubbing.Answer)	866	1	[false]	false	public	true	file:///private/tmp/projects/mockito/src/main/java/org/mockito/internal/stubbing/DefaultLenientStubber.java
1901	org.mockito.internal.stubbing.DefaultLenientStubber	doNothing()	867	0	[]	false	public	true	file:///private/tmp/projects/mockito/src/main/java/org/mockito/internal/stubbing/DefaultLenientStubber.java
1902	org.mockito.internal.stubbing.DefaultLenientStubber	doReturn(java.lang.Object)	868	1	[false]	false	public	true	file:///private/tmp/projects/mockito/src/main/java/org/mockito/internal/stubbing/DefaultLenientStubber.java
1903	org.mockito.internal.stubbing.DefaultLenientStubber	doReturn(java.lang.Object,java.lang.Object...)	869	2	[false, false]	false	public	true	file:///private/tmp/projects/mockito/src/main/java/org/mockito/internal/stubbing/DefaultLenientStubber.java
1904	org.mockito.internal.stubbing.DefaultLenientStubber	doCallRealMethod()	870	0	[]	false	public	true	file:///private/tmp/projects/mockito/src/main/java/org/mockito/internal/stubbing/DefaultLenientStubber.java
1905	org.mockito.internal.stubbing.DefaultLenientStubber	<T>when(T)	895	1	[false]	false	public	true	file:///private/tmp/projects/mockito/src/main/java/org/mockito/internal/stubbing/DefaultLenientStubber.java
1906	org.mockito.internal.stubbing.DefaultLenientStubber	stubber()	0	0	[]	false	private	true	file:///private/tmp/projects/mockito/src/main/java/org/mockito/internal/stubbing/DefaultLenientStubber.java
1907	org.mockito.internal.stubbing.answers.ThrowsException	ThrowsException(java.lang.Throwable)	0	1	[true]	false	public	false	file:///private/tmp/projects/mockito/src/main/java/org/mockito/internal/stubbing/answers/ThrowsException.java
1908	org.mockito.internal.stubbing.answers.ThrowsException	getThrowable()	1909	0	[]	true	protected	true	file:///private/tmp/projects/mockito/src/main/java/org/mockito/internal/stubbing/answers/ThrowsException.java
1909	org.mockito.internal.stubbing.answers.AbstractThrowsException	getThrowable()	0	0	[]	true	protected	true	file:///private/tmp/projects/mockito/src/main/java/org/mockito/internal/stubbing/answers/AbstractThrowsException.java
1910	org.mockito.internal.stubbing.answers.AbstractThrowsException	answer(org.mockito.invocation.InvocationOnMock)	46	1	[false]	false	public	true	file:///private/tmp/projects/mockito/src/main/java/org/mockito/internal/stubbing/answers/AbstractThrowsException.java
1911	org.mockito.internal.stubbing.answers.AbstractThrowsException	validateFor(org.mockito.invocation.InvocationOnMock)	1912	1	[false]	false	public	false	file:///private/tmp/projects/mockito/src/main/java/org/mockito/internal/stubbing/answers/AbstractThrowsException.java
1912	org.mockito.stubbing.ValidableAnswer	validateFor(org.mockito.invocation.InvocationOnMock)	0	1	[false]	false	public	false	file:///private/tmp/projects/mockito/src/main/java/org/mockito/stubbing/ValidableAnswer.java
1913	org.mockito.internal.stubbing.answers.ReturnsElementsOf	ReturnsElementsOf(java.util.Collection<?>)	0	1	[false]	false	public	false	file:///private/tmp/projects/mockito/src/main/java/org/mockito/internal/stubbing/answers/ReturnsElementsOf.java
1914	org.mockito.internal.stubbing.answers.ReturnsElementsOf	answer(org.mockito.invocation.InvocationOnMock)	46	1	[false]	false	public	true	file:///private/tmp/projects/mockito/src/main/java/org/mockito/internal/stubbing/answers/ReturnsElementsOf.java
1915	org.mockito.internal.stubbing.answers.CallsRealMethods	answer(org.mockito.invocation.InvocationOnMock)	46	1	[false]	true	public	true	file:///private/tmp/projects/mockito/src/main/java/org/mockito/internal/stubbing/answers/CallsRealMethods.java
1916	org.mockito.internal.stubbing.answers.CallsRealMethods	validateFor(org.mockito.invocation.InvocationOnMock)	1912	1	[false]	false	public	false	file:///private/tmp/projects/mockito/src/main/java/org/mockito/internal/stubbing/answers/CallsRealMethods.java
1917	org.mockito.internal.stubbing.answers.ReturnsArgumentAt	ReturnsArgumentAt(int)	0	1	[false]	false	public	false	file:///private/tmp/projects/mockito/src/main/java/org/mockito/internal/stubbing/answers/ReturnsArgumentAt.java
1918	org.mockito.internal.stubbing.answers.ReturnsArgumentAt	answer(org.mockito.invocation.InvocationOnMock)	46	1	[false]	false	public	true	file:///private/tmp/projects/mockito/src/main/java/org/mockito/internal/stubbing/answers/ReturnsArgumentAt.java
1919	org.mockito.internal.stubbing.answers.ReturnsArgumentAt	validateFor(org.mockito.invocation.InvocationOnMock)	1912	1	[false]	false	public	false	file:///private/tmp/projects/mockito/src/main/java/org/mockito/internal/stubbing/answers/ReturnsArgumentAt.java
1920	org.mockito.internal.stubbing.answers.ReturnsArgumentAt	inferWantedArgumentPosition(org.mockito.invocation.InvocationOnMock)	0	1	[false]	false	private	false	file:///private/tmp/projects/mockito/src/main/java/org/mockito/internal/stubbing/answers/ReturnsArgumentAt.java
1921	org.mockito.internal.stubbing.answers.ReturnsArgumentAt	validateIndexWithinInvocationRange(org.mockito.invocation.InvocationOnMock,int)	0	2	[false, false]	false	private	false	file:///private/tmp/projects/mockito/src/main/java/org/mockito/internal/stubbing/answers/ReturnsArgumentAt.java
1922	org.mockito.internal.stubbing.answers.ReturnsArgumentAt	validateArgumentTypeCompatibility(org.mockito.invocation.Invocation,int)	0	2	[false, false]	false	private	false	file:///private/tmp/projects/mockito/src/main/java/org/mockito/internal/stubbing/answers/ReturnsArgumentAt.java
1923	org.mockito.internal.stubbing.answers.ReturnsArgumentAt	wantedArgIndexIsVarargAndSameTypeAsReturnType(java.lang.reflect.Method,int)	0	2	[false, false]	false	private	false	file:///private/tmp/projects/mockito/src/main/java/org/mockito/internal/stubbing/answers/ReturnsArgumentAt.java
1924	org.mockito.internal.stubbing.answers.ReturnsArgumentAt	wantedArgumentPositionIsValidForInvocation(org.mockito.invocation.InvocationOnMock,int)	0	2	[false, false]	false	private	false	file:///private/tmp/projects/mockito/src/main/java/org/mockito/internal/stubbing/answers/ReturnsArgumentAt.java
1925	org.mockito.internal.stubbing.answers.ReturnsArgumentAt	inferArgumentType(org.mockito.invocation.Invocation,int)	0	2	[false, false]	false	private	true	file:///private/tmp/projects/mockito/src/main/java/org/mockito/internal/stubbing/answers/ReturnsArgumentAt.java
1926	org.mockito.internal.stubbing.answers.DefaultAnswerValidator	validateReturnValueFor(org.mockito.invocation.InvocationOnMock,java.lang.Object)	0	2	[false, true]	false	public	false	file:///private/tmp/projects/mockito/src/main/java/org/mockito/internal/stubbing/answers/DefaultAnswerValidator.java
1927	org.mockito.internal.stubbing.answers.InvocationInfo	InvocationInfo(org.mockito.invocation.InvocationOnMock)	0	1	[false]	false	public	false	file:///private/tmp/projects/mockito/src/main/java/org/mockito/internal/stubbing/answers/InvocationInfo.java
1928	org.mockito.internal.stubbing.answers.InvocationInfo	isValidException(java.lang.Throwable)	0	1	[false]	false	public	false	file:///private/tmp/projects/mockito/src/main/java/org/mockito/internal/stubbing/answers/InvocationInfo.java
1929	org.mockito.internal.stubbing.answers.InvocationInfo	isValidReturnType(java.lang.Class<?>)	0	1	[false]	false	public	false	file:///private/tmp/projects/mockito/src/main/java/org/mockito/internal/stubbing/answers/InvocationInfo.java
1930	org.mockito.internal.stubbing.answers.InvocationInfo	isVoid()	0	0	[]	false	public	false	file:///private/tmp/projects/mockito/src/main/java/org/mockito/internal/stubbing/answers/InvocationInfo.java
1931	org.mockito.internal.stubbing.answers.InvocationInfo	printMethodReturnType()	0	0	[]	false	public	true	file:///private/tmp/projects/mockito/src/main/java/org/mockito/internal/stubbing/answers/InvocationInfo.java
1932	org.mockito.internal.stubbing.answers.InvocationInfo	getMethodName()	0	0	[]	false	public	true	file:///private/tmp/projects/mockito/src/main/java/org/mockito/internal/stubbing/answers/InvocationInfo.java
1933	org.mockito.internal.stubbing.answers.InvocationInfo	returnsPrimitive()	0	0	[]	false	public	false	file:///private/tmp/projects/mockito/src/main/java/org/mockito/internal/stubbing/answers/InvocationInfo.java
1934	org.mockito.internal.stubbing.answers.InvocationInfo	getMethod()	0	0	[]	false	public	true	file:///private/tmp/projects/mockito/src/main/java/org/mockito/internal/stubbing/answers/InvocationInfo.java
1935	org.mockito.internal.stubbing.answers.InvocationInfo	isDeclaredOnInterface()	0	0	[]	false	public	false	file:///private/tmp/projects/mockito/src/main/java/org/mockito/internal/stubbing/answers/InvocationInfo.java
1936	org.mockito.internal.stubbing.answers.InvocationInfo	isAbstract()	407	0	[]	false	public	false	file:///private/tmp/projects/mockito/src/main/java/org/mockito/internal/stubbing/answers/InvocationInfo.java
1937	org.mockito.internal.stubbing.answers.AnswersWithDelay	AnswersWithDelay(long,org.mockito.stubbing.Answer<java.lang.Object>)	0	2	[false, false]	false	public	false	file:///private/tmp/projects/mockito/src/main/java/org/mockito/internal/stubbing/answers/AnswersWithDelay.java
1938	org.mockito.internal.stubbing.answers.AnswersWithDelay	answer(org.mockito.invocation.InvocationOnMock)	46	1	[false]	true	public	true	file:///private/tmp/projects/mockito/src/main/java/org/mockito/internal/stubbing/answers/AnswersWithDelay.java
1939	org.mockito.internal.stubbing.answers.AnswersWithDelay	validateFor(org.mockito.invocation.InvocationOnMock)	1912	1	[false]	false	public	false	file:///private/tmp/projects/mockito/src/main/java/org/mockito/internal/stubbing/answers/AnswersWithDelay.java
1940	org.mockito.internal.stubbing.answers.ThrowsExceptionForClassType	ThrowsExceptionForClassType(java.lang.Class<? extends java.lang.Throwable>)	0	1	[false]	false	public	false	file:///private/tmp/projects/mockito/src/main/java/org/mockito/internal/stubbing/answers/ThrowsExceptionForClassType.java
1941	org.mockito.internal.stubbing.answers.ThrowsExceptionForClassType	getThrowable()	1909	0	[]	false	protected	true	file:///private/tmp/projects/mockito/src/main/java/org/mockito/internal/stubbing/answers/ThrowsExceptionForClassType.java
1942	org.mockito.internal.stubbing.answers.DoesNothing	DoesNothing()	0	0	[]	false	private	false	file:///private/tmp/projects/mockito/src/main/java/org/mockito/internal/stubbing/answers/DoesNothing.java
1943	org.mockito.internal.stubbing.answers.DoesNothing	doesNothing()	0	0	[]	false	public	true	file:///private/tmp/projects/mockito/src/main/java/org/mockito/internal/stubbing/answers/DoesNothing.java
1944	org.mockito.internal.stubbing.answers.DoesNothing	answer(org.mockito.invocation.InvocationOnMock)	46	1	[false]	true	public	true	file:///private/tmp/projects/mockito/src/main/java/org/mockito/internal/stubbing/answers/DoesNothing.java
1945	org.mockito.internal.stubbing.answers.DoesNothing	validateFor(org.mockito.invocation.InvocationOnMock)	1912	1	[false]	false	public	false	file:///private/tmp/projects/mockito/src/main/java/org/mockito/internal/stubbing/answers/DoesNothing.java
1946	org.mockito.internal.stubbing.answers.Returns	Returns(java.lang.Object)	0	1	[true]	false	public	false	file:///private/tmp/projects/mockito/src/main/java/org/mockito/internal/stubbing/answers/Returns.java
1947	org.mockito.internal.stubbing.answers.Returns	answer(org.mockito.invocation.InvocationOnMock)	46	1	[false]	false	public	true	file:///private/tmp/projects/mockito/src/main/java/org/mockito/internal/stubbing/answers/Returns.java
1948	org.mockito.internal.stubbing.answers.Returns	validateFor(org.mockito.invocation.InvocationOnMock)	1912	1	[false]	false	public	false	file:///private/tmp/projects/mockito/src/main/java/org/mockito/internal/stubbing/answers/Returns.java
1949	org.mockito.internal.stubbing.answers.Returns	printReturnType()	0	0	[]	false	private	true	file:///private/tmp/projects/mockito/src/main/java/org/mockito/internal/stubbing/answers/Returns.java
1950	org.mockito.internal.stubbing.answers.Returns	returnType()	0	0	[]	false	private	true	file:///private/tmp/projects/mockito/src/main/java/org/mockito/internal/stubbing/answers/Returns.java
1951	org.mockito.internal.stubbing.answers.Returns	returnsNull()	0	0	[]	false	private	false	file:///private/tmp/projects/mockito/src/main/java/org/mockito/internal/stubbing/answers/Returns.java
1952	org.mockito.internal.stubbing.answers.Returns	toString()	2	0	[]	false	public	true	file:///private/tmp/projects/mockito/src/main/java/org/mockito/internal/stubbing/answers/Returns.java
1953	org.mockito.internal.stubbing.answers.AnswerFunctionalInterfaces	AnswerFunctionalInterfaces()	0	0	[]	false	private	false	file:///private/tmp/projects/mockito/src/main/java/org/mockito/internal/stubbing/answers/AnswerFunctionalInterfaces.java
1954	org.mockito.internal.stubbing.answers.AnswerFunctionalInterfaces	<T,A>toAnswer(org.mockito.stubbing.Answer1<T,A>)	0	1	[false]	false	public	true	file:///private/tmp/projects/mockito/src/main/java/org/mockito/internal/stubbing/answers/AnswerFunctionalInterfaces.java
1955	org.mockito.internal.stubbing.answers.AnswerFunctionalInterfaces$1	answer(org.mockito.invocation.InvocationOnMock)	46	1	[false]	false	public	true	file:///private/tmp/projects/mockito/src/main/java/org/mockito/internal/stubbing/answers/AnswerFunctionalInterfaces.java
1956	org.mockito.internal.stubbing.answers.AnswerFunctionalInterfaces	<A>toAnswer(org.mockito.stubbing.VoidAnswer1<A>)	0	1	[false]	false	public	true	file:///private/tmp/projects/mockito/src/main/java/org/mockito/internal/stubbing/answers/AnswerFunctionalInterfaces.java
1957	org.mockito.internal.stubbing.answers.AnswerFunctionalInterfaces$2	answer(org.mockito.invocation.InvocationOnMock)	46	1	[false]	false	public	true	file:///private/tmp/projects/mockito/src/main/java/org/mockito/internal/stubbing/answers/AnswerFunctionalInterfaces.java
1958	org.mockito.internal.stubbing.answers.AnswerFunctionalInterfaces	<T,A,B>toAnswer(org.mockito.stubbing.Answer2<T,A,B>)	0	1	[false]	false	public	true	file:///private/tmp/projects/mockito/src/main/java/org/mockito/internal/stubbing/answers/AnswerFunctionalInterfaces.java
1959	org.mockito.internal.stubbing.answers.AnswerFunctionalInterfaces$3	answer(org.mockito.invocation.InvocationOnMock)	46	1	[false]	false	public	true	file:///private/tmp/projects/mockito/src/main/java/org/mockito/internal/stubbing/answers/AnswerFunctionalInterfaces.java
1960	org.mockito.internal.stubbing.answers.AnswerFunctionalInterfaces	<A,B>toAnswer(org.mockito.stubbing.VoidAnswer2<A,B>)	0	1	[false]	false	public	true	file:///private/tmp/projects/mockito/src/main/java/org/mockito/internal/stubbing/answers/AnswerFunctionalInterfaces.java
1961	org.mockito.internal.stubbing.answers.AnswerFunctionalInterfaces$4	answer(org.mockito.invocation.InvocationOnMock)	46	1	[false]	false	public	true	file:///private/tmp/projects/mockito/src/main/java/org/mockito/internal/stubbing/answers/AnswerFunctionalInterfaces.java
1962	org.mockito.internal.stubbing.answers.AnswerFunctionalInterfaces	<T,A,B,C>toAnswer(org.mockito.stubbing.Answer3<T,A,B,C>)	0	1	[false]	false	public	true	file:///private/tmp/projects/mockito/src/main/java/org/mockito/internal/stubbing/answers/AnswerFunctionalInterfaces.java
1963	org.mockito.internal.stubbing.answers.AnswerFunctionalInterfaces$5	answer(org.mockito.invocation.InvocationOnMock)	46	1	[false]	false	public	true	file:///private/tmp/projects/mockito/src/main/java/org/mockito/internal/stubbing/answers/AnswerFunctionalInterfaces.java
1964	org.mockito.internal.stubbing.answers.AnswerFunctionalInterfaces	<A,B,C>toAnswer(org.mockito.stubbing.VoidAnswer3<A,B,C>)	0	1	[false]	false	public	true	file:///private/tmp/projects/mockito/src/main/java/org/mockito/internal/stubbing/answers/AnswerFunctionalInterfaces.java
1965	org.mockito.internal.stubbing.answers.AnswerFunctionalInterfaces$6	answer(org.mockito.invocation.InvocationOnMock)	46	1	[false]	false	public	true	file:///private/tmp/projects/mockito/src/main/java/org/mockito/internal/stubbing/answers/AnswerFunctionalInterfaces.java
1966	org.mockito.internal.stubbing.answers.AnswerFunctionalInterfaces	<T,A,B,C,D>toAnswer(org.mockito.stubbing.Answer4<T,A,B,C,D>)	0	1	[false]	false	public	true	file:///private/tmp/projects/mockito/src/main/java/org/mockito/internal/stubbing/answers/AnswerFunctionalInterfaces.java
1967	org.mockito.internal.stubbing.answers.AnswerFunctionalInterfaces$7	answer(org.mockito.invocation.InvocationOnMock)	46	1	[false]	false	public	true	file:///private/tmp/projects/mockito/src/main/java/org/mockito/internal/stubbing/answers/AnswerFunctionalInterfaces.java
1968	org.mockito.internal.stubbing.answers.AnswerFunctionalInterfaces	<A,B,C,D>toAnswer(org.mockito.stubbing.VoidAnswer4<A,B,C,D>)	0	1	[false]	false	public	true	file:///private/tmp/projects/mockito/src/main/java/org/mockito/internal/stubbing/answers/AnswerFunctionalInterfaces.java
1969	org.mockito.internal.stubbing.answers.AnswerFunctionalInterfaces$8	answer(org.mockito.invocation.InvocationOnMock)	46	1	[false]	false	public	true	file:///private/tmp/projects/mockito/src/main/java/org/mockito/internal/stubbing/answers/AnswerFunctionalInterfaces.java
1970	org.mockito.internal.stubbing.answers.AnswerFunctionalInterfaces	<T,A,B,C,D,E>toAnswer(org.mockito.stubbing.Answer5<T,A,B,C,D,E>)	0	1	[false]	false	public	true	file:///private/tmp/projects/mockito/src/main/java/org/mockito/internal/stubbing/answers/AnswerFunctionalInterfaces.java
1971	org.mockito.internal.stubbing.answers.AnswerFunctionalInterfaces$9	answer(org.mockito.invocation.InvocationOnMock)	46	1	[false]	false	public	true	file:///private/tmp/projects/mockito/src/main/java/org/mockito/internal/stubbing/answers/AnswerFunctionalInterfaces.java
1972	org.mockito.internal.stubbing.answers.AnswerFunctionalInterfaces	<A,B,C,D,E>toAnswer(org.mockito.stubbing.VoidAnswer5<A,B,C,D,E>)	0	1	[false]	false	public	true	file:///private/tmp/projects/mockito/src/main/java/org/mockito/internal/stubbing/answers/AnswerFunctionalInterfaces.java
1973	org.mockito.internal.stubbing.answers.AnswerFunctionalInterfaces$10	answer(org.mockito.invocation.InvocationOnMock)	46	1	[false]	false	public	true	file:///private/tmp/projects/mockito/src/main/java/org/mockito/internal/stubbing/answers/AnswerFunctionalInterfaces.java
1974	org.mockito.internal.stubbing.answers.AnswerFunctionalInterfaces	<T,A,B,C,D,E,F>toAnswer(org.mockito.stubbing.Answer6<T,A,B,C,D,E,F>)	0	1	[false]	false	public	true	file:///private/tmp/projects/mockito/src/main/java/org/mockito/internal/stubbing/answers/AnswerFunctionalInterfaces.java
1975	org.mockito.internal.stubbing.answers.AnswerFunctionalInterfaces$11	answer(org.mockito.invocation.InvocationOnMock)	46	1	[false]	false	public	true	file:///private/tmp/projects/mockito/src/main/java/org/mockito/internal/stubbing/answers/AnswerFunctionalInterfaces.java
1976	org.mockito.internal.stubbing.answers.AnswerFunctionalInterfaces	<A,B,C,D,E,F>toAnswer(org.mockito.stubbing.VoidAnswer6<A,B,C,D,E,F>)	0	1	[false]	false	public	true	file:///private/tmp/projects/mockito/src/main/java/org/mockito/internal/stubbing/answers/AnswerFunctionalInterfaces.java
1977	org.mockito.internal.stubbing.answers.AnswerFunctionalInterfaces$12	answer(org.mockito.invocation.InvocationOnMock)	46	1	[false]	false	public	true	file:///private/tmp/projects/mockito/src/main/java/org/mockito/internal/stubbing/answers/AnswerFunctionalInterfaces.java
1978	org.mockito.stubbing.Answer1	answer(A0)	0	1	[false]	false	public	true	file:///private/tmp/projects/mockito/src/main/java/org/mockito/stubbing/Answer1.java
1979	org.mockito.stubbing.VoidAnswer1	answer(A0)	0	1	[false]	false	public	false	file:///private/tmp/projects/mockito/src/main/java/org/mockito/stubbing/VoidAnswer1.java
1980	org.mockito.stubbing.Answer2	answer(A0,A1)	0	2	[false, false]	false	public	true	file:///private/tmp/projects/mockito/src/main/java/org/mockito/stubbing/Answer2.java
1981	org.mockito.stubbing.VoidAnswer2	answer(A0,A1)	0	2	[false, false]	false	public	false	file:///private/tmp/projects/mockito/src/main/java/org/mockito/stubbing/VoidAnswer2.java
1982	org.mockito.stubbing.Answer3	answer(A0,A1,A2)	0	3	[false, false, false]	false	public	true	file:///private/tmp/projects/mockito/src/main/java/org/mockito/stubbing/Answer3.java
1983	org.mockito.stubbing.VoidAnswer3	answer(A0,A1,A2)	0	3	[false, false, false]	false	public	false	file:///private/tmp/projects/mockito/src/main/java/org/mockito/stubbing/VoidAnswer3.java
1984	org.mockito.stubbing.Answer4	answer(A0,A1,A2,A3)	0	4	[false, false, false, false]	false	public	true	file:///private/tmp/projects/mockito/src/main/java/org/mockito/stubbing/Answer4.java
1985	org.mockito.stubbing.VoidAnswer4	answer(A0,A1,A2,A3)	0	4	[false, false, false, false]	false	public	false	file:///private/tmp/projects/mockito/src/main/java/org/mockito/stubbing/VoidAnswer4.java
1986	org.mockito.stubbing.Answer5	answer(A0,A1,A2,A3,A4)	0	5	[false, false, false, false, false]	false	public	true	file:///private/tmp/projects/mockito/src/main/java/org/mockito/stubbing/Answer5.java
1987	org.mockito.stubbing.VoidAnswer5	answer(A0,A1,A2,A3,A4)	0	5	[false, false, false, false, false]	false	public	false	file:///private/tmp/projects/mockito/src/main/java/org/mockito/stubbing/VoidAnswer5.java
1988	org.mockito.stubbing.Answer6	answer(A0,A1,A2,A3,A4,A5)	0	6	[false, false, false, false, false, false]	false	public	true	file:///private/tmp/projects/mockito/src/main/java/org/mockito/stubbing/Answer6.java
1989	org.mockito.stubbing.VoidAnswer6	answer(A0,A1,A2,A3,A4,A5)	0	6	[false, false, false, false, false, false]	false	public	false	file:///private/tmp/projects/mockito/src/main/java/org/mockito/stubbing/VoidAnswer6.java
1990	org.mockito.internal.stubbing.answers.ClonesArguments	answer(org.mockito.invocation.InvocationOnMock)	46	1	[false]	true	public	true	file:///private/tmp/projects/mockito/src/main/java/org/mockito/internal/stubbing/answers/ClonesArguments.java
1991	org.mockito.internal.stubbing.UnusedStubbingReporting	shouldBeReported(org.mockito.stubbing.Stubbing)	0	1	[false]	false	public	false	file:///private/tmp/projects/mockito/src/main/java/org/mockito/internal/stubbing/UnusedStubbingReporting.java
1992	org.mockito.internal.stubbing.OngoingStubbingImpl	OngoingStubbingImpl(org.mockito.internal.stubbing.InvocationContainerImpl)	0	1	[false]	false	public	false	file:///private/tmp/projects/mockito/src/main/java/org/mockito/internal/stubbing/OngoingStubbingImpl.java
1993	org.mockito.internal.stubbing.OngoingStubbingImpl	thenAnswer(org.mockito.stubbing.Answer<?>)	119	1	[false]	false	public	true	file:///private/tmp/projects/mockito/src/main/java/org/mockito/internal/stubbing/OngoingStubbingImpl.java
1994	org.mockito.internal.stubbing.OngoingStubbingImpl	getRegisteredInvocations()	0	0	[]	false	public	true	file:///private/tmp/projects/mockito/src/main/java/org/mockito/internal/stubbing/OngoingStubbingImpl.java
1995	org.mockito.internal.stubbing.OngoingStubbingImpl	setStrictness(org.mockito.quality.Strictness)	0	1	[false]	false	public	false	file:///private/tmp/projects/mockito/src/main/java/org/mockito/internal/stubbing/OngoingStubbingImpl.java
1996	org.mockito.internal.stubbing.BaseStubbing	BaseStubbing(java.lang.Object)	0	1	[false]	false	package	false	file:///private/tmp/projects/mockito/src/main/java/org/mockito/internal/stubbing/BaseStubbing.java
1997	org.mockito.internal.stubbing.BaseStubbing	then(org.mockito.stubbing.Answer<?>)	120	1	[false]	false	public	true	file:///private/tmp/projects/mockito/src/main/java/org/mockito/internal/stubbing/BaseStubbing.java
1998	org.mockito.internal.stubbing.BaseStubbing	thenReturn(T)	113	1	[true]	false	public	true	file:///private/tmp/projects/mockito/src/main/java/org/mockito/internal/stubbing/BaseStubbing.java
1999	org.mockito.internal.stubbing.BaseStubbing	thenReturn(T,T...)	114	2	[false, false]	false	public	true	file:///private/tmp/projects/mockito/src/main/java/org/mockito/internal/stubbing/BaseStubbing.java
2000	org.mockito.internal.stubbing.BaseStubbing	thenThrow(java.lang.Throwable)	0	1	[true]	false	private	true	file:///private/tmp/projects/mockito/src/main/java/org/mockito/internal/stubbing/BaseStubbing.java
2001	org.mockito.internal.stubbing.BaseStubbing	thenThrow(java.lang.Throwable...)	115	1	[false]	true	public	true	file:///private/tmp/projects/mockito/src/main/java/org/mockito/internal/stubbing/BaseStubbing.java
2002	org.mockito.internal.stubbing.BaseStubbing	thenThrow(java.lang.Class<? extends java.lang.Throwable>)	116	1	[true]	false	public	true	file:///private/tmp/projects/mockito/src/main/java/org/mockito/internal/stubbing/BaseStubbing.java
2003	org.mockito.internal.stubbing.BaseStubbing	thenThrow(java.lang.Class<? extends java.lang.Throwable>,java.lang.Class<? extends java.lang.Throwable>...)	117	2	[false, false]	false	public	true	file:///private/tmp/projects/mockito/src/main/java/org/mockito/internal/stubbing/BaseStubbing.java
2004	org.mockito.internal.stubbing.BaseStubbing	thenCallRealMethod()	118	0	[]	false	public	true	file:///private/tmp/projects/mockito/src/main/java/org/mockito/internal/stubbing/BaseStubbing.java
2005	org.mockito.internal.stubbing.BaseStubbing	<M>getMock()	121	0	[]	false	public	true	file:///private/tmp/projects/mockito/src/main/java/org/mockito/internal/stubbing/BaseStubbing.java
2006	org.mockito.internal.stubbing.ConsecutiveStubbing	ConsecutiveStubbing(org.mockito.internal.stubbing.InvocationContainerImpl)	0	1	[false]	false	package	false	file:///private/tmp/projects/mockito/src/main/java/org/mockito/internal/stubbing/ConsecutiveStubbing.java
2007	org.mockito.internal.stubbing.ConsecutiveStubbing	thenAnswer(org.mockito.stubbing.Answer<?>)	119	1	[false]	false	public	true	file:///private/tmp/projects/mockito/src/main/java/org/mockito/internal/stubbing/ConsecutiveStubbing.java
2008	org.mockito.internal.stubbing.defaultanswers.ForwardsInvocations	ForwardsInvocations(java.lang.Object)	0	1	[false]	false	public	false	file:///private/tmp/projects/mockito/src/main/java/org/mockito/internal/stubbing/defaultanswers/ForwardsInvocations.java
2009	org.mockito.internal.stubbing.defaultanswers.ForwardsInvocations	answer(org.mockito.invocation.InvocationOnMock)	46	1	[false]	false	public	true	file:///private/tmp/projects/mockito/src/main/java/org/mockito/internal/stubbing/defaultanswers/ForwardsInvocations.java
2010	org.mockito.internal.stubbing.defaultanswers.ForwardsInvocations	getDelegateMethod(java.lang.reflect.Method)	0	1	[false]	false	private	true	file:///private/tmp/projects/mockito/src/main/java/org/mockito/internal/stubbing/defaultanswers/ForwardsInvocations.java
2011	org.mockito.internal.stubbing.defaultanswers.ForwardsInvocations	compatibleReturnTypes(java.lang.Class<?>,java.lang.Class<?>)	0	2	[false, false]	false	private	false	file:///private/tmp/projects/mockito/src/main/java/org/mockito/internal/stubbing/defaultanswers/ForwardsInvocations.java
2012	org.mockito.internal.stubbing.defaultanswers.GloballyConfiguredAnswer	answer(org.mockito.invocation.InvocationOnMock)	46	1	[false]	true	public	true	file:///private/tmp/projects/mockito/src/main/java/org/mockito/internal/stubbing/defaultanswers/GloballyConfiguredAnswer.java
2013	org.mockito.internal.stubbing.defaultanswers.ReturnsSmartNulls	answer(org.mockito.invocation.InvocationOnMock)	46	1	[false]	true	public	true	file:///private/tmp/projects/mockito/src/main/java/org/mockito/internal/stubbing/defaultanswers/ReturnsSmartNulls.java
2014	org.mockito.internal.stubbing.defaultanswers.ReturnsSmartNulls$1	apply(java.lang.Class<?>)	2015	1	[true]	true	public	true	file:///private/tmp/projects/mockito/src/main/java/org/mockito/internal/stubbing/defaultanswers/ReturnsSmartNulls.java
2016	org.mockito.internal.stubbing.defaultanswers.ReturnsSmartNulls$ThrowsSmartNullPointer	ThrowsSmartNullPointer(org.mockito.invocation.InvocationOnMock,org.mockito.invocation.Location)	0	2	[false, false]	false	package	false	file:///private/tmp/projects/mockito/src/main/java/org/mockito/internal/stubbing/defaultanswers/ReturnsSmartNulls.java
2017	org.mockito.internal.stubbing.defaultanswers.ReturnsSmartNulls$ThrowsSmartNullPointer	answer(org.mockito.invocation.InvocationOnMock)	46	1	[false]	false	public	true	file:///private/tmp/projects/mockito/src/main/java/org/mockito/internal/stubbing/defaultanswers/ReturnsSmartNulls.java
2018	org.mockito.internal.stubbing.defaultanswers.ReturnsDeepStubs	answer(org.mockito.invocation.InvocationOnMock)	46	1	[false]	true	public	true	file:///private/tmp/projects/mockito/src/main/java/org/mockito/internal/stubbing/defaultanswers/ReturnsDeepStubs.java
2019	org.mockito.internal.stubbing.defaultanswers.ReturnsDeepStubs	deepStub(org.mockito.invocation.InvocationOnMock,org.mockito.internal.util.reflection.GenericMetadataSupport)	0	2	[false, false]	true	private	true	file:///private/tmp/projects/mockito/src/main/java/org/mockito/internal/stubbing/defaultanswers/ReturnsDeepStubs.java
2020	org.mockito.internal.stubbing.defaultanswers.ReturnsDeepStubs	newDeepStubMock(org.mockito.internal.util.reflection.GenericMetadataSupport,java.lang.Object)	0	2	[false, false]	false	private	true	file:///private/tmp/projects/mockito/src/main/java/org/mockito/internal/stubbing/defaultanswers/ReturnsDeepStubs.java
2021	org.mockito.internal.stubbing.defaultanswers.ReturnsDeepStubs	withSettingsUsing(org.mockito.internal.util.reflection.GenericMetadataSupport,org.mockito.mock.MockCreationSettings)	0	2	[false, false]	false	private	true	file:///private/tmp/projects/mockito/src/main/java/org/mockito/internal/stubbing/defaultanswers/ReturnsDeepStubs.java
2022	org.mockito.internal.stubbing.defaultanswers.ReturnsDeepStubs	propagateSerializationSettings(org.mockito.MockSettings,org.mockito.mock.MockCreationSettings)	0	2	[false, false]	false	private	true	file:///private/tmp/projects/mockito/src/main/java/org/mockito/internal/stubbing/defaultanswers/ReturnsDeepStubs.java
2023	org.mockito.internal.stubbing.defaultanswers.ReturnsDeepStubs	returnsDeepStubsAnswerUsing(org.mockito.internal.util.reflection.GenericMetadataSupport)	0	1	[false]	false	private	true	file:///private/tmp/projects/mockito/src/main/java/org/mockito/internal/stubbing/defaultanswers/ReturnsDeepStubs.java
2024	org.mockito.internal.stubbing.defaultanswers.ReturnsDeepStubs	recordDeepStubAnswer(java.lang.Object,org.mockito.internal.stubbing.InvocationContainerImpl)	0	2	[false, false]	false	private	true	file:///private/tmp/projects/mockito/src/main/java/org/mockito/internal/stubbing/defaultanswers/ReturnsDeepStubs.java
2025	org.mockito.internal.stubbing.defaultanswers.ReturnsDeepStubs	actualParameterizedType(java.lang.Object)	0	1	[false]	false	protected	true	file:///private/tmp/projects/mockito/src/main/java/org/mockito/internal/stubbing/defaultanswers/ReturnsDeepStubs.java
2026	org.mockito.internal.stubbing.defaultanswers.ReturnsDeepStubs$ReturnsDeepStubsSerializationFallback	ReturnsDeepStubsSerializationFallback(org.mockito.internal.util.reflection.GenericMetadataSupport)	0	1	[false]	false	public	false	file:///private/tmp/projects/mockito/src/main/java/org/mockito/internal/stubbing/defaultanswers/ReturnsDeepStubs.java
2027	org.mockito.internal.stubbing.defaultanswers.ReturnsDeepStubs$ReturnsDeepStubsSerializationFallback	actualParameterizedType(java.lang.Object)	2025	1	[false]	false	protected	true	file:///private/tmp/projects/mockito/src/main/java/org/mockito/internal/stubbing/defaultanswers/ReturnsDeepStubs.java
2028	org.mockito.internal.stubbing.defaultanswers.ReturnsDeepStubs$ReturnsDeepStubsSerializationFallback	writeReplace()	0	0	[]	false	private	true	file:///private/tmp/projects/mockito/src/main/java/org/mockito/internal/stubbing/defaultanswers/ReturnsDeepStubs.java
2029	org.mockito.internal.stubbing.defaultanswers.ReturnsDeepStubs$DeeplyStubbedAnswer	DeeplyStubbedAnswer(java.lang.Object)	0	1	[false]	false	package	false	file:///private/tmp/projects/mockito/src/main/java/org/mockito/internal/stubbing/defaultanswers/ReturnsDeepStubs.java
2030	org.mockito.internal.stubbing.defaultanswers.ReturnsDeepStubs$DeeplyStubbedAnswer	answer(org.mockito.invocation.InvocationOnMock)	46	1	[false]	false	public	true	file:///private/tmp/projects/mockito/src/main/java/org/mockito/internal/stubbing/defaultanswers/ReturnsDeepStubs.java
2031	org.mockito.internal.stubbing.defaultanswers.ReturnsDeepStubs	mockitoCore()	0	0	[]	false	private	true	file:///private/tmp/projects/mockito/src/main/java/org/mockito/internal/stubbing/defaultanswers/ReturnsDeepStubs.java
2032	org.mockito.internal.stubbing.defaultanswers.ReturnsDeepStubs	delegate()	0	0	[]	false	private	true	file:///private/tmp/projects/mockito/src/main/java/org/mockito/internal/stubbing/defaultanswers/ReturnsDeepStubs.java
2033	org.mockito.internal.stubbing.defaultanswers.ReturnsEmptyValues	answer(org.mockito.invocation.InvocationOnMock)	46	1	[false]	true	public	true	file:///private/tmp/projects/mockito/src/main/java/org/mockito/internal/stubbing/defaultanswers/ReturnsEmptyValues.java
2034	org.mockito.internal.stubbing.defaultanswers.ReturnsEmptyValues	returnValueFor(java.lang.Class<?>)	0	1	[false]	true	package	true	file:///private/tmp/projects/mockito/src/main/java/org/mockito/internal/stubbing/defaultanswers/ReturnsEmptyValues.java
2035	org.mockito.internal.stubbing.defaultanswers.TriesToReturnSelf	answer(org.mockito.invocation.InvocationOnMock)	46	1	[false]	true	public	true	file:///private/tmp/projects/mockito/src/main/java/org/mockito/internal/stubbing/defaultanswers/TriesToReturnSelf.java
2036	org.mockito.internal.stubbing.defaultanswers.RetrieveGenericsForDefaultAnswers	returnTypeForMockWithCorrectGenerics(org.mockito.invocation.InvocationOnMock,org.mockito.internal.stubbing.defaultanswers.RetrieveGenericsForDefaultAnswers.AnswerCallback)	0	2	[false, false]	true	package	true	file:///private/tmp/projects/mockito/src/main/java/org/mockito/internal/stubbing/defaultanswers/RetrieveGenericsForDefaultAnswers.java
2037	org.mockito.internal.stubbing.defaultanswers.RetrieveGenericsForDefaultAnswers	delegateChains(java.lang.Class<?>)	0	1	[false]	true	private	true	file:///private/tmp/projects/mockito/src/main/java/org/mockito/internal/stubbing/defaultanswers/RetrieveGenericsForDefaultAnswers.java
2038	org.mockito.internal.stubbing.defaultanswers.RetrieveGenericsForDefaultAnswers	findTypeFromGeneric(org.mockito.invocation.InvocationOnMock,java.lang.reflect.TypeVariable)	0	2	[false, false]	true	private	true	file:///private/tmp/projects/mockito/src/main/java/org/mockito/internal/stubbing/defaultanswers/RetrieveGenericsForDefaultAnswers.java
2039	org.mockito.internal.stubbing.defaultanswers.RetrieveGenericsForDefaultAnswers	findTypeFromGenericInArguments(org.mockito.invocation.InvocationOnMock,java.lang.reflect.TypeVariable)	0	2	[false, false]	true	private	true	file:///private/tmp/projects/mockito/src/main/java/org/mockito/internal/stubbing/defaultanswers/RetrieveGenericsForDefaultAnswers.java
2015	org.mockito.internal.stubbing.defaultanswers.RetrieveGenericsForDefaultAnswers$AnswerCallback	apply(java.lang.Class<?>)	0	1	[true]	true	public	true	file:///private/tmp/projects/mockito/src/main/java/org/mockito/internal/stubbing/defaultanswers/RetrieveGenericsForDefaultAnswers.java
2040	org.mockito.internal.stubbing.defaultanswers.ReturnsMoreEmptyValues	answer(org.mockito.invocation.InvocationOnMock)	46	1	[false]	true	public	true	file:///private/tmp/projects/mockito/src/main/java/org/mockito/internal/stubbing/defaultanswers/ReturnsMoreEmptyValues.java
2041	org.mockito.internal.stubbing.defaultanswers.ReturnsMoreEmptyValues	returnValueFor(java.lang.Class<?>)	0	1	[false]	true	package	true	file:///private/tmp/projects/mockito/src/main/java/org/mockito/internal/stubbing/defaultanswers/ReturnsMoreEmptyValues.java
2042	org.mockito.internal.stubbing.defaultanswers.ReturnsMocks	answer(org.mockito.invocation.InvocationOnMock)	46	1	[false]	true	public	true	file:///private/tmp/projects/mockito/src/main/java/org/mockito/internal/stubbing/defaultanswers/ReturnsMocks.java
2043	org.mockito.internal.stubbing.defaultanswers.ReturnsMocks$1	apply(java.lang.Class<?>)	2015	1	[true]	true	public	true	file:///private/tmp/projects/mockito/src/main/java/org/mockito/internal/stubbing/defaultanswers/ReturnsMocks.java
2044	org.mockito.internal.stubbing.StubbingComparator	compare(org.mockito.stubbing.Stubbing,org.mockito.stubbing.Stubbing)	433	2	[false, false]	false	public	false	file:///private/tmp/projects/mockito/src/main/java/org/mockito/internal/stubbing/StubbingComparator.java
2045	org.mockito.internal.stubbing.StubberImpl	StubberImpl(org.mockito.quality.Strictness)	0	1	[true]	false	public	false	file:///private/tmp/projects/mockito/src/main/java/org/mockito/internal/stubbing/StubberImpl.java
2046	org.mockito.internal.stubbing.StubberImpl	<T>when(T)	862	1	[false]	false	public	true	file:///private/tmp/projects/mockito/src/main/java/org/mockito/internal/stubbing/StubberImpl.java
2047	org.mockito.internal.stubbing.StubberImpl	doReturn(java.lang.Object)	868	1	[false]	false	public	true	file:///private/tmp/projects/mockito/src/main/java/org/mockito/internal/stubbing/StubberImpl.java
2048	org.mockito.internal.stubbing.StubberImpl	doReturn(java.lang.Object,java.lang.Object...)	869	2	[false, false]	false	public	true	file:///private/tmp/projects/mockito/src/main/java/org/mockito/internal/stubbing/StubberImpl.java
2049	org.mockito.internal.stubbing.StubberImpl	doReturnValues(java.lang.Object...)	0	1	[false]	false	private	true	file:///private/tmp/projects/mockito/src/main/java/org/mockito/internal/stubbing/StubberImpl.java
2050	org.mockito.internal.stubbing.StubberImpl	doThrow(java.lang.Throwable...)	863	1	[false]	false	public	true	file:///private/tmp/projects/mockito/src/main/java/org/mockito/internal/stubbing/StubberImpl.java
2051	org.mockito.internal.stubbing.StubberImpl	doThrow(java.lang.Class<? extends java.lang.Throwable>)	864	1	[false]	false	public	true	file:///private/tmp/projects/mockito/src/main/java/org/mockito/internal/stubbing/StubberImpl.java
2052	org.mockito.internal.stubbing.StubberImpl	doThrow(java.lang.Class<? extends java.lang.Throwable>,java.lang.Class<? extends java.lang.Throwable>...)	865	2	[false, false]	false	public	true	file:///private/tmp/projects/mockito/src/main/java/org/mockito/internal/stubbing/StubberImpl.java
2053	org.mockito.internal.stubbing.StubberImpl	doNothing()	867	0	[]	false	public	true	file:///private/tmp/projects/mockito/src/main/java/org/mockito/internal/stubbing/StubberImpl.java
2054	org.mockito.internal.stubbing.StubberImpl	doAnswer(org.mockito.stubbing.Answer)	866	1	[false]	false	public	true	file:///private/tmp/projects/mockito/src/main/java/org/mockito/internal/stubbing/StubberImpl.java
2055	org.mockito.internal.stubbing.StubberImpl	doCallRealMethod()	870	0	[]	false	public	true	file:///private/tmp/projects/mockito/src/main/java/org/mockito/internal/stubbing/StubberImpl.java
2056	org.mockito.internal.matchers.LessThan	LessThan(T)	0	1	[false]	false	public	false	file:///private/tmp/projects/mockito/src/main/java/org/mockito/internal/matchers/LessThan.java
2057	org.mockito.internal.matchers.LessThan	getName()	2058	0	[]	false	protected	true	file:///private/tmp/projects/mockito/src/main/java/org/mockito/internal/matchers/LessThan.java
2059	org.mockito.internal.matchers.LessThan	matchResult(int)	2060	1	[false]	false	protected	false	file:///private/tmp/projects/mockito/src/main/java/org/mockito/internal/matchers/LessThan.java
2061	org.mockito.internal.matchers.CompareTo	CompareTo(T)	0	1	[false]	false	public	false	file:///private/tmp/projects/mockito/src/main/java/org/mockito/internal/matchers/CompareTo.java
2062	org.mockito.internal.matchers.CompareTo	matches(T)	23	1	[false]	false	public	false	file:///private/tmp/projects/mockito/src/main/java/org/mockito/internal/matchers/CompareTo.java
2063	org.mockito.internal.matchers.CompareTo	toString()	2	0	[]	false	public	true	file:///private/tmp/projects/mockito/src/main/java/org/mockito/internal/matchers/CompareTo.java
2058	org.mockito.internal.matchers.CompareTo	getName()	0	0	[]	false	protected	true	file:///private/tmp/projects/mockito/src/main/java/org/mockito/internal/matchers/CompareTo.java
2060	org.mockito.internal.matchers.CompareTo	matchResult(int)	0	1	[false]	false	protected	false	file:///private/tmp/projects/mockito/src/main/java/org/mockito/internal/matchers/CompareTo.java
2064	org.mockito.internal.matchers.Contains	Contains(java.lang.String)	0	1	[false]	false	public	false	file:///private/tmp/projects/mockito/src/main/java/org/mockito/internal/matchers/Contains.java
2065	org.mockito.internal.matchers.Contains	matches(java.lang.String)	23	1	[false]	false	public	false	file:///private/tmp/projects/mockito/src/main/java/org/mockito/internal/matchers/Contains.java
2066	org.mockito.internal.matchers.Contains	toString()	2	0	[]	false	public	true	file:///private/tmp/projects/mockito/src/main/java/org/mockito/internal/matchers/Contains.java
2067	org.mockito.internal.matchers.Any	matches(java.lang.Object)	23	1	[false]	false	public	false	file:///private/tmp/projects/mockito/src/main/java/org/mockito/internal/matchers/Any.java
2068	org.mockito.internal.matchers.Any	toString()	2	0	[]	false	public	true	file:///private/tmp/projects/mockito/src/main/java/org/mockito/internal/matchers/Any.java
2069	org.mockito.internal.matchers.EndsWith	EndsWith(java.lang.String)	0	1	[false]	false	public	false	file:///private/tmp/projects/mockito/src/main/java/org/mockito/internal/matchers/EndsWith.java
2070	org.mockito.internal.matchers.EndsWith	matches(java.lang.String)	23	1	[false]	false	public	false	file:///private/tmp/projects/mockito/src/main/java/org/mockito/internal/matchers/EndsWith.java
2071	org.mockito.internal.matchers.EndsWith	toString()	2	0	[]	false	public	true	file:///private/tmp/projects/mockito/src/main/java/org/mockito/internal/matchers/EndsWith.java
2072	org.mockito.internal.matchers.Matches	Matches(java.lang.String)	0	1	[false]	false	public	false	file:///private/tmp/projects/mockito/src/main/java/org/mockito/internal/matchers/Matches.java
2073	org.mockito.internal.matchers.Matches	Matches(java.util.regex.Pattern)	0	1	[false]	false	public	false	file:///private/tmp/projects/mockito/src/main/java/org/mockito/internal/matchers/Matches.java
2074	org.mockito.internal.matchers.Matches	matches(java.lang.Object)	23	1	[false]	false	public	false	file:///private/tmp/projects/mockito/src/main/java/org/mockito/internal/matchers/Matches.java
2075	org.mockito.internal.matchers.Matches	toString()	2	0	[]	false	public	true	file:///private/tmp/projects/mockito/src/main/java/org/mockito/internal/matchers/Matches.java
2076	org.mockito.internal.matchers.ArrayEquals	ArrayEquals(java.lang.Object)	0	1	[false]	false	public	false	file:///private/tmp/projects/mockito/src/main/java/org/mockito/internal/matchers/ArrayEquals.java
2077	org.mockito.internal.matchers.ArrayEquals	matches(java.lang.Object)	2078	1	[false]	false	public	false	file:///private/tmp/projects/mockito/src/main/java/org/mockito/internal/matchers/ArrayEquals.java
2079	org.mockito.internal.matchers.ArrayEquals	toString()	2080	0	[]	false	public	true	file:///private/tmp/projects/mockito/src/main/java/org/mockito/internal/matchers/ArrayEquals.java
2081	org.mockito.internal.matchers.ArrayEquals	appendArray(java.lang.Object[])	0	1	[false]	false	private	true	file:///private/tmp/projects/mockito/src/main/java/org/mockito/internal/matchers/ArrayEquals.java
2082	org.mockito.internal.matchers.ArrayEquals	createObjectArray(java.lang.Object)	0	1	[false]	false	public	true	file:///private/tmp/projects/mockito/src/main/java/org/mockito/internal/matchers/ArrayEquals.java
2083	org.mockito.internal.matchers.Equals	Equals(java.lang.Object)	0	1	[false]	false	public	false	file:///private/tmp/projects/mockito/src/main/java/org/mockito/internal/matchers/Equals.java
2078	org.mockito.internal.matchers.Equals	matches(java.lang.Object)	23	1	[false]	false	public	false	file:///private/tmp/projects/mockito/src/main/java/org/mockito/internal/matchers/Equals.java
2080	org.mockito.internal.matchers.Equals	toString()	2	0	[]	false	public	true	file:///private/tmp/projects/mockito/src/main/java/org/mockito/internal/matchers/Equals.java
2084	org.mockito.internal.matchers.Equals	describe(java.lang.Object)	0	1	[false]	false	private	true	file:///private/tmp/projects/mockito/src/main/java/org/mockito/internal/matchers/Equals.java
2085	org.mockito.internal.matchers.Equals	getWanted()	0	0	[]	false	protected	true	file:///private/tmp/projects/mockito/src/main/java/org/mockito/internal/matchers/Equals.java
2086	org.mockito.internal.matchers.Equals	equals(java.lang.Object)	494	1	[false]	false	public	false	file:///private/tmp/projects/mockito/src/main/java/org/mockito/internal/matchers/Equals.java
2087	org.mockito.internal.matchers.Equals	hashCode()	492	0	[]	false	public	false	file:///private/tmp/projects/mockito/src/main/java/org/mockito/internal/matchers/Equals.java
2088	org.mockito.internal.matchers.Equals	toStringWithType()	2089	0	[]	false	public	true	file:///private/tmp/projects/mockito/src/main/java/org/mockito/internal/matchers/Equals.java
2090	org.mockito.internal.matchers.Equals	typeMatches(java.lang.Object)	2091	1	[false]	false	public	false	file:///private/tmp/projects/mockito/src/main/java/org/mockito/internal/matchers/Equals.java
2089	org.mockito.internal.matchers.ContainsExtraTypeInfo	toStringWithType()	0	0	[]	false	public	true	file:///private/tmp/projects/mockito/src/main/java/org/mockito/internal/matchers/ContainsExtraTypeInfo.java
2091	org.mockito.internal.matchers.ContainsExtraTypeInfo	typeMatches(java.lang.Object)	0	1	[false]	false	public	false	file:///private/tmp/projects/mockito/src/main/java/org/mockito/internal/matchers/ContainsExtraTypeInfo.java
2092	org.mockito.internal.matchers.Null	Null()	0	0	[]	false	private	false	file:///private/tmp/projects/mockito/src/main/java/org/mockito/internal/matchers/Null.java
2093	org.mockito.internal.matchers.Null	matches(java.lang.Object)	23	1	[false]	false	public	false	file:///private/tmp/projects/mockito/src/main/java/org/mockito/internal/matchers/Null.java
2094	org.mockito.internal.matchers.Null	toString()	2	0	[]	false	public	true	file:///private/tmp/projects/mockito/src/main/java/org/mockito/internal/matchers/Null.java
2095	org.mockito.internal.matchers.Find	Find(java.lang.String)	0	1	[false]	false	public	false	file:///private/tmp/projects/mockito/src/main/java/org/mockito/internal/matchers/Find.java
2096	org.mockito.internal.matchers.Find	matches(java.lang.String)	23	1	[false]	false	public	false	file:///private/tmp/projects/mockito/src/main/java/org/mockito/internal/matchers/Find.java
2097	org.mockito.internal.matchers.Find	toString()	2	0	[]	false	public	true	file:///private/tmp/projects/mockito/src/main/java/org/mockito/internal/matchers/Find.java
2098	org.mockito.internal.matchers.LessOrEqual	LessOrEqual(T)	0	1	[false]	false	public	false	file:///private/tmp/projects/mockito/src/main/java/org/mockito/internal/matchers/LessOrEqual.java
2099	org.mockito.internal.matchers.LessOrEqual	getName()	2058	0	[]	false	protected	true	file:///private/tmp/projects/mockito/src/main/java/org/mockito/internal/matchers/LessOrEqual.java
2100	org.mockito.internal.matchers.LessOrEqual	matchResult(int)	2060	1	[false]	false	protected	false	file:///private/tmp/projects/mockito/src/main/java/org/mockito/internal/matchers/LessOrEqual.java
2101	org.mockito.internal.matchers.InstanceOf	InstanceOf(java.lang.Class<?>)	0	1	[false]	false	public	false	file:///private/tmp/projects/mockito/src/main/java/org/mockito/internal/matchers/InstanceOf.java
2102	org.mockito.internal.matchers.InstanceOf	InstanceOf(java.lang.Class<?>,java.lang.String)	0	2	[false, false]	false	public	false	file:///private/tmp/projects/mockito/src/main/java/org/mockito/internal/matchers/InstanceOf.java
2103	org.mockito.internal.matchers.InstanceOf	matches(java.lang.Object)	23	1	[false]	false	public	false	file:///private/tmp/projects/mockito/src/main/java/org/mockito/internal/matchers/InstanceOf.java
2104	org.mockito.internal.matchers.InstanceOf	toString()	2	0	[]	false	public	true	file:///private/tmp/projects/mockito/src/main/java/org/mockito/internal/matchers/InstanceOf.java
2105	org.mockito.internal.matchers.InstanceOf$VarArgAware	VarArgAware(java.lang.Class<?>)	0	1	[false]	false	public	false	file:///private/tmp/projects/mockito/src/main/java/org/mockito/internal/matchers/InstanceOf.java
2106	org.mockito.internal.matchers.InstanceOf$VarArgAware	VarArgAware(java.lang.Class<?>,java.lang.String)	0	2	[false, false]	false	public	false	file:///private/tmp/projects/mockito/src/main/java/org/mockito/internal/matchers/InstanceOf.java
2107	org.mockito.internal.matchers.CompareEqual	CompareEqual(T)	0	1	[false]	false	public	false	file:///private/tmp/projects/mockito/src/main/java/org/mockito/internal/matchers/CompareEqual.java
2108	org.mockito.internal.matchers.CompareEqual	getName()	2058	0	[]	false	protected	true	file:///private/tmp/projects/mockito/src/main/java/org/mockito/internal/matchers/CompareEqual.java
2109	org.mockito.internal.matchers.CompareEqual	matchResult(int)	2060	1	[false]	false	protected	false	file:///private/tmp/projects/mockito/src/main/java/org/mockito/internal/matchers/CompareEqual.java
2110	org.mockito.internal.matchers.And	And(org.mockito.ArgumentMatcher<?>,org.mockito.ArgumentMatcher<?>)	0	2	[false, false]	false	public	false	file:///private/tmp/projects/mockito/src/main/java/org/mockito/internal/matchers/And.java
2111	org.mockito.internal.matchers.And	matches(java.lang.Object)	23	1	[false]	false	public	false	file:///private/tmp/projects/mockito/src/main/java/org/mockito/internal/matchers/And.java
2112	org.mockito.internal.matchers.And	toString()	2	0	[]	false	public	true	file:///private/tmp/projects/mockito/src/main/java/org/mockito/internal/matchers/And.java
2113	org.mockito.internal.matchers.Same	Same(java.lang.Object)	0	1	[false]	false	public	false	file:///private/tmp/projects/mockito/src/main/java/org/mockito/internal/matchers/Same.java
2114	org.mockito.internal.matchers.Same	matches(java.lang.Object)	23	1	[false]	false	public	false	file:///private/tmp/projects/mockito/src/main/java/org/mockito/internal/matchers/Same.java
2115	org.mockito.internal.matchers.Same	toString()	2	0	[]	false	public	true	file:///private/tmp/projects/mockito/src/main/java/org/mockito/internal/matchers/Same.java
2116	org.mockito.internal.matchers.GreaterOrEqual	GreaterOrEqual(T)	0	1	[false]	false	public	false	file:///private/tmp/projects/mockito/src/main/java/org/mockito/internal/matchers/GreaterOrEqual.java
2117	org.mockito.internal.matchers.GreaterOrEqual	getName()	2058	0	[]	false	protected	true	file:///private/tmp/projects/mockito/src/main/java/org/mockito/internal/matchers/GreaterOrEqual.java
2118	org.mockito.internal.matchers.GreaterOrEqual	matchResult(int)	2060	1	[false]	false	protected	false	file:///private/tmp/projects/mockito/src/main/java/org/mockito/internal/matchers/GreaterOrEqual.java
2119	org.mockito.internal.matchers.apachecommons.ReflectionEquals	ReflectionEquals(java.lang.Object,java.lang.String...)	0	2	[false, false]	false	public	false	file:///private/tmp/projects/mockito/src/main/java/org/mockito/internal/matchers/apachecommons/ReflectionEquals.java
2120	org.mockito.internal.matchers.apachecommons.ReflectionEquals	matches(java.lang.Object)	23	1	[false]	false	public	false	file:///private/tmp/projects/mockito/src/main/java/org/mockito/internal/matchers/apachecommons/ReflectionEquals.java
2121	org.mockito.internal.matchers.apachecommons.ReflectionEquals	toString()	2	0	[]	false	public	true	file:///private/tmp/projects/mockito/src/main/java/org/mockito/internal/matchers/apachecommons/ReflectionEquals.java
2122	org.mockito.internal.matchers.apachecommons.EqualsBuilder	EqualsBuilder()	0	0	[]	false	public	false	file:///private/tmp/projects/mockito/src/main/java/org/mockito/internal/matchers/apachecommons/EqualsBuilder.java
2123	org.mockito.internal.matchers.apachecommons.EqualsBuilder	reflectionEquals(java.lang.Object,java.lang.Object)	0	2	[false, false]	false	public	false	file:///private/tmp/projects/mockito/src/main/java/org/mockito/internal/matchers/apachecommons/EqualsBuilder.java
2124	org.mockito.internal.matchers.apachecommons.EqualsBuilder	reflectionEquals(java.lang.Object,java.lang.Object,java.lang.String[])	0	3	[false, false, false]	false	public	false	file:///private/tmp/projects/mockito/src/main/java/org/mockito/internal/matchers/apachecommons/EqualsBuilder.java
2125	org.mockito.internal.matchers.apachecommons.EqualsBuilder	reflectionEquals(java.lang.Object,java.lang.Object,boolean)	0	3	[false, false, false]	false	public	false	file:///private/tmp/projects/mockito/src/main/java/org/mockito/internal/matchers/apachecommons/EqualsBuilder.java
2126	org.mockito.internal.matchers.apachecommons.EqualsBuilder	reflectionEquals(java.lang.Object,java.lang.Object,boolean,java.lang.Class<?>)	0	4	[false, false, false, false]	false	public	false	file:///private/tmp/projects/mockito/src/main/java/org/mockito/internal/matchers/apachecommons/EqualsBuilder.java
2127	org.mockito.internal.matchers.apachecommons.EqualsBuilder	reflectionEquals(java.lang.Object,java.lang.Object,boolean,java.lang.Class<?>,java.lang.String[])	0	5	[false, false, false, true, true]	false	public	false	file:///private/tmp/projects/mockito/src/main/java/org/mockito/internal/matchers/apachecommons/EqualsBuilder.java
2128	org.mockito.internal.matchers.apachecommons.EqualsBuilder	reflectionAppend(java.lang.Object,java.lang.Object,java.lang.Class<?>,org.mockito.internal.matchers.apachecommons.EqualsBuilder,boolean,java.lang.String[])	0	6	[false, false, false, false, false, true]	false	private	false	file:///private/tmp/projects/mockito/src/main/java/org/mockito/internal/matchers/apachecommons/EqualsBuilder.java
2129	org.mockito.internal.matchers.apachecommons.EqualsBuilder	appendSuper(boolean)	0	1	[false]	false	public	true	file:///private/tmp/projects/mockito/src/main/java/org/mockito/internal/matchers/apachecommons/EqualsBuilder.java
2130	org.mockito.internal.matchers.apachecommons.EqualsBuilder	append(java.lang.Object,java.lang.Object)	0	2	[false, false]	false	public	true	file:///private/tmp/projects/mockito/src/main/java/org/mockito/internal/matchers/apachecommons/EqualsBuilder.java
2131	org.mockito.internal.matchers.apachecommons.EqualsBuilder	append(long,long)	0	2	[false, false]	false	public	true	file:///private/tmp/projects/mockito/src/main/java/org/mockito/internal/matchers/apachecommons/EqualsBuilder.java
2132	org.mockito.internal.matchers.apachecommons.EqualsBuilder	append(int,int)	0	2	[false, false]	false	public	true	file:///private/tmp/projects/mockito/src/main/java/org/mockito/internal/matchers/apachecommons/EqualsBuilder.java
2133	org.mockito.internal.matchers.apachecommons.EqualsBuilder	append(short,short)	0	2	[false, false]	false	public	true	file:///private/tmp/projects/mockito/src/main/java/org/mockito/internal/matchers/apachecommons/EqualsBuilder.java
2134	org.mockito.internal.matchers.apachecommons.EqualsBuilder	append(char,char)	0	2	[false, false]	false	public	true	file:///private/tmp/projects/mockito/src/main/java/org/mockito/internal/matchers/apachecommons/EqualsBuilder.java
2135	org.mockito.internal.matchers.apachecommons.EqualsBuilder	append(byte,byte)	0	2	[false, false]	false	public	true	file:///private/tmp/projects/mockito/src/main/java/org/mockito/internal/matchers/apachecommons/EqualsBuilder.java
2136	org.mockito.internal.matchers.apachecommons.EqualsBuilder	append(double,double)	0	2	[false, false]	false	public	true	file:///private/tmp/projects/mockito/src/main/java/org/mockito/internal/matchers/apachecommons/EqualsBuilder.java
2137	org.mockito.internal.matchers.apachecommons.EqualsBuilder	append(float,float)	0	2	[false, false]	false	public	true	file:///private/tmp/projects/mockito/src/main/java/org/mockito/internal/matchers/apachecommons/EqualsBuilder.java
2138	org.mockito.internal.matchers.apachecommons.EqualsBuilder	append(boolean,boolean)	0	2	[false, false]	false	public	true	file:///private/tmp/projects/mockito/src/main/java/org/mockito/internal/matchers/apachecommons/EqualsBuilder.java
2139	org.mockito.internal.matchers.apachecommons.EqualsBuilder	append(java.lang.Object[],java.lang.Object[])	0	2	[false, false]	false	public	true	file:///private/tmp/projects/mockito/src/main/java/org/mockito/internal/matchers/apachecommons/EqualsBuilder.java
2140	org.mockito.internal.matchers.apachecommons.EqualsBuilder	append(long[],long[])	0	2	[false, false]	false	public	true	file:///private/tmp/projects/mockito/src/main/java/org/mockito/internal/matchers/apachecommons/EqualsBuilder.java
2141	org.mockito.internal.matchers.apachecommons.EqualsBuilder	append(int[],int[])	0	2	[false, false]	false	public	true	file:///private/tmp/projects/mockito/src/main/java/org/mockito/internal/matchers/apachecommons/EqualsBuilder.java
2142	org.mockito.internal.matchers.apachecommons.EqualsBuilder	append(short[],short[])	0	2	[false, false]	false	public	true	file:///private/tmp/projects/mockito/src/main/java/org/mockito/internal/matchers/apachecommons/EqualsBuilder.java
2143	org.mockito.internal.matchers.apachecommons.EqualsBuilder	append(char[],char[])	0	2	[false, false]	false	public	true	file:///private/tmp/projects/mockito/src/main/java/org/mockito/internal/matchers/apachecommons/EqualsBuilder.java
2144	org.mockito.internal.matchers.apachecommons.EqualsBuilder	append(byte[],byte[])	0	2	[false, false]	false	public	true	file:///private/tmp/projects/mockito/src/main/java/org/mockito/internal/matchers/apachecommons/EqualsBuilder.java
2145	org.mockito.internal.matchers.apachecommons.EqualsBuilder	append(double[],double[])	0	2	[false, false]	false	public	true	file:///private/tmp/projects/mockito/src/main/java/org/mockito/internal/matchers/apachecommons/EqualsBuilder.java
2146	org.mockito.internal.matchers.apachecommons.EqualsBuilder	append(float[],float[])	0	2	[false, false]	false	public	true	file:///private/tmp/projects/mockito/src/main/java/org/mockito/internal/matchers/apachecommons/EqualsBuilder.java
2147	org.mockito.internal.matchers.apachecommons.EqualsBuilder	append(boolean[],boolean[])	0	2	[false, false]	false	public	true	file:///private/tmp/projects/mockito/src/main/java/org/mockito/internal/matchers/apachecommons/EqualsBuilder.java
2148	org.mockito.internal.matchers.apachecommons.EqualsBuilder	isEquals()	0	0	[]	false	public	false	file:///private/tmp/projects/mockito/src/main/java/org/mockito/internal/matchers/apachecommons/EqualsBuilder.java
2149	org.mockito.internal.matchers.apachecommons.EqualsBuilder	setEquals(boolean)	0	1	[false]	false	protected	false	file:///private/tmp/projects/mockito/src/main/java/org/mockito/internal/matchers/apachecommons/EqualsBuilder.java
2150	org.mockito.internal.matchers.EqualsWithDelta	EqualsWithDelta(java.lang.Number,java.lang.Number)	0	2	[false, false]	false	public	false	file:///private/tmp/projects/mockito/src/main/java/org/mockito/internal/matchers/EqualsWithDelta.java
2151	org.mockito.internal.matchers.EqualsWithDelta	matches(java.lang.Number)	23	1	[false]	false	public	false	file:///private/tmp/projects/mockito/src/main/java/org/mockito/internal/matchers/EqualsWithDelta.java
2152	org.mockito.internal.matchers.EqualsWithDelta	toString()	2	0	[]	false	public	true	file:///private/tmp/projects/mockito/src/main/java/org/mockito/internal/matchers/EqualsWithDelta.java
2153	org.mockito.internal.matchers.Not	Not(org.mockito.ArgumentMatcher<?>)	0	1	[false]	false	public	false	file:///private/tmp/projects/mockito/src/main/java/org/mockito/internal/matchers/Not.java
2154	org.mockito.internal.matchers.Not	matches(java.lang.Object)	23	1	[false]	false	public	false	file:///private/tmp/projects/mockito/src/main/java/org/mockito/internal/matchers/Not.java
2155	org.mockito.internal.matchers.Not	toString()	2	0	[]	false	public	true	file:///private/tmp/projects/mockito/src/main/java/org/mockito/internal/matchers/Not.java
2156	org.mockito.internal.matchers.text.MatcherToString	toString(org.mockito.ArgumentMatcher<?>)	0	1	[false]	false	package	true	file:///private/tmp/projects/mockito/src/main/java/org/mockito/internal/matchers/text/MatcherToString.java
2157	org.mockito.internal.matchers.text.FormattedText	FormattedText(java.lang.String)	0	1	[false]	false	public	false	file:///private/tmp/projects/mockito/src/main/java/org/mockito/internal/matchers/text/FormattedText.java
2158	org.mockito.internal.matchers.text.FormattedText	getText()	0	0	[]	false	public	true	file:///private/tmp/projects/mockito/src/main/java/org/mockito/internal/matchers/text/FormattedText.java
2159	org.mockito.internal.matchers.text.ValuePrinter	ValuePrinter()	0	0	[]	false	private	false	file:///private/tmp/projects/mockito/src/main/java/org/mockito/internal/matchers/text/ValuePrinter.java
2160	org.mockito.internal.matchers.text.ValuePrinter	print(java.lang.Object)	0	1	[false]	false	public	true	file:///private/tmp/projects/mockito/src/main/java/org/mockito/internal/matchers/text/ValuePrinter.java
2161	org.mockito.internal.matchers.text.ValuePrinter$1	hasNext()	1123	0	[]	false	public	false	file:///private/tmp/projects/mockito/src/main/java/org/mockito/internal/matchers/text/ValuePrinter.java
2162	org.mockito.internal.matchers.text.ValuePrinter$1	next()	1121	0	[]	false	public	true	file:///private/tmp/projects/mockito/src/main/java/org/mockito/internal/matchers/text/ValuePrinter.java
2163	org.mockito.internal.matchers.text.ValuePrinter$1	remove()	1119	0	[]	false	public	false	file:///private/tmp/projects/mockito/src/main/java/org/mockito/internal/matchers/text/ValuePrinter.java
2164	org.mockito.internal.matchers.text.ValuePrinter	printMap(java.util.Map<?,?>)	0	1	[false]	false	private	true	file:///private/tmp/projects/mockito/src/main/java/org/mockito/internal/matchers/text/ValuePrinter.java
2165	org.mockito.internal.matchers.text.ValuePrinter	printValues(java.lang.String,java.lang.String,java.lang.String,java.util.Iterator<?>)	0	4	[false, false, false, false]	false	public	true	file:///private/tmp/projects/mockito/src/main/java/org/mockito/internal/matchers/text/ValuePrinter.java
2166	org.mockito.internal.matchers.text.ValuePrinter	printChar(char)	0	1	[false]	false	private	true	file:///private/tmp/projects/mockito/src/main/java/org/mockito/internal/matchers/text/ValuePrinter.java
2167	org.mockito.internal.matchers.text.ValuePrinter	descriptionOf(java.lang.Object)	0	1	[false]	false	private	true	file:///private/tmp/projects/mockito/src/main/java/org/mockito/internal/matchers/text/ValuePrinter.java
2168	org.mockito.internal.matchers.text.MatchersPrinter	getArgumentsLine(java.util.List<org.mockito.ArgumentMatcher>,org.mockito.internal.reporting.PrintSettings)	0	2	[false, false]	false	public	true	file:///private/tmp/projects/mockito/src/main/java/org/mockito/internal/matchers/text/MatchersPrinter.java
2169	org.mockito.internal.matchers.text.MatchersPrinter	getArgumentsBlock(java.util.List<org.mockito.ArgumentMatcher>,org.mockito.internal.reporting.PrintSettings)	0	2	[false, false]	false	public	true	file:///private/tmp/projects/mockito/src/main/java/org/mockito/internal/matchers/text/MatchersPrinter.java
2170	org.mockito.internal.matchers.text.MatchersPrinter	applyPrintSettings(java.util.List<org.mockito.ArgumentMatcher>,org.mockito.internal.reporting.PrintSettings)	0	2	[false, false]	false	private	true	file:///private/tmp/projects/mockito/src/main/java/org/mockito/internal/matchers/text/MatchersPrinter.java
2171	org.mockito.internal.matchers.GreaterThan	GreaterThan(T)	0	1	[false]	false	public	false	file:///private/tmp/projects/mockito/src/main/java/org/mockito/internal/matchers/GreaterThan.java
2172	org.mockito.internal.matchers.GreaterThan	getName()	2058	0	[]	false	protected	true	file:///private/tmp/projects/mockito/src/main/java/org/mockito/internal/matchers/GreaterThan.java
2173	org.mockito.internal.matchers.GreaterThan	matchResult(int)	2060	1	[false]	false	protected	false	file:///private/tmp/projects/mockito/src/main/java/org/mockito/internal/matchers/GreaterThan.java
2174	org.mockito.internal.matchers.StartsWith	StartsWith(java.lang.String)	0	1	[false]	false	public	false	file:///private/tmp/projects/mockito/src/main/java/org/mockito/internal/matchers/StartsWith.java
2175	org.mockito.internal.matchers.StartsWith	matches(java.lang.String)	23	1	[false]	false	public	false	file:///private/tmp/projects/mockito/src/main/java/org/mockito/internal/matchers/StartsWith.java
2176	org.mockito.internal.matchers.StartsWith	toString()	2	0	[]	false	public	true	file:///private/tmp/projects/mockito/src/main/java/org/mockito/internal/matchers/StartsWith.java
2177	org.mockito.internal.matchers.NotNull	NotNull()	0	0	[]	false	private	false	file:///private/tmp/projects/mockito/src/main/java/org/mockito/internal/matchers/NotNull.java
2178	org.mockito.internal.matchers.NotNull	matches(java.lang.Object)	23	1	[false]	false	public	false	file:///private/tmp/projects/mockito/src/main/java/org/mockito/internal/matchers/NotNull.java
2179	org.mockito.internal.matchers.NotNull	toString()	2	0	[]	false	public	true	file:///private/tmp/projects/mockito/src/main/java/org/mockito/internal/matchers/NotNull.java
2180	org.mockito.internal.matchers.Or	Or(org.mockito.ArgumentMatcher<?>,org.mockito.ArgumentMatcher<?>)	0	2	[false, false]	false	public	false	file:///private/tmp/projects/mockito/src/main/java/org/mockito/internal/matchers/Or.java
2181	org.mockito.internal.matchers.Or	matches(java.lang.Object)	23	1	[false]	false	public	false	file:///private/tmp/projects/mockito/src/main/java/org/mockito/internal/matchers/Or.java
2182	org.mockito.internal.matchers.Or	toString()	2	0	[]	false	public	true	file:///private/tmp/projects/mockito/src/main/java/org/mockito/internal/matchers/Or.java
2183	org.mockito.internal.listeners.VerificationStartedNotifier	notifyVerificationStarted(java.util.List<org.mockito.listeners.VerificationStartedListener>,org.mockito.MockingDetails)	0	2	[false, false]	false	public	true	file:///private/tmp/projects/mockito/src/main/java/org/mockito/internal/listeners/VerificationStartedNotifier.java
2184	org.mockito.internal.listeners.VerificationStartedNotifier$Event	Event(org.mockito.MockingDetails)	0	1	[false]	false	public	false	file:///private/tmp/projects/mockito/src/main/java/org/mockito/internal/listeners/VerificationStartedNotifier.java
2185	org.mockito.internal.listeners.VerificationStartedNotifier$Event	setMock(java.lang.Object)	50	1	[false]	false	public	false	file:///private/tmp/projects/mockito/src/main/java/org/mockito/internal/listeners/VerificationStartedNotifier.java
2186	org.mockito.internal.listeners.VerificationStartedNotifier$Event	getMock()	51	0	[]	false	public	true	file:///private/tmp/projects/mockito/src/main/java/org/mockito/internal/listeners/VerificationStartedNotifier.java
2187	org.mockito.internal.listeners.VerificationStartedNotifier	assertCompatibleTypes(java.lang.Object,org.mockito.mock.MockCreationSettings)	0	2	[false, false]	false	package	false	file:///private/tmp/projects/mockito/src/main/java/org/mockito/internal/listeners/VerificationStartedNotifier.java
2188	org.mockito.internal.session.MockitoLoggerAdapter	MockitoLoggerAdapter(org.mockito.session.MockitoSessionLogger)	0	1	[false]	false	package	false	file:///private/tmp/projects/mockito/src/main/java/org/mockito/internal/session/MockitoLoggerAdapter.java
2189	org.mockito.internal.session.MockitoLoggerAdapter	log(java.lang.Object)	283	1	[false]	false	public	false	file:///private/tmp/projects/mockito/src/main/java/org/mockito/internal/session/MockitoLoggerAdapter.java
2190	org.mockito.internal.session.MockitoSessionLoggerAdapter	MockitoSessionLoggerAdapter(org.mockito.plugins.MockitoLogger)	0	1	[false]	false	public	false	file:///private/tmp/projects/mockito/src/main/java/org/mockito/internal/session/MockitoSessionLoggerAdapter.java
2191	org.mockito.internal.session.MockitoSessionLoggerAdapter	log(java.lang.String)	896	1	[false]	false	public	false	file:///private/tmp/projects/mockito/src/main/java/org/mockito/internal/session/MockitoSessionLoggerAdapter.java
2192	org.mockito.internal.session.DefaultMockitoSessionBuilder	initMocks(java.lang.Object)	889	1	[false]	false	public	true	file:///private/tmp/projects/mockito/src/main/java/org/mockito/internal/session/DefaultMockitoSessionBuilder.java
2193	org.mockito.internal.session.DefaultMockitoSessionBuilder	initMocks(java.lang.Object...)	890	1	[false]	false	public	true	file:///private/tmp/projects/mockito/src/main/java/org/mockito/internal/session/DefaultMockitoSessionBuilder.java
2194	org.mockito.internal.session.DefaultMockitoSessionBuilder	name(java.lang.String)	891	1	[false]	false	public	true	file:///private/tmp/projects/mockito/src/main/java/org/mockito/internal/session/DefaultMockitoSessionBuilder.java
2195	org.mockito.internal.session.DefaultMockitoSessionBuilder	strictness(org.mockito.quality.Strictness)	892	1	[false]	false	public	true	file:///private/tmp/projects/mockito/src/main/java/org/mockito/internal/session/DefaultMockitoSessionBuilder.java
2196	org.mockito.internal.session.DefaultMockitoSessionBuilder	logger(org.mockito.session.MockitoSessionLogger)	893	1	[false]	false	public	true	file:///private/tmp/projects/mockito/src/main/java/org/mockito/internal/session/DefaultMockitoSessionBuilder.java
2197	org.mockito.internal.session.DefaultMockitoSessionBuilder	startMocking()	894	0	[]	false	public	true	file:///private/tmp/projects/mockito/src/main/java/org/mockito/internal/session/DefaultMockitoSessionBuilder.java
2198	org.mockito.exceptions.misusing.CannotStubVoidMethodWithReturnValue	CannotStubVoidMethodWithReturnValue(java.lang.String)	0	1	[false]	false	public	false	file:///private/tmp/projects/mockito/src/main/java/org/mockito/exceptions/misusing/CannotStubVoidMethodWithReturnValue.java
2199	org.mockito.exceptions.misusing.UnfinishedStubbingException	UnfinishedStubbingException(java.lang.String)	0	1	[false]	false	public	false	file:///private/tmp/projects/mockito/src/main/java/org/mockito/exceptions/misusing/UnfinishedStubbingException.java
2200	org.mockito.exceptions.misusing.NullInsteadOfMockException	NullInsteadOfMockException(java.lang.String)	0	1	[false]	false	public	false	file:///private/tmp/projects/mockito/src/main/java/org/mockito/exceptions/misusing/NullInsteadOfMockException.java
2201	org.mockito.exceptions.misusing.WrongTypeOfReturnValue	WrongTypeOfReturnValue(java.lang.String)	0	1	[false]	false	public	false	file:///private/tmp/projects/mockito/src/main/java/org/mockito/exceptions/misusing/WrongTypeOfReturnValue.java
2202	org.mockito.exceptions.misusing.CannotVerifyStubOnlyMock	CannotVerifyStubOnlyMock(java.lang.String)	0	1	[false]	false	public	false	file:///private/tmp/projects/mockito/src/main/java/org/mockito/exceptions/misusing/CannotVerifyStubOnlyMock.java
2203	org.mockito.exceptions.misusing.UnfinishedVerificationException	UnfinishedVerificationException(java.lang.String)	0	1	[false]	false	public	false	file:///private/tmp/projects/mockito/src/main/java/org/mockito/exceptions/misusing/UnfinishedVerificationException.java
2204	org.mockito.exceptions.misusing.InvalidUseOfMatchersException	InvalidUseOfMatchersException(java.lang.String)	0	1	[false]	false	public	false	file:///private/tmp/projects/mockito/src/main/java/org/mockito/exceptions/misusing/InvalidUseOfMatchersException.java
2205	org.mockito.exceptions.misusing.InvalidUseOfMatchersException	InvalidUseOfMatchersException()	0	0	[]	false	public	false	file:///private/tmp/projects/mockito/src/main/java/org/mockito/exceptions/misusing/InvalidUseOfMatchersException.java
2206	org.mockito.exceptions.misusing.InjectMocksException	InjectMocksException(java.lang.String,java.lang.Throwable)	0	2	[false, false]	false	public	false	file:///private/tmp/projects/mockito/src/main/java/org/mockito/exceptions/misusing/InjectMocksException.java
2207	org.mockito.exceptions.misusing.FriendlyReminderException	FriendlyReminderException(java.lang.String)	0	1	[false]	false	public	false	file:///private/tmp/projects/mockito/src/main/java/org/mockito/exceptions/misusing/FriendlyReminderException.java
2208	org.mockito.exceptions.misusing.PotentialStubbingProblem	PotentialStubbingProblem(java.lang.String)	0	1	[false]	false	public	false	file:///private/tmp/projects/mockito/src/main/java/org/mockito/exceptions/misusing/PotentialStubbingProblem.java
2209	org.mockito.exceptions.misusing.MissingMethodInvocationException	MissingMethodInvocationException(java.lang.String)	0	1	[false]	false	public	false	file:///private/tmp/projects/mockito/src/main/java/org/mockito/exceptions/misusing/MissingMethodInvocationException.java
2210	org.mockito.exceptions.misusing.NotAMockException	NotAMockException(java.lang.String)	0	1	[false]	false	public	false	file:///private/tmp/projects/mockito/src/main/java/org/mockito/exceptions/misusing/NotAMockException.java
2211	org.mockito.exceptions.misusing.MockitoConfigurationException	MockitoConfigurationException(java.lang.String)	0	1	[false]	false	public	false	file:///private/tmp/projects/mockito/src/main/java/org/mockito/exceptions/misusing/MockitoConfigurationException.java
2212	org.mockito.exceptions.misusing.MockitoConfigurationException	MockitoConfigurationException(java.lang.String,java.lang.Exception)	0	2	[false, false]	false	public	false	file:///private/tmp/projects/mockito/src/main/java/org/mockito/exceptions/misusing/MockitoConfigurationException.java
2213	org.mockito.exceptions.verification.TooManyActualInvocations	TooManyActualInvocations(java.lang.String)	0	1	[false]	false	public	false	file:///private/tmp/projects/mockito/src/main/java/org/mockito/exceptions/verification/TooManyActualInvocations.java
2214	org.mockito.exceptions.verification.TooLittleActualInvocations	TooLittleActualInvocations(java.lang.String)	0	1	[false]	false	public	false	file:///private/tmp/projects/mockito/src/main/java/org/mockito/exceptions/verification/TooLittleActualInvocations.java
2215	org.mockito.exceptions.verification.WantedButNotInvoked	WantedButNotInvoked(java.lang.String)	0	1	[false]	false	public	false	file:///private/tmp/projects/mockito/src/main/java/org/mockito/exceptions/verification/WantedButNotInvoked.java
2216	org.mockito.exceptions.verification.WantedButNotInvoked	toString()	2217	0	[]	false	public	true	file:///private/tmp/projects/mockito/src/main/java/org/mockito/exceptions/verification/WantedButNotInvoked.java
2218	org.mockito.exceptions.verification.junit.ArgumentsAreDifferent	ArgumentsAreDifferent(java.lang.String,java.lang.String,java.lang.String)	0	3	[false, false, false]	false	public	false	file:///private/tmp/projects/mockito/src/main/java/org/mockito/exceptions/verification/junit/ArgumentsAreDifferent.java
2219	org.mockito.exceptions.verification.junit.ArgumentsAreDifferent	getMessage()	2220	0	[]	false	public	true	file:///private/tmp/projects/mockito/src/main/java/org/mockito/exceptions/verification/junit/ArgumentsAreDifferent.java
2221	org.mockito.exceptions.verification.junit.ArgumentsAreDifferent	getUnfilteredStackTrace()	0	0	[]	false	public	true	file:///private/tmp/projects/mockito/src/main/java/org/mockito/exceptions/verification/junit/ArgumentsAreDifferent.java
2222	org.mockito.exceptions.verification.junit.ArgumentsAreDifferent	toString()	2217	0	[]	false	public	true	file:///private/tmp/projects/mockito/src/main/java/org/mockito/exceptions/verification/junit/ArgumentsAreDifferent.java
2223	org.mockito.exceptions.verification.NeverWantedButInvoked	NeverWantedButInvoked(java.lang.String)	0	1	[false]	false	public	false	file:///private/tmp/projects/mockito/src/main/java/org/mockito/exceptions/verification/NeverWantedButInvoked.java
2224	org.mockito.exceptions.verification.SmartNullPointerException	SmartNullPointerException(java.lang.String)	0	1	[false]	false	public	false	file:///private/tmp/projects/mockito/src/main/java/org/mockito/exceptions/verification/SmartNullPointerException.java
2225	org.mockito.exceptions.verification.VerificationInOrderFailure	VerificationInOrderFailure(java.lang.String)	0	1	[false]	false	public	false	file:///private/tmp/projects/mockito/src/main/java/org/mockito/exceptions/verification/VerificationInOrderFailure.java
2226	org.mockito.exceptions.verification.NoInteractionsWanted	NoInteractionsWanted(java.lang.String)	0	1	[false]	false	public	false	file:///private/tmp/projects/mockito/src/main/java/org/mockito/exceptions/verification/NoInteractionsWanted.java
2227	org.mockito.exceptions.verification.ArgumentsAreDifferent	ArgumentsAreDifferent(java.lang.String)	0	1	[false]	false	public	false	file:///private/tmp/projects/mockito/src/main/java/org/mockito/exceptions/verification/ArgumentsAreDifferent.java
2228	org.mockito.exceptions.verification.ArgumentsAreDifferent	ArgumentsAreDifferent(java.lang.String,java.lang.String,java.lang.String)	0	3	[false, false, false]	false	public	false	file:///private/tmp/projects/mockito/src/main/java/org/mockito/exceptions/verification/ArgumentsAreDifferent.java
2229	org.mockito.exceptions.verification.ArgumentsAreDifferent	toString()	2217	0	[]	false	public	true	file:///private/tmp/projects/mockito/src/main/java/org/mockito/exceptions/verification/ArgumentsAreDifferent.java
2230	org.mockito.exceptions.verification.TooFewActualInvocations	TooFewActualInvocations(java.lang.String)	0	1	[false]	false	public	false	file:///private/tmp/projects/mockito/src/main/java/org/mockito/exceptions/verification/TooFewActualInvocations.java
2231	org.mockito.exceptions.verification.opentest4j.ArgumentsAreDifferent	ArgumentsAreDifferent(java.lang.String,java.lang.String,java.lang.String)	0	3	[false, false, false]	false	public	false	file:///private/tmp/projects/mockito/src/main/java/org/mockito/exceptions/verification/opentest4j/ArgumentsAreDifferent.java
2232	org.mockito.exceptions.verification.opentest4j.ArgumentsAreDifferent	getMessage()	2233	0	[]	false	public	true	file:///private/tmp/projects/mockito/src/main/java/org/mockito/exceptions/verification/opentest4j/ArgumentsAreDifferent.java
2234	org.mockito.exceptions.verification.opentest4j.ArgumentsAreDifferent	getUnfilteredStackTrace()	0	0	[]	false	public	true	file:///private/tmp/projects/mockito/src/main/java/org/mockito/exceptions/verification/opentest4j/ArgumentsAreDifferent.java
2235	org.mockito.exceptions.verification.opentest4j.ArgumentsAreDifferent	toString()	2236	0	[]	false	public	true	file:///private/tmp/projects/mockito/src/main/java/org/mockito/exceptions/verification/opentest4j/ArgumentsAreDifferent.java
2237	org.mockito.exceptions.base.MockitoInitializationException	MockitoInitializationException(java.lang.String)	0	1	[false]	false	public	false	file:///private/tmp/projects/mockito/src/main/java/org/mockito/exceptions/base/MockitoInitializationException.java
2238	org.mockito.exceptions.base.MockitoInitializationException	MockitoInitializationException(java.lang.String,java.lang.Throwable)	0	2	[false, false]	false	public	false	file:///private/tmp/projects/mockito/src/main/java/org/mockito/exceptions/base/MockitoInitializationException.java
2239	org.mockito.exceptions.base.MockitoSerializationIssue	MockitoSerializationIssue(java.lang.String,java.lang.Exception)	0	2	[false, false]	false	public	false	file:///private/tmp/projects/mockito/src/main/java/org/mockito/exceptions/base/MockitoSerializationIssue.java
2240	org.mockito.exceptions.base.MockitoSerializationIssue	filterStackTrace()	0	0	[]	false	private	false	file:///private/tmp/projects/mockito/src/main/java/org/mockito/exceptions/base/MockitoSerializationIssue.java
2241	org.mockito.exceptions.base.MockitoSerializationIssue	getUnfilteredStackTrace()	0	0	[]	false	public	true	file:///private/tmp/projects/mockito/src/main/java/org/mockito/exceptions/base/MockitoSerializationIssue.java
2242	org.mockito.codegen.InjectionBase	InjectionBase()	0	0	[]	false	private	false	file:///private/tmp/projects/mockito/src/main/java/org/mockito/codegen/InjectionBase.java
2243	org.mockito.BDDMockito$BDDMyOngoingStubbing	willAnswer(org.mockito.stubbing.Answer<?>)	0	1	[false]	false	public	true	file:///private/tmp/projects/mockito/src/main/java/org/mockito/BDDMockito.java
2244	org.mockito.BDDMockito$BDDMyOngoingStubbing	will(org.mockito.stubbing.Answer<?>)	0	1	[false]	false	public	true	file:///private/tmp/projects/mockito/src/main/java/org/mockito/BDDMockito.java
2245	org.mockito.BDDMockito$BDDMyOngoingStubbing	willReturn(T)	0	1	[false]	false	public	true	file:///private/tmp/projects/mockito/src/main/java/org/mockito/BDDMockito.java
2246	org.mockito.BDDMockito$BDDMyOngoingStubbing	willReturn(T,T...)	0	2	[false, false]	false	public	true	file:///private/tmp/projects/mockito/src/main/java/org/mockito/BDDMockito.java
2247	org.mockito.BDDMockito$BDDMyOngoingStubbing	willThrow(java.lang.Throwable...)	0	1	[false]	false	public	true	file:///private/tmp/projects/mockito/src/main/java/org/mockito/BDDMockito.java
2248	org.mockito.BDDMockito$BDDMyOngoingStubbing	willThrow(java.lang.Class<? extends java.lang.Throwable>)	0	1	[false]	false	public	true	file:///private/tmp/projects/mockito/src/main/java/org/mockito/BDDMockito.java
2249	org.mockito.BDDMockito$BDDMyOngoingStubbing	willThrow(java.lang.Class<? extends java.lang.Throwable>,java.lang.Class<? extends java.lang.Throwable>...)	0	2	[false, false]	false	public	true	file:///private/tmp/projects/mockito/src/main/java/org/mockito/BDDMockito.java
2250	org.mockito.BDDMockito$BDDMyOngoingStubbing	willCallRealMethod()	0	0	[]	false	public	true	file:///private/tmp/projects/mockito/src/main/java/org/mockito/BDDMockito.java
2251	org.mockito.BDDMockito$BDDMyOngoingStubbing	<M>getMock()	0	0	[]	false	public	true	file:///private/tmp/projects/mockito/src/main/java/org/mockito/BDDMockito.java
2252	org.mockito.BDDMockito$BDDOngoingStubbingImpl	BDDOngoingStubbingImpl(org.mockito.stubbing.OngoingStubbing<T>)	0	1	[true]	false	public	false	file:///private/tmp/projects/mockito/src/main/java/org/mockito/BDDMockito.java
2253	org.mockito.BDDMockito$BDDOngoingStubbingImpl	willAnswer(org.mockito.stubbing.Answer<?>)	2243	1	[false]	false	public	true	file:///private/tmp/projects/mockito/src/main/java/org/mockito/BDDMockito.java
2254	org.mockito.BDDMockito$BDDOngoingStubbingImpl	will(org.mockito.stubbing.Answer<?>)	2244	1	[false]	false	public	true	file:///private/tmp/projects/mockito/src/main/java/org/mockito/BDDMockito.java
2255	org.mockito.BDDMockito$BDDOngoingStubbingImpl	willReturn(T)	2245	1	[false]	false	public	true	file:///private/tmp/projects/mockito/src/main/java/org/mockito/BDDMockito.java
2256	org.mockito.BDDMockito$BDDOngoingStubbingImpl	willReturn(T,T...)	2246	2	[false, false]	false	public	true	file:///private/tmp/projects/mockito/src/main/java/org/mockito/BDDMockito.java
2257	org.mockito.BDDMockito$BDDOngoingStubbingImpl	willThrow(java.lang.Throwable...)	2247	1	[false]	false	public	true	file:///private/tmp/projects/mockito/src/main/java/org/mockito/BDDMockito.java
2258	org.mockito.BDDMockito$BDDOngoingStubbingImpl	willThrow(java.lang.Class<? extends java.lang.Throwable>)	2248	1	[false]	false	public	true	file:///private/tmp/projects/mockito/src/main/java/org/mockito/BDDMockito.java
2259	org.mockito.BDDMockito$BDDOngoingStubbingImpl	willThrow(java.lang.Class<? extends java.lang.Throwable>,java.lang.Class<? extends java.lang.Throwable>...)	2249	2	[false, false]	false	public	true	file:///private/tmp/projects/mockito/src/main/java/org/mockito/BDDMockito.java
2260	org.mockito.BDDMockito$BDDOngoingStubbingImpl	willCallRealMethod()	2250	0	[]	false	public	true	file:///private/tmp/projects/mockito/src/main/java/org/mockito/BDDMockito.java
2261	org.mockito.BDDMockito$BDDOngoingStubbingImpl	<M>getMock()	2251	0	[]	false	public	true	file:///private/tmp/projects/mockito/src/main/java/org/mockito/BDDMockito.java
2262	org.mockito.BDDMockito	<T>given(T)	0	1	[false]	false	public	true	file:///private/tmp/projects/mockito/src/main/java/org/mockito/BDDMockito.java
2263	org.mockito.BDDMockito	<T>then(T)	0	1	[false]	false	public	true	file:///private/tmp/projects/mockito/src/main/java/org/mockito/BDDMockito.java
2264	org.mockito.BDDMockito$Then	should()	0	0	[]	false	public	true	file:///private/tmp/projects/mockito/src/main/java/org/mockito/BDDMockito.java
2265	org.mockito.BDDMockito$Then	should(org.mockito.verification.VerificationMode)	0	1	[false]	false	public	true	file:///private/tmp/projects/mockito/src/main/java/org/mockito/BDDMockito.java
2266	org.mockito.BDDMockito$Then	should(org.mockito.InOrder)	0	1	[false]	false	public	true	file:///private/tmp/projects/mockito/src/main/java/org/mockito/BDDMockito.java
2267	org.mockito.BDDMockito$Then	should(org.mockito.InOrder,org.mockito.verification.VerificationMode)	0	2	[false, false]	false	public	true	file:///private/tmp/projects/mockito/src/main/java/org/mockito/BDDMockito.java
2268	org.mockito.BDDMockito$Then	shouldHaveZeroInteractions()	0	0	[]	false	public	false	file:///private/tmp/projects/mockito/src/main/java/org/mockito/BDDMockito.java
2269	org.mockito.BDDMockito$Then	shouldHaveNoMoreInteractions()	0	0	[]	false	public	false	file:///private/tmp/projects/mockito/src/main/java/org/mockito/BDDMockito.java
2270	org.mockito.BDDMockito$Then	shouldHaveNoInteractions()	0	0	[]	false	public	false	file:///private/tmp/projects/mockito/src/main/java/org/mockito/BDDMockito.java
2271	org.mockito.BDDMockito$ThenImpl	ThenImpl(T)	0	1	[false]	false	package	false	file:///private/tmp/projects/mockito/src/main/java/org/mockito/BDDMockito.java
2272	org.mockito.BDDMockito$ThenImpl	should()	2264	0	[]	false	public	true	file:///private/tmp/projects/mockito/src/main/java/org/mockito/BDDMockito.java
2273	org.mockito.BDDMockito$ThenImpl	should(org.mockito.verification.VerificationMode)	2265	1	[false]	false	public	true	file:///private/tmp/projects/mockito/src/main/java/org/mockito/BDDMockito.java
2274	org.mockito.BDDMockito$ThenImpl	should(org.mockito.InOrder)	2266	1	[false]	false	public	true	file:///private/tmp/projects/mockito/src/main/java/org/mockito/BDDMockito.java
2275	org.mockito.BDDMockito$ThenImpl	should(org.mockito.InOrder,org.mockito.verification.VerificationMode)	2267	2	[false, false]	false	public	true	file:///private/tmp/projects/mockito/src/main/java/org/mockito/BDDMockito.java
2276	org.mockito.BDDMockito$ThenImpl	shouldHaveZeroInteractions()	2268	0	[]	false	public	false	file:///private/tmp/projects/mockito/src/main/java/org/mockito/BDDMockito.java
2277	org.mockito.BDDMockito$ThenImpl	shouldHaveNoMoreInteractions()	2269	0	[]	false	public	false	file:///private/tmp/projects/mockito/src/main/java/org/mockito/BDDMockito.java
2278	org.mockito.BDDMockito$ThenImpl	shouldHaveNoInteractions()	2270	0	[]	false	public	false	file:///private/tmp/projects/mockito/src/main/java/org/mockito/BDDMockito.java
2279	org.mockito.BDDMockito$BDDStubber	willAnswer(org.mockito.stubbing.Answer<?>)	0	1	[false]	false	public	true	file:///private/tmp/projects/mockito/src/main/java/org/mockito/BDDMockito.java
2280	org.mockito.BDDMockito$BDDStubber	will(org.mockito.stubbing.Answer<?>)	0	1	[false]	false	public	true	file:///private/tmp/projects/mockito/src/main/java/org/mockito/BDDMockito.java
2281	org.mockito.BDDMockito$BDDStubber	willNothing()	0	0	[]	false	public	true	file:///private/tmp/projects/mockito/src/main/java/org/mockito/BDDMockito.java
2282	org.mockito.BDDMockito$BDDStubber	willDoNothing()	0	0	[]	false	public	true	file:///private/tmp/projects/mockito/src/main/java/org/mockito/BDDMockito.java
2283	org.mockito.BDDMockito$BDDStubber	willReturn(java.lang.Object)	0	1	[false]	false	public	true	file:///private/tmp/projects/mockito/src/main/java/org/mockito/BDDMockito.java
2284	org.mockito.BDDMockito$BDDStubber	willReturn(java.lang.Object,java.lang.Object...)	0	2	[false, false]	false	public	true	file:///private/tmp/projects/mockito/src/main/java/org/mockito/BDDMockito.java
2285	org.mockito.BDDMockito$BDDStubber	willThrow(java.lang.Throwable...)	0	1	[false]	false	public	true	file:///private/tmp/projects/mockito/src/main/java/org/mockito/BDDMockito.java
2286	org.mockito.BDDMockito$BDDStubber	willThrow(java.lang.Class<? extends java.lang.Throwable>)	0	1	[false]	false	public	true	file:///private/tmp/projects/mockito/src/main/java/org/mockito/BDDMockito.java
2287	org.mockito.BDDMockito$BDDStubber	willThrow(java.lang.Class<? extends java.lang.Throwable>,java.lang.Class<? extends java.lang.Throwable>...)	0	2	[false, false]	false	public	true	file:///private/tmp/projects/mockito/src/main/java/org/mockito/BDDMockito.java
2288	org.mockito.BDDMockito$BDDStubber	willCallRealMethod()	0	0	[]	false	public	true	file:///private/tmp/projects/mockito/src/main/java/org/mockito/BDDMockito.java
2289	org.mockito.BDDMockito$BDDStubber	<T>given(T)	0	1	[false]	false	public	true	file:///private/tmp/projects/mockito/src/main/java/org/mockito/BDDMockito.java
2290	org.mockito.BDDMockito$BDDStubberImpl	BDDStubberImpl(org.mockito.stubbing.Stubber)	0	1	[false]	false	public	false	file:///private/tmp/projects/mockito/src/main/java/org/mockito/BDDMockito.java
2291	org.mockito.BDDMockito$BDDStubberImpl	<T>given(T)	2289	1	[false]	false	public	true	file:///private/tmp/projects/mockito/src/main/java/org/mockito/BDDMockito.java
2292	org.mockito.BDDMockito$BDDStubberImpl	willAnswer(org.mockito.stubbing.Answer<?>)	2279	1	[false]	false	public	true	file:///private/tmp/projects/mockito/src/main/java/org/mockito/BDDMockito.java
2293	org.mockito.BDDMockito$BDDStubberImpl	will(org.mockito.stubbing.Answer<?>)	2280	1	[false]	false	public	true	file:///private/tmp/projects/mockito/src/main/java/org/mockito/BDDMockito.java
2294	org.mockito.BDDMockito$BDDStubberImpl	willNothing()	2281	0	[]	false	public	true	file:///private/tmp/projects/mockito/src/main/java/org/mockito/BDDMockito.java
2295	org.mockito.BDDMockito$BDDStubberImpl	willDoNothing()	2282	0	[]	false	public	true	file:///private/tmp/projects/mockito/src/main/java/org/mockito/BDDMockito.java
2296	org.mockito.BDDMockito$BDDStubberImpl	willReturn(java.lang.Object)	2283	1	[false]	false	public	true	file:///private/tmp/projects/mockito/src/main/java/org/mockito/BDDMockito.java
2297	org.mockito.BDDMockito$BDDStubberImpl	willReturn(java.lang.Object,java.lang.Object...)	2284	2	[false, false]	false	public	true	file:///private/tmp/projects/mockito/src/main/java/org/mockito/BDDMockito.java
2298	org.mockito.BDDMockito$BDDStubberImpl	willThrow(java.lang.Throwable...)	2285	1	[false]	false	public	true	file:///private/tmp/projects/mockito/src/main/java/org/mockito/BDDMockito.java
2299	org.mockito.BDDMockito$BDDStubberImpl	willThrow(java.lang.Class<? extends java.lang.Throwable>)	2286	1	[false]	false	public	true	file:///private/tmp/projects/mockito/src/main/java/org/mockito/BDDMockito.java
2300	org.mockito.BDDMockito$BDDStubberImpl	willThrow(java.lang.Class<? extends java.lang.Throwable>,java.lang.Class<? extends java.lang.Throwable>...)	2287	2	[false, false]	false	public	true	file:///private/tmp/projects/mockito/src/main/java/org/mockito/BDDMockito.java
2301	org.mockito.BDDMockito$BDDStubberImpl	willCallRealMethod()	2288	0	[]	false	public	true	file:///private/tmp/projects/mockito/src/main/java/org/mockito/BDDMockito.java
2302	org.mockito.BDDMockito	willThrow(java.lang.Throwable...)	0	1	[false]	false	public	true	file:///private/tmp/projects/mockito/src/main/java/org/mockito/BDDMockito.java
2303	org.mockito.BDDMockito	willThrow(java.lang.Class<? extends java.lang.Throwable>)	0	1	[false]	false	public	true	file:///private/tmp/projects/mockito/src/main/java/org/mockito/BDDMockito.java
2304	org.mockito.BDDMockito	willThrow(java.lang.Class<? extends java.lang.Throwable>,java.lang.Class<? extends java.lang.Throwable>...)	0	2	[false, false]	false	public	true	file:///private/tmp/projects/mockito/src/main/java/org/mockito/BDDMockito.java
2305	org.mockito.BDDMockito	willAnswer(org.mockito.stubbing.Answer<?>)	0	1	[false]	false	public	true	file:///private/tmp/projects/mockito/src/main/java/org/mockito/BDDMockito.java
2306	org.mockito.BDDMockito	will(org.mockito.stubbing.Answer<?>)	0	1	[false]	false	public	true	file:///private/tmp/projects/mockito/src/main/java/org/mockito/BDDMockito.java
2307	org.mockito.BDDMockito	willDoNothing()	0	0	[]	false	public	true	file:///private/tmp/projects/mockito/src/main/java/org/mockito/BDDMockito.java
2308	org.mockito.BDDMockito	willReturn(java.lang.Object)	0	1	[false]	false	public	true	file:///private/tmp/projects/mockito/src/main/java/org/mockito/BDDMockito.java
2309	org.mockito.BDDMockito	willReturn(java.lang.Object,java.lang.Object...)	0	2	[false, false]	false	public	true	file:///private/tmp/projects/mockito/src/main/java/org/mockito/BDDMockito.java
2310	org.mockito.BDDMockito	willCallRealMethod()	0	0	[]	false	public	true	file:///private/tmp/projects/mockito/src/main/java/org/mockito/BDDMockito.java
2311	org.mockito.verification.Timeout	Timeout(long,org.mockito.verification.VerificationMode)	0	2	[false, false]	false	public	false	file:///private/tmp/projects/mockito/src/main/java/org/mockito/verification/Timeout.java
2312	org.mockito.verification.Timeout	Timeout(long,long,org.mockito.verification.VerificationMode)	0	3	[false, false, false]	false	package	false	file:///private/tmp/projects/mockito/src/main/java/org/mockito/verification/Timeout.java
2313	org.mockito.verification.Timeout	Timeout(long,org.mockito.verification.VerificationMode,org.mockito.internal.util.Timer)	0	3	[false, false, false]	false	package	false	file:///private/tmp/projects/mockito/src/main/java/org/mockito/verification/Timeout.java
2314	org.mockito.verification.Timeout	Timeout(org.mockito.internal.verification.VerificationOverTimeImpl)	0	1	[false]	false	package	false	file:///private/tmp/projects/mockito/src/main/java/org/mockito/verification/Timeout.java
2315	org.mockito.verification.Timeout	copySelfWithNewVerificationMode(org.mockito.verification.VerificationMode)	1502	1	[false]	false	protected	true	file:///private/tmp/projects/mockito/src/main/java/org/mockito/verification/Timeout.java
2316	org.mockito.verification.Timeout	atMost(int)	1508	1	[false]	false	public	true	file:///private/tmp/projects/mockito/src/main/java/org/mockito/verification/Timeout.java
2317	org.mockito.verification.Timeout	never()	1504	0	[]	false	public	true	file:///private/tmp/projects/mockito/src/main/java/org/mockito/verification/Timeout.java
2318	org.mockito.verification.After	After(long,org.mockito.verification.VerificationMode)	0	2	[false, false]	false	public	false	file:///private/tmp/projects/mockito/src/main/java/org/mockito/verification/After.java
2319	org.mockito.verification.After	After(long,long,org.mockito.verification.VerificationMode)	0	3	[false, false, false]	false	package	false	file:///private/tmp/projects/mockito/src/main/java/org/mockito/verification/After.java
2320	org.mockito.verification.After	After(org.mockito.internal.verification.VerificationOverTimeImpl)	0	1	[false]	false	package	false	file:///private/tmp/projects/mockito/src/main/java/org/mockito/verification/After.java
2321	org.mockito.verification.After	copySelfWithNewVerificationMode(org.mockito.verification.VerificationMode)	1502	1	[false]	false	protected	true	file:///private/tmp/projects/mockito/src/main/java/org/mockito/verification/After.java
2322	org.mockito.AdditionalAnswers	<T>returnsFirstArg()	0	0	[]	false	public	true	file:///private/tmp/projects/mockito/src/main/java/org/mockito/AdditionalAnswers.java
2323	org.mockito.AdditionalAnswers	<T>returnsSecondArg()	0	0	[]	false	public	true	file:///private/tmp/projects/mockito/src/main/java/org/mockito/AdditionalAnswers.java
2324	org.mockito.AdditionalAnswers	<T>returnsLastArg()	0	0	[]	false	public	true	file:///private/tmp/projects/mockito/src/main/java/org/mockito/AdditionalAnswers.java
2325	org.mockito.AdditionalAnswers	<T>returnsArgAt(int)	0	1	[false]	false	public	true	file:///private/tmp/projects/mockito/src/main/java/org/mockito/AdditionalAnswers.java
2326	org.mockito.AdditionalAnswers	<T>delegatesTo(java.lang.Object)	0	1	[false]	false	public	true	file:///private/tmp/projects/mockito/src/main/java/org/mockito/AdditionalAnswers.java
2327	org.mockito.AdditionalAnswers	<T>returnsElementsOf(java.util.Collection<?>)	0	1	[false]	false	public	true	file:///private/tmp/projects/mockito/src/main/java/org/mockito/AdditionalAnswers.java
2328	org.mockito.AdditionalAnswers	<T>answersWithDelay(long,org.mockito.stubbing.Answer<T>)	0	2	[false, false]	false	public	true	file:///private/tmp/projects/mockito/src/main/java/org/mockito/AdditionalAnswers.java
2329	org.mockito.AdditionalAnswers	<T,A>answer(org.mockito.stubbing.Answer1<T,A>)	0	1	[false]	false	public	true	file:///private/tmp/projects/mockito/src/main/java/org/mockito/AdditionalAnswers.java
2330	org.mockito.AdditionalAnswers	<A>answerVoid(org.mockito.stubbing.VoidAnswer1<A>)	0	1	[false]	false	public	true	file:///private/tmp/projects/mockito/src/main/java/org/mockito/AdditionalAnswers.java
2331	org.mockito.AdditionalAnswers	<T,A,B>answer(org.mockito.stubbing.Answer2<T,A,B>)	0	1	[false]	false	public	true	file:///private/tmp/projects/mockito/src/main/java/org/mockito/AdditionalAnswers.java
2332	org.mockito.AdditionalAnswers	<A,B>answerVoid(org.mockito.stubbing.VoidAnswer2<A,B>)	0	1	[false]	false	public	true	file:///private/tmp/projects/mockito/src/main/java/org/mockito/AdditionalAnswers.java
2333	org.mockito.AdditionalAnswers	<T,A,B,C>answer(org.mockito.stubbing.Answer3<T,A,B,C>)	0	1	[false]	false	public	true	file:///private/tmp/projects/mockito/src/main/java/org/mockito/AdditionalAnswers.java
2334	org.mockito.AdditionalAnswers	<A,B,C>answerVoid(org.mockito.stubbing.VoidAnswer3<A,B,C>)	0	1	[false]	false	public	true	file:///private/tmp/projects/mockito/src/main/java/org/mockito/AdditionalAnswers.java
2335	org.mockito.AdditionalAnswers	<T,A,B,C,D>answer(org.mockito.stubbing.Answer4<T,A,B,C,D>)	0	1	[false]	false	public	true	file:///private/tmp/projects/mockito/src/main/java/org/mockito/AdditionalAnswers.java
2336	org.mockito.AdditionalAnswers	<A,B,C,D>answerVoid(org.mockito.stubbing.VoidAnswer4<A,B,C,D>)	0	1	[false]	false	public	true	file:///private/tmp/projects/mockito/src/main/java/org/mockito/AdditionalAnswers.java
2337	org.mockito.AdditionalAnswers	<T,A,B,C,D,E>answer(org.mockito.stubbing.Answer5<T,A,B,C,D,E>)	0	1	[false]	false	public	true	file:///private/tmp/projects/mockito/src/main/java/org/mockito/AdditionalAnswers.java
2338	org.mockito.AdditionalAnswers	<A,B,C,D,E>answerVoid(org.mockito.stubbing.VoidAnswer5<A,B,C,D,E>)	0	1	[false]	false	public	true	file:///private/tmp/projects/mockito/src/main/java/org/mockito/AdditionalAnswers.java
2339	org.mockito.AdditionalAnswers	<T,A,B,C,D,E,F>answer(org.mockito.stubbing.Answer6<T,A,B,C,D,E,F>)	0	1	[false]	false	public	true	file:///private/tmp/projects/mockito/src/main/java/org/mockito/AdditionalAnswers.java
2340	org.mockito.AdditionalAnswers	<A,B,C,D,E,F>answerVoid(org.mockito.stubbing.VoidAnswer6<A,B,C,D,E,F>)	0	1	[false]	false	public	true	file:///private/tmp/projects/mockito/src/main/java/org/mockito/AdditionalAnswers.java
2341	org.mockito.AdditionalMatchers	<T>geq(T)	0	1	[false]	true	public	true	file:///private/tmp/projects/mockito/src/main/java/org/mockito/AdditionalMatchers.java
2342	org.mockito.AdditionalMatchers	geq(byte)	0	1	[false]	false	public	false	file:///private/tmp/projects/mockito/src/main/java/org/mockito/AdditionalMatchers.java
2343	org.mockito.AdditionalMatchers	geq(double)	0	1	[false]	false	public	false	file:///private/tmp/projects/mockito/src/main/java/org/mockito/AdditionalMatchers.java
2344	org.mockito.AdditionalMatchers	geq(float)	0	1	[false]	false	public	false	file:///private/tmp/projects/mockito/src/main/java/org/mockito/AdditionalMatchers.java
2345	org.mockito.AdditionalMatchers	geq(int)	0	1	[false]	false	public	false	file:///private/tmp/projects/mockito/src/main/java/org/mockito/AdditionalMatchers.java
2346	org.mockito.AdditionalMatchers	geq(long)	0	1	[false]	false	public	false	file:///private/tmp/projects/mockito/src/main/java/org/mockito/AdditionalMatchers.java
2347	org.mockito.AdditionalMatchers	geq(short)	0	1	[false]	false	public	false	file:///private/tmp/projects/mockito/src/main/java/org/mockito/AdditionalMatchers.java
2348	org.mockito.AdditionalMatchers	<T>leq(T)	0	1	[false]	true	public	true	file:///private/tmp/projects/mockito/src/main/java/org/mockito/AdditionalMatchers.java
2349	org.mockito.AdditionalMatchers	leq(byte)	0	1	[false]	false	public	false	file:///private/tmp/projects/mockito/src/main/java/org/mockito/AdditionalMatchers.java
2350	org.mockito.AdditionalMatchers	leq(double)	0	1	[false]	false	public	false	file:///private/tmp/projects/mockito/src/main/java/org/mockito/AdditionalMatchers.java
2351	org.mockito.AdditionalMatchers	leq(float)	0	1	[false]	false	public	false	file:///private/tmp/projects/mockito/src/main/java/org/mockito/AdditionalMatchers.java
2352	org.mockito.AdditionalMatchers	leq(int)	0	1	[false]	false	public	false	file:///private/tmp/projects/mockito/src/main/java/org/mockito/AdditionalMatchers.java
2353	org.mockito.AdditionalMatchers	leq(long)	0	1	[false]	false	public	false	file:///private/tmp/projects/mockito/src/main/java/org/mockito/AdditionalMatchers.java
2354	org.mockito.AdditionalMatchers	leq(short)	0	1	[false]	false	public	false	file:///private/tmp/projects/mockito/src/main/java/org/mockito/AdditionalMatchers.java
2355	org.mockito.AdditionalMatchers	<T>gt(T)	0	1	[false]	true	public	true	file:///private/tmp/projects/mockito/src/main/java/org/mockito/AdditionalMatchers.java
2356	org.mockito.AdditionalMatchers	gt(byte)	0	1	[false]	false	public	false	file:///private/tmp/projects/mockito/src/main/java/org/mockito/AdditionalMatchers.java
2357	org.mockito.AdditionalMatchers	gt(double)	0	1	[false]	false	public	false	file:///private/tmp/projects/mockito/src/main/java/org/mockito/AdditionalMatchers.java
2358	org.mockito.AdditionalMatchers	gt(float)	0	1	[false]	false	public	false	file:///private/tmp/projects/mockito/src/main/java/org/mockito/AdditionalMatchers.java
2359	org.mockito.AdditionalMatchers	gt(int)	0	1	[false]	false	public	false	file:///private/tmp/projects/mockito/src/main/java/org/mockito/AdditionalMatchers.java
2360	org.mockito.AdditionalMatchers	gt(long)	0	1	[false]	false	public	false	file:///private/tmp/projects/mockito/src/main/java/org/mockito/AdditionalMatchers.java
2361	org.mockito.AdditionalMatchers	gt(short)	0	1	[false]	false	public	false	file:///private/tmp/projects/mockito/src/main/java/org/mockito/AdditionalMatchers.java
2362	org.mockito.AdditionalMatchers	<T>lt(T)	0	1	[false]	true	public	true	file:///private/tmp/projects/mockito/src/main/java/org/mockito/AdditionalMatchers.java
2363	org.mockito.AdditionalMatchers	lt(byte)	0	1	[false]	false	public	false	file:///private/tmp/projects/mockito/src/main/java/org/mockito/AdditionalMatchers.java
2364	org.mockito.AdditionalMatchers	lt(double)	0	1	[false]	false	public	false	file:///private/tmp/projects/mockito/src/main/java/org/mockito/AdditionalMatchers.java
2365	org.mockito.AdditionalMatchers	lt(float)	0	1	[false]	false	public	false	file:///private/tmp/projects/mockito/src/main/java/org/mockito/AdditionalMatchers.java
2366	org.mockito.AdditionalMatchers	lt(int)	0	1	[false]	false	public	false	file:///private/tmp/projects/mockito/src/main/java/org/mockito/AdditionalMatchers.java
2367	org.mockito.AdditionalMatchers	lt(long)	0	1	[false]	false	public	false	file:///private/tmp/projects/mockito/src/main/java/org/mockito/AdditionalMatchers.java
2368	org.mockito.AdditionalMatchers	lt(short)	0	1	[false]	false	public	false	file:///private/tmp/projects/mockito/src/main/java/org/mockito/AdditionalMatchers.java
2369	org.mockito.AdditionalMatchers	<T>cmpEq(T)	0	1	[false]	true	public	true	file:///private/tmp/projects/mockito/src/main/java/org/mockito/AdditionalMatchers.java
2370	org.mockito.AdditionalMatchers	find(java.lang.String)	0	1	[false]	true	public	true	file:///private/tmp/projects/mockito/src/main/java/org/mockito/AdditionalMatchers.java
2371	org.mockito.AdditionalMatchers	<T>aryEq(T[])	0	1	[false]	true	public	true	file:///private/tmp/projects/mockito/src/main/java/org/mockito/AdditionalMatchers.java
2372	org.mockito.AdditionalMatchers	aryEq(short[])	0	1	[false]	true	public	true	file:///private/tmp/projects/mockito/src/main/java/org/mockito/AdditionalMatchers.java
2373	org.mockito.AdditionalMatchers	aryEq(long[])	0	1	[false]	true	public	true	file:///private/tmp/projects/mockito/src/main/java/org/mockito/AdditionalMatchers.java
2374	org.mockito.AdditionalMatchers	aryEq(int[])	0	1	[false]	true	public	true	file:///private/tmp/projects/mockito/src/main/java/org/mockito/AdditionalMatchers.java
2375	org.mockito.AdditionalMatchers	aryEq(float[])	0	1	[false]	true	public	true	file:///private/tmp/projects/mockito/src/main/java/org/mockito/AdditionalMatchers.java
2376	org.mockito.AdditionalMatchers	aryEq(double[])	0	1	[false]	true	public	true	file:///private/tmp/projects/mockito/src/main/java/org/mockito/AdditionalMatchers.java
2377	org.mockito.AdditionalMatchers	aryEq(char[])	0	1	[false]	true	public	true	file:///private/tmp/projects/mockito/src/main/java/org/mockito/AdditionalMatchers.java
2378	org.mockito.AdditionalMatchers	aryEq(byte[])	0	1	[false]	true	public	true	file:///private/tmp/projects/mockito/src/main/java/org/mockito/AdditionalMatchers.java
2379	org.mockito.AdditionalMatchers	aryEq(boolean[])	0	1	[false]	true	public	true	file:///private/tmp/projects/mockito/src/main/java/org/mockito/AdditionalMatchers.java
2380	org.mockito.AdditionalMatchers	and(boolean,boolean)	0	2	[false, false]	false	public	false	file:///private/tmp/projects/mockito/src/main/java/org/mockito/AdditionalMatchers.java
2381	org.mockito.AdditionalMatchers	and(byte,byte)	0	2	[false, false]	false	public	false	file:///private/tmp/projects/mockito/src/main/java/org/mockito/AdditionalMatchers.java
2382	org.mockito.AdditionalMatchers	and(char,char)	0	2	[false, false]	false	public	false	file:///private/tmp/projects/mockito/src/main/java/org/mockito/AdditionalMatchers.java
2383	org.mockito.AdditionalMatchers	and(double,double)	0	2	[false, false]	false	public	false	file:///private/tmp/projects/mockito/src/main/java/org/mockito/AdditionalMatchers.java
2384	org.mockito.AdditionalMatchers	and(float,float)	0	2	[false, false]	false	public	false	file:///private/tmp/projects/mockito/src/main/java/org/mockito/AdditionalMatchers.java
2385	org.mockito.AdditionalMatchers	and(int,int)	0	2	[false, false]	false	public	false	file:///private/tmp/projects/mockito/src/main/java/org/mockito/AdditionalMatchers.java
2386	org.mockito.AdditionalMatchers	and(long,long)	0	2	[false, false]	false	public	false	file:///private/tmp/projects/mockito/src/main/java/org/mockito/AdditionalMatchers.java
2387	org.mockito.AdditionalMatchers	and(short,short)	0	2	[false, false]	false	public	false	file:///private/tmp/projects/mockito/src/main/java/org/mockito/AdditionalMatchers.java
2388	org.mockito.AdditionalMatchers	<T>and(T,T)	0	2	[false, false]	true	public	true	file:///private/tmp/projects/mockito/src/main/java/org/mockito/AdditionalMatchers.java
2389	org.mockito.AdditionalMatchers	or(boolean,boolean)	0	2	[false, false]	false	public	false	file:///private/tmp/projects/mockito/src/main/java/org/mockito/AdditionalMatchers.java
2390	org.mockito.AdditionalMatchers	<T>or(T,T)	0	2	[true, true]	true	public	true	file:///private/tmp/projects/mockito/src/main/java/org/mockito/AdditionalMatchers.java
2391	org.mockito.AdditionalMatchers	or(short,short)	0	2	[false, false]	false	public	false	file:///private/tmp/projects/mockito/src/main/java/org/mockito/AdditionalMatchers.java
2392	org.mockito.AdditionalMatchers	or(long,long)	0	2	[false, false]	false	public	false	file:///private/tmp/projects/mockito/src/main/java/org/mockito/AdditionalMatchers.java
2393	org.mockito.AdditionalMatchers	or(int,int)	0	2	[false, false]	false	public	false	file:///private/tmp/projects/mockito/src/main/java/org/mockito/AdditionalMatchers.java
2394	org.mockito.AdditionalMatchers	or(float,float)	0	2	[false, false]	false	public	false	file:///private/tmp/projects/mockito/src/main/java/org/mockito/AdditionalMatchers.java
2395	org.mockito.AdditionalMatchers	or(double,double)	0	2	[false, false]	false	public	false	file:///private/tmp/projects/mockito/src/main/java/org/mockito/AdditionalMatchers.java
2396	org.mockito.AdditionalMatchers	or(char,char)	0	2	[false, false]	false	public	false	file:///private/tmp/projects/mockito/src/main/java/org/mockito/AdditionalMatchers.java
2397	org.mockito.AdditionalMatchers	or(byte,byte)	0	2	[false, false]	false	public	false	file:///private/tmp/projects/mockito/src/main/java/org/mockito/AdditionalMatchers.java
2398	org.mockito.AdditionalMatchers	<T>not(T)	0	1	[false]	true	public	true	file:///private/tmp/projects/mockito/src/main/java/org/mockito/AdditionalMatchers.java
2399	org.mockito.AdditionalMatchers	not(short)	0	1	[false]	false	public	false	file:///private/tmp/projects/mockito/src/main/java/org/mockito/AdditionalMatchers.java
2400	org.mockito.AdditionalMatchers	not(int)	0	1	[false]	false	public	false	file:///private/tmp/projects/mockito/src/main/java/org/mockito/AdditionalMatchers.java
2401	org.mockito.AdditionalMatchers	not(long)	0	1	[false]	false	public	false	file:///private/tmp/projects/mockito/src/main/java/org/mockito/AdditionalMatchers.java
2402	org.mockito.AdditionalMatchers	not(float)	0	1	[false]	false	public	false	file:///private/tmp/projects/mockito/src/main/java/org/mockito/AdditionalMatchers.java
2403	org.mockito.AdditionalMatchers	not(double)	0	1	[false]	false	public	false	file:///private/tmp/projects/mockito/src/main/java/org/mockito/AdditionalMatchers.java
2404	org.mockito.AdditionalMatchers	not(char)	0	1	[false]	false	public	false	file:///private/tmp/projects/mockito/src/main/java/org/mockito/AdditionalMatchers.java
2405	org.mockito.AdditionalMatchers	not(boolean)	0	1	[false]	false	public	false	file:///private/tmp/projects/mockito/src/main/java/org/mockito/AdditionalMatchers.java
2406	org.mockito.AdditionalMatchers	not(byte)	0	1	[false]	false	public	false	file:///private/tmp/projects/mockito/src/main/java/org/mockito/AdditionalMatchers.java
2407	org.mockito.AdditionalMatchers	eq(double,double)	0	2	[false, false]	false	public	false	file:///private/tmp/projects/mockito/src/main/java/org/mockito/AdditionalMatchers.java
2408	org.mockito.AdditionalMatchers	eq(float,float)	0	2	[false, false]	false	public	false	file:///private/tmp/projects/mockito/src/main/java/org/mockito/AdditionalMatchers.java
2409	org.mockito.AdditionalMatchers	reportMatcher(org.mockito.ArgumentMatcher<?>)	0	1	[false]	false	private	false	file:///private/tmp/projects/mockito/src/main/java/org/mockito/AdditionalMatchers.java
2410	org.mockito.runners.ConsoleSpammingMockitoJUnitRunner	ConsoleSpammingMockitoJUnitRunner(java.lang.Class<?>)	0	1	[false]	false	public	false	file:///private/tmp/projects/mockito/src/main/java/org/mockito/runners/ConsoleSpammingMockitoJUnitRunner.java
2411	org.mockito.runners.ConsoleSpammingMockitoJUnitRunner	ConsoleSpammingMockitoJUnitRunner(org.mockito.plugins.MockitoLogger,org.mockito.internal.runners.InternalRunner)	0	2	[false, false]	false	package	false	file:///private/tmp/projects/mockito/src/main/java/org/mockito/runners/ConsoleSpammingMockitoJUnitRunner.java
2412	org.mockito.runners.ConsoleSpammingMockitoJUnitRunner	run(org.junit.runner.notification.RunNotifier)	241	1	[false]	false	public	false	file:///private/tmp/projects/mockito/src/main/java/org/mockito/runners/ConsoleSpammingMockitoJUnitRunner.java
2413	org.mockito.runners.ConsoleSpammingMockitoJUnitRunner$1	testStarted(org.junit.runner.Description)	2414	1	[false]	false	public	false	file:///private/tmp/projects/mockito/src/main/java/org/mockito/runners/ConsoleSpammingMockitoJUnitRunner.java
2415	org.mockito.runners.ConsoleSpammingMockitoJUnitRunner$1	testFailure(org.junit.runner.notification.Failure)	1874	1	[false]	false	public	false	file:///private/tmp/projects/mockito/src/main/java/org/mockito/runners/ConsoleSpammingMockitoJUnitRunner.java
2416	org.mockito.runners.ConsoleSpammingMockitoJUnitRunner	getDescription()	243	0	[]	false	public	true	file:///private/tmp/projects/mockito/src/main/java/org/mockito/runners/ConsoleSpammingMockitoJUnitRunner.java
2417	org.mockito.runners.ConsoleSpammingMockitoJUnitRunner	filter(org.junit.runner.manipulation.Filter)	245	1	[false]	false	public	false	file:///private/tmp/projects/mockito/src/main/java/org/mockito/runners/ConsoleSpammingMockitoJUnitRunner.java
2418	org.mockito.runners.VerboseMockitoJUnitRunner	VerboseMockitoJUnitRunner(java.lang.Class<?>)	0	1	[false]	false	public	false	file:///private/tmp/projects/mockito/src/main/java/org/mockito/runners/VerboseMockitoJUnitRunner.java
2419	org.mockito.runners.VerboseMockitoJUnitRunner	VerboseMockitoJUnitRunner(org.mockito.internal.runners.InternalRunner)	0	1	[false]	false	package	false	file:///private/tmp/projects/mockito/src/main/java/org/mockito/runners/VerboseMockitoJUnitRunner.java
2420	org.mockito.runners.VerboseMockitoJUnitRunner	run(org.junit.runner.notification.RunNotifier)	241	1	[false]	false	public	false	file:///private/tmp/projects/mockito/src/main/java/org/mockito/runners/VerboseMockitoJUnitRunner.java
2421	org.mockito.runners.VerboseMockitoJUnitRunner$1	testStarted(org.junit.runner.Description)	2414	1	[false]	false	public	false	file:///private/tmp/projects/mockito/src/main/java/org/mockito/runners/VerboseMockitoJUnitRunner.java
2422	org.mockito.runners.VerboseMockitoJUnitRunner$1	testFailure(org.junit.runner.notification.Failure)	1874	1	[false]	false	public	false	file:///private/tmp/projects/mockito/src/main/java/org/mockito/runners/VerboseMockitoJUnitRunner.java
2423	org.mockito.runners.VerboseMockitoJUnitRunner	getDescription()	243	0	[]	false	public	true	file:///private/tmp/projects/mockito/src/main/java/org/mockito/runners/VerboseMockitoJUnitRunner.java
2424	org.mockito.runners.VerboseMockitoJUnitRunner	filter(org.junit.runner.manipulation.Filter)	245	1	[false]	false	public	false	file:///private/tmp/projects/mockito/src/main/java/org/mockito/runners/VerboseMockitoJUnitRunner.java
2425	org.mockito.runners.MockitoJUnitRunner$Silent	Silent(java.lang.Class<?>)	0	1	[false]	false	public	false	file:///private/tmp/projects/mockito/src/main/java/org/mockito/runners/MockitoJUnitRunner.java
2426	org.mockito.runners.MockitoJUnitRunner$Strict	Strict(java.lang.Class<?>)	0	1	[false]	false	public	false	file:///private/tmp/projects/mockito/src/main/java/org/mockito/runners/MockitoJUnitRunner.java
2427	org.mockito.runners.MockitoJUnitRunner	MockitoJUnitRunner(java.lang.Class<?>)	0	1	[false]	false	public	false	file:///private/tmp/projects/mockito/src/main/java/org/mockito/runners/MockitoJUnitRunner.java
2428	org.mockito.runners.MockitoJUnitRunner	run(org.junit.runner.notification.RunNotifier)	240	1	[false]	false	public	false	file:///private/tmp/projects/mockito/src/main/java/org/mockito/runners/MockitoJUnitRunner.java
2429	org.mockito.runners.MockitoJUnitRunner	getDescription()	242	0	[]	false	public	true	file:///private/tmp/projects/mockito/src/main/java/org/mockito/runners/MockitoJUnitRunner.java
2430	org.mockito.runners.MockitoJUnitRunner	filter(org.junit.runner.manipulation.Filter)	244	1	[false]	false	public	false	file:///private/tmp/projects/mockito/src/main/java/org/mockito/runners/MockitoJUnitRunner.java
